{
    "z0u3y1_z0u1y1": {
        "00": 0.131,
        "10": 0.1251,
        "11": 0.131,
        "01": 0.1221
    },
    "z0u2y0_z0u2y0": {
        "00": 0.1195,
        "10": 0.1192,
        "11": 0.1259,
        "01": 0.1258
    },
    "z1y1_z0u2y1": {
        "00": 0.12305,
        "10": 0.1259,
        "11": 0.12525,
        "01": 0.1212
    },
    "z0u1y0_z0u1y1": {},
    "z0u3y0_z0u3y0": {
        "00": 0.1238,
        "10": 0.1237,
        "11": 0.1198,
        "01": 0.1281
    },
    "z1y0_z0u1y0": {
        "00": 0.1268,
        "10": 0.12495,
        "11": 0.12595,
        "01": 0.1223
    },
    "z0u3y0_z1y0": {
        "00": 0.1196,
        "10": 0.1235,
        "11": 0.1242,
        "01": 0.1266
    },
    "z0u3y1_z0u3y0": {
        "00": 0.1251,
        "10": 0.1214,
        "11": 0.1308,
        "01": 0.1256
    },
    "z0u2y0_z1y1": {
        "00": 0.1238,
        "10": 0.126,
        "11": 0.1301,
        "01": 0.1231
    },
    "z0u2y1_z0u3y1": {
        "00": 0.2489,
        "11": 0.247
    },
    "z0u3y1_z0u2y1": {
        "10": 0.2549,
        "01": 0.2505
    },
    "z0u2y0_z0u3y0": {
        "00": 0.2456,
        "11": 0.25
    },
    "z0u1y1_z0u3y0": {
        "00": 0.1278,
        "10": 0.1285,
        "11": 0.1262,
        "01": 0.1228
    },
    "z0u1y1_z0u3y1": {
        "00": 0.1255,
        "10": 0.1212,
        "11": 0.1229,
        "01": 0.1251
    },
    "z0u2y1_z0u3y0": {
        "10": 0.2561,
        "01": 0.248
    },
    "z0u1y1_z1y1": {
        "00": 0.2487,
        "10": 0.2459,
        "11": 0.2526,
        "01": 0.2528
    },
    "z0u2y1_z0u1y0": {
        "00": 0.1201,
        "10": 0.1244,
        "11": 0.1265,
        "01": 0.1289
    },
    "z1y1_z0u3y1": {
        "00": 0.1236,
        "10": 0.1239,
        "11": 0.1238,
        "01": 0.12315
    },
    "z1y0_z0u3y1": {
        "00": 0.1236,
        "10": 0.1239,
        "11": 0.1238,
        "01": 0.12315
    },
    "z0u1y0_z1y0": {
        "00": 0.253,
        "10": 0.2515,
        "11": 0.2512,
        "01": 0.2443
    },
    "z0u1y1_z1y0": {},
    "z0u1y1_z0u2y1": {
        "00": 0.1288,
        "10": 0.1312,
        "11": 0.1202,
        "01": 0.125
    },
    "z0u2y0_z0u1y0": {
        "00": 0.1231,
        "10": 0.1213,
        "11": 0.1283,
        "01": 0.1232
    },
    "z0u1y0_z0u2y1": {
        "00": 0.126,
        "10": 0.1299,
        "11": 0.125,
        "01": 0.1274
    },
    "z1y1_z0u2y0": {
        "00": 0.1269,
        "10": 0.12675,
        "11": 0.1249,
        "01": 0.12605
    },
    "z0u2y0_z0u1y1": {
        "00": 0.1271,
        "10": 0.1266,
        "11": 0.1242,
        "01": 0.1262
    },
    "z0u1y0_z0u2y0": {
        "00": 0.1227,
        "10": 0.1237,
        "11": 0.1213,
        "01": 0.124
    },
    "z1y0_z0u1y1": {
        "00": 0.1229,
        "10": 0.1234,
        "11": 0.1266,
        "01": 0.1271
    },
    "z0u3y0_z0u2y1": {
        "00": 0.2521,
        "11": 0.2485
    },
    "z1y0_z1y1": {
        "00": 0.12635,
        "10": 0.1247,
        "11": 0.12235,
        "01": 0.1266
    },
    "z0u1y1_z0u1y0": {},
    "z0u3y1_z0u3y1": {
        "00": 0.1257,
        "10": 0.1234,
        "11": 0.1225,
        "01": 0.1255
    },
    "z1y1_z1y0": {
        "00": 0.1254,
        "10": 0.12865,
        "11": 0.1228,
        "01": 0.12315
    },
    "z0u3y1_z0u1y0": {
        "00": 0.1258,
        "10": 0.1243,
        "11": 0.12,
        "01": 0.1207
    },
    "z1y1_z0u1y1": {
        "00": 0.1229,
        "10": 0.1234,
        "11": 0.1266,
        "01": 0.1271
    },
    "z1y0_z1y0": {
        "00": 0.1254,
        "10": 0.12865,
        "11": 0.1228,
        "01": 0.12315
    },
    "z0u2y1_z1y1": {
        "00": 0.124,
        "10": 0.1227,
        "11": 0.1286,
        "01": 0.1267
    },
    "z0u1y1_z0u1y1": {
        "00": 0.2494,
        "10": 0.2474,
        "11": 0.2564,
        "01": 0.2468
    },
    "z0u2y1_z0u1y1": {
        "00": 0.1268,
        "10": 0.1275,
        "11": 0.1201,
        "01": 0.1257
    },
    "z0u3y1_z0u2y0": {
        "00": 0.2474,
        "11": 0.2472
    },
    "z1y1_z1y1": {
        "00": 0.12635,
        "10": 0.1247,
        "11": 0.12235,
        "01": 0.1266
    },
    "z0u3y0_z0u1y0": {
        "00": 0.1287,
        "10": 0.1287,
        "11": 0.1262,
        "01": 0.1244
    },
    "z0u2y0_z0u3y1": {
        "10": 0.2536,
        "01": 0.2508
    },
    "z0u3y0_z0u3y1": {
        "00": 0.1271,
        "10": 0.1244,
        "11": 0.1265,
        "01": 0.1266
    },
    "z0u3y0_z1y1": {
        "00": 0.1289,
        "10": 0.1247,
        "11": 0.1302,
        "01": 0.1223
    },
    "z1y0_z0u2y0": {
        "00": 0.1269,
        "10": 0.12675,
        "11": 0.1249,
        "01": 0.12605
    },
    "z1y0_z0u2y1": {
        "00": 0.12305,
        "10": 0.1259,
        "11": 0.12525,
        "01": 0.1212
    },
    "z0u1y1_z0u2y0": {
        "00": 0.1263,
        "10": 0.1281,
        "11": 0.1175,
        "01": 0.1229
    },
    "z0u3y0_z0u1y1": {
        "00": 0.1247,
        "10": 0.126,
        "11": 0.1222,
        "01": 0.1191
    },
    "z0u2y0_z1y0": {
        "00": 0.1277,
        "10": 0.1258,
        "11": 0.1211,
        "01": 0.1224
    },
    "z0u3y1_z1y1": {
        "00": 0.1192,
        "10": 0.1207,
        "11": 0.1272,
        "01": 0.1275
    },
    "z0u1y0_z0u3y1": {
        "00": 0.124,
        "10": 0.1264,
        "11": 0.1221,
        "01": 0.1207
    },
    "z0u2y1_z0u2y0": {
        "00": 0.1286,
        "10": 0.1225,
        "11": 0.1258,
        "01": 0.1276
    },
    "z0u2y1_z0u2y1": {
        "00": 0.1235,
        "10": 0.1293,
        "11": 0.1209,
        "01": 0.1218
    },
    "z0u1y0_z0u1y0": {
        "00": 0.2437,
        "10": 0.2509,
        "11": 0.2559,
        "01": 0.2495
    },
    "z0u2y0_z0u2y1": {
        "00": 0.1246,
        "10": 0.1307,
        "11": 0.1258,
        "01": 0.1285
    },
    "z0u3y1_z1y0": {
        "00": 0.1236,
        "10": 0.1278,
        "11": 0.127,
        "01": 0.127
    },
    "z0u2y1_z1y0": {
        "00": 0.1275,
        "10": 0.1235,
        "11": 0.1231,
        "01": 0.1239
    },
    "z1y1_z0u3y0": {
        "00": 0.12745,
        "10": 0.12175,
        "11": 0.1291,
        "01": 0.12725
    },
    "z1y0_z0u3y0": {
        "00": 0.12745,
        "10": 0.12175,
        "11": 0.1291,
        "01": 0.12725
    },
    "z1y1_z0u1y0": {
        "00": 0.1268,
        "10": 0.12495,
        "11": 0.12595,
        "01": 0.1223
    },
    "z0u3y0_z0u2y0": {
        "10": 0.2486,
        "01": 0.2508
    },
    "z0u1y0_z1y1": {},
    "z0u1y0_z0u3y0": {
        "00": 0.1269,
        "10": 0.1272,
        "11": 0.1295,
        "01": 0.1232
    }
}
