{
    "z0u3y1_z0u1y1": {
        "00": 0.1243,
        "10": 0.1228,
        "11": 0.1274,
        "01": 0.1252
    },
    "z0u2y0_z0u2y0": {
        "00": 0.1293,
        "10": 0.1269,
        "11": 0.1272,
        "01": 0.1217
    },
    "z1y1_z0u2y1": {
        "00": 0.12715,
        "10": 0.1284,
        "11": 0.12465,
        "01": 0.1223
    },
    "z0u1y0_z0u1y1": {},
    "z0u3y0_z0u3y0": {
        "00": 0.1254,
        "10": 0.1257,
        "11": 0.128,
        "01": 0.127
    },
    "z1y0_z0u1y0": {
        "00": 0.12355,
        "10": 0.127,
        "11": 0.12415,
        "01": 0.1253
    },
    "z0u3y0_z1y0": {
        "00": 0.1256,
        "10": 0.1234,
        "11": 0.1211,
        "01": 0.1231
    },
    "z0u3y1_z0u3y0": {
        "00": 0.1268,
        "10": 0.1211,
        "11": 0.1237,
        "01": 0.1248
    },
    "z0u2y0_z1y1": {
        "00": 0.1212,
        "10": 0.1257,
        "11": 0.123,
        "01": 0.1242
    },
    "z0u2y1_z0u3y1": {
        "00": 0.2461,
        "11": 0.2559
    },
    "z0u3y1_z0u2y1": {
        "10": 0.248,
        "01": 0.2443
    },
    "z0u2y0_z0u3y0": {
        "00": 0.2469,
        "11": 0.2508
    },
    "z0u1y1_z0u3y0": {
        "00": 0.1186,
        "10": 0.1306,
        "11": 0.1266,
        "01": 0.1261
    },
    "z0u1y1_z0u3y1": {
        "00": 0.1242,
        "10": 0.1256,
        "11": 0.1223,
        "01": 0.126
    },
    "z0u2y1_z0u3y0": {
        "10": 0.2431,
        "01": 0.2549
    },
    "z0u1y1_z1y1": {
        "00": 0.2549,
        "10": 0.2526,
        "11": 0.244,
        "01": 0.2485
    },
    "z0u2y1_z0u1y0": {
        "00": 0.1224,
        "10": 0.1189,
        "11": 0.128,
        "01": 0.1255
    },
    "z1y1_z0u3y1": {
        "00": 0.1259,
        "10": 0.1274,
        "11": 0.12845,
        "01": 0.12085
    },
    "z1y0_z0u3y1": {
        "00": 0.1259,
        "10": 0.1274,
        "11": 0.12845,
        "01": 0.12085
    },
    "z0u1y0_z1y0": {
        "00": 0.2496,
        "10": 0.2502,
        "11": 0.2503,
        "01": 0.2499
    },
    "z0u1y1_z1y0": {},
    "z0u1y1_z0u2y1": {
        "00": 0.1253,
        "10": 0.126,
        "11": 0.1297,
        "01": 0.1247
    },
    "z0u2y0_z0u1y0": {
        "00": 0.1219,
        "10": 0.1283,
        "11": 0.1221,
        "01": 0.1243
    },
    "z0u1y0_z0u2y1": {
        "00": 0.1227,
        "10": 0.1241,
        "11": 0.1225,
        "01": 0.1247
    },
    "z1y1_z0u2y0": {
        "00": 0.124,
        "10": 0.12465,
        "11": 0.1238,
        "01": 0.12505
    },
    "z0u2y0_z0u1y1": {
        "00": 0.1255,
        "10": 0.1264,
        "11": 0.1257,
        "01": 0.1258
    },
    "z0u1y0_z0u2y0": {
        "00": 0.127,
        "10": 0.1289,
        "11": 0.1243,
        "01": 0.1258
    },
    "z1y0_z0u1y1": {
        "00": 0.1237,
        "10": 0.12475,
        "11": 0.1241,
        "01": 0.12745
    },
    "z0u3y0_z0u2y1": {
        "00": 0.2517,
        "11": 0.2548
    },
    "z1y0_z1y1": {
        "00": 0.1248,
        "10": 0.12545,
        "11": 0.12575,
        "01": 0.124
    },
    "z0u1y1_z0u1y0": {},
    "z0u3y1_z0u3y1": {
        "00": 0.1243,
        "10": 0.1254,
        "11": 0.1274,
        "01": 0.1265
    },
    "z1y1_z1y0": {
        "00": 0.12415,
        "10": 0.1243,
        "11": 0.12495,
        "01": 0.1266
    },
    "z0u3y1_z0u1y0": {
        "00": 0.1248,
        "10": 0.1246,
        "11": 0.1271,
        "01": 0.1238
    },
    "z1y1_z0u1y1": {
        "00": 0.1237,
        "10": 0.12475,
        "11": 0.1241,
        "01": 0.12745
    },
    "z1y0_z1y0": {
        "00": 0.12415,
        "10": 0.1243,
        "11": 0.12495,
        "01": 0.1266
    },
    "z0u2y1_z1y1": {
        "00": 0.1227,
        "10": 0.1217,
        "11": 0.1301,
        "01": 0.1304
    },
    "z0u1y1_z0u1y1": {
        "00": 0.2467,
        "10": 0.2529,
        "11": 0.2444,
        "01": 0.256
    },
    "z0u2y1_z0u1y1": {
        "00": 0.1237,
        "10": 0.1306,
        "11": 0.1261,
        "01": 0.1248
    },
    "z0u3y1_z0u2y0": {
        "00": 0.2556,
        "11": 0.2521
    },
    "z1y1_z1y1": {
        "00": 0.1248,
        "10": 0.12545,
        "11": 0.12575,
        "01": 0.124
    },
    "z0u3y0_z0u1y0": {
        "00": 0.1281,
        "10": 0.1234,
        "11": 0.1235,
        "01": 0.1223
    },
    "z0u2y0_z0u3y1": {
        "10": 0.2487,
        "01": 0.2536
    },
    "z0u3y0_z0u3y1": {
        "00": 0.1219,
        "10": 0.1272,
        "11": 0.1219,
        "01": 0.1229
    },
    "z0u3y0_z1y1": {
        "00": 0.13,
        "10": 0.1299,
        "11": 0.1218,
        "01": 0.1251
    },
    "z1y0_z0u2y0": {
        "00": 0.124,
        "10": 0.12465,
        "11": 0.1238,
        "01": 0.12505
    },
    "z1y0_z0u2y1": {
        "00": 0.12715,
        "10": 0.1284,
        "11": 0.12465,
        "01": 0.1223
    },
    "z0u1y1_z0u2y0": {
        "00": 0.1244,
        "10": 0.127,
        "11": 0.1225,
        "01": 0.1204
    },
    "z0u3y0_z0u1y1": {
        "00": 0.1272,
        "10": 0.1192,
        "11": 0.1277,
        "01": 0.1286
    },
    "z0u2y0_z1y0": {
        "00": 0.1274,
        "10": 0.1201,
        "11": 0.1291,
        "01": 0.1293
    },
    "z0u3y1_z1y1": {
        "00": 0.1305,
        "10": 0.1187,
        "11": 0.125,
        "01": 0.126
    },
    "z0u1y0_z0u3y1": {
        "00": 0.1238,
        "10": 0.1263,
        "11": 0.1314,
        "01": 0.1312
    },
    "z0u2y1_z0u2y0": {
        "00": 0.127,
        "10": 0.123,
        "11": 0.1308,
        "01": 0.1192
    },
    "z0u2y1_z0u2y1": {
        "00": 0.1262,
        "10": 0.1238,
        "11": 0.1287,
        "01": 0.1213
    },
    "z0u1y0_z0u1y0": {
        "00": 0.2396,
        "10": 0.2524,
        "11": 0.2536,
        "01": 0.2544
    },
    "z0u2y0_z0u2y1": {
        "00": 0.1231,
        "10": 0.1244,
        "11": 0.1182,
        "01": 0.1292
    },
    "z0u3y1_z1y0": {
        "00": 0.1217,
        "10": 0.1273,
        "11": 0.1231,
        "01": 0.1277
    },
    "z0u2y1_z1y0": {
        "00": 0.1174,
        "10": 0.1287,
        "11": 0.1248,
        "01": 0.1242
    },
    "z1y1_z0u3y0": {
        "00": 0.1282,
        "10": 0.1217,
        "11": 0.12425,
        "01": 0.12325
    },
    "z1y0_z0u3y0": {
        "00": 0.1282,
        "10": 0.1217,
        "11": 0.12425,
        "01": 0.12325
    },
    "z1y1_z0u1y0": {
        "00": 0.12355,
        "10": 0.127,
        "11": 0.12415,
        "01": 0.1253
    },
    "z0u3y0_z0u2y0": {
        "10": 0.244,
        "01": 0.2495
    },
    "z0u1y0_z1y1": {},
    "z0u1y0_z0u3y0": {
        "00": 0.1223,
        "10": 0.1247,
        "11": 0.121,
        "01": 0.1193
    }
}
