{
    "z0u3y1_z0u1y1": {
        "00": 0.1226,
        "10": 0.128,
        "11": 0.1281,
        "01": 0.1298
    },
    "z0u2y0_z0u2y0": {
        "00": 0.1212,
        "10": 0.1205,
        "11": 0.1262,
        "01": 0.1235
    },
    "z1y1_z0u2y1": {
        "00": 0.1219,
        "10": 0.12555,
        "11": 0.1252,
        "01": 0.1272
    },
    "z0u1y0_z0u1y1": {},
    "z0u3y0_z0u3y0": {
        "00": 0.1234,
        "10": 0.129,
        "11": 0.1285,
        "01": 0.122
    },
    "z1y0_z0u1y0": {
        "00": 0.1277,
        "10": 0.1251,
        "11": 0.1248,
        "01": 0.1224
    },
    "z0u3y0_z1y0": {
        "00": 0.1244,
        "10": 0.1261,
        "11": 0.1184,
        "01": 0.1322
    },
    "z0u3y1_z0u3y0": {
        "00": 0.1247,
        "10": 0.1275,
        "11": 0.1238,
        "01": 0.1205
    },
    "z0u2y0_z1y1": {
        "00": 0.1247,
        "10": 0.1276,
        "11": 0.1252,
        "01": 0.1251
    },
    "z0u2y1_z0u3y1": {
        "00": 0.2531,
        "11": 0.2552
    },
    "z0u3y1_z0u2y1": {
        "10": 0.2447,
        "01": 0.2549
    },
    "z0u2y0_z0u3y0": {
        "00": 0.2551,
        "11": 0.2452
    },
    "z0u1y1_z0u3y0": {
        "00": 0.1306,
        "10": 0.1196,
        "11": 0.1271,
        "01": 0.1189
    },
    "z0u1y1_z0u3y1": {
        "00": 0.1257,
        "10": 0.1281,
        "11": 0.1217,
        "01": 0.1283
    },
    "z0u2y1_z0u3y0": {
        "10": 0.2424,
        "01": 0.2493
    },
    "z0u1y1_z1y1": {
        "00": 0.2529,
        "10": 0.2528,
        "11": 0.2441,
        "01": 0.2502
    },
    "z0u2y1_z0u1y0": {
        "00": 0.1195,
        "10": 0.1249,
        "11": 0.1242,
        "01": 0.1298
    },
    "z1y1_z0u3y1": {
        "00": 0.12415,
        "10": 0.1252,
        "11": 0.12495,
        "01": 0.12815
    },
    "z1y0_z0u3y1": {
        "00": 0.12415,
        "10": 0.1252,
        "11": 0.12495,
        "01": 0.12815
    },
    "z0u1y0_z1y0": {
        "00": 0.2455,
        "10": 0.2449,
        "11": 0.2562,
        "01": 0.2534
    },
    "z0u1y1_z1y0": {},
    "z0u1y1_z0u2y1": {
        "00": 0.1303,
        "10": 0.1312,
        "11": 0.1209,
        "01": 0.1202
    },
    "z0u2y0_z0u1y0": {
        "00": 0.1262,
        "10": 0.1315,
        "11": 0.1221,
        "01": 0.1284
    },
    "z0u1y0_z0u2y1": {
        "00": 0.1236,
        "10": 0.126,
        "11": 0.1235,
        "01": 0.124
    },
    "z1y1_z0u2y0": {
        "00": 0.1229,
        "10": 0.12515,
        "11": 0.12765,
        "01": 0.12445
    },
    "z0u2y0_z0u1y1": {
        "00": 0.1213,
        "10": 0.1226,
        "11": 0.1215,
        "01": 0.1264
    },
    "z0u1y0_z0u2y0": {
        "00": 0.1229,
        "10": 0.1245,
        "11": 0.126,
        "01": 0.1295
    },
    "z1y0_z0u1y1": {
        "00": 0.12225,
        "10": 0.12215,
        "11": 0.1256,
        "01": 0.13
    },
    "z0u3y0_z0u2y1": {
        "00": 0.2478,
        "11": 0.2555
    },
    "z1y0_z1y1": {
        "00": 0.1243,
        "10": 0.12385,
        "11": 0.1286,
        "01": 0.12325
    },
    "z0u1y1_z0u1y0": {},
    "z0u3y1_z0u3y1": {
        "00": 0.1325,
        "10": 0.1223,
        "11": 0.1258,
        "01": 0.1229
    },
    "z1y1_z1y0": {
        "00": 0.1271,
        "10": 0.1256,
        "11": 0.1248,
        "01": 0.1225
    },
    "z0u3y1_z0u1y0": {
        "00": 0.1192,
        "10": 0.1228,
        "11": 0.1213,
        "01": 0.1282
    },
    "z1y1_z0u1y1": {
        "00": 0.12225,
        "10": 0.12215,
        "11": 0.1256,
        "01": 0.13
    },
    "z1y0_z1y0": {
        "00": 0.1271,
        "10": 0.1256,
        "11": 0.1248,
        "01": 0.1225
    },
    "z0u2y1_z1y1": {
        "00": 0.1196,
        "10": 0.1273,
        "11": 0.1201,
        "01": 0.1285
    },
    "z0u1y1_z0u1y1": {
        "00": 0.2466,
        "10": 0.2471,
        "11": 0.2565,
        "01": 0.2498
    },
    "z0u2y1_z0u1y1": {
        "00": 0.1271,
        "10": 0.1281,
        "11": 0.1222,
        "01": 0.1242
    },
    "z0u3y1_z0u2y0": {
        "00": 0.249,
        "11": 0.2514
    },
    "z1y1_z1y1": {
        "00": 0.1243,
        "10": 0.12385,
        "11": 0.1286,
        "01": 0.12325
    },
    "z0u3y0_z0u1y0": {
        "00": 0.1219,
        "10": 0.1188,
        "11": 0.1255,
        "01": 0.1279
    },
    "z0u2y0_z0u3y1": {
        "10": 0.2513,
        "01": 0.2484
    },
    "z0u3y0_z0u3y1": {
        "00": 0.1273,
        "10": 0.1236,
        "11": 0.1227,
        "01": 0.1235
    },
    "z0u3y0_z1y1": {
        "00": 0.1217,
        "10": 0.1295,
        "11": 0.124,
        "01": 0.1237
    },
    "z1y0_z0u2y0": {
        "00": 0.1229,
        "10": 0.12515,
        "11": 0.12765,
        "01": 0.12445
    },
    "z1y0_z0u2y1": {
        "00": 0.1219,
        "10": 0.12555,
        "11": 0.1252,
        "01": 0.1272
    },
    "z0u1y1_z0u2y0": {
        "00": 0.1258,
        "10": 0.1209,
        "11": 0.1269,
        "01": 0.1238
    },
    "z0u3y0_z0u1y1": {
        "00": 0.126,
        "10": 0.125,
        "11": 0.1317,
        "01": 0.1232
    },
    "z0u2y0_z1y0": {
        "00": 0.1276,
        "10": 0.1196,
        "11": 0.1266,
        "01": 0.1236
    },
    "z0u3y1_z1y1": {
        "00": 0.1272,
        "10": 0.1222,
        "11": 0.1224,
        "01": 0.1243
    },
    "z0u1y0_z0u3y1": {
        "00": 0.1236,
        "10": 0.1258,
        "11": 0.1252,
        "01": 0.1282
    },
    "z0u2y1_z0u2y0": {
        "00": 0.1239,
        "10": 0.1208,
        "11": 0.1229,
        "01": 0.1229
    },
    "z0u2y1_z0u2y1": {
        "00": 0.1238,
        "10": 0.1289,
        "11": 0.1251,
        "01": 0.1317
    },
    "z0u1y0_z0u1y0": {
        "00": 0.2526,
        "10": 0.2491,
        "11": 0.249,
        "01": 0.2493
    },
    "z0u2y0_z0u2y1": {
        "00": 0.1332,
        "10": 0.1286,
        "11": 0.1202,
        "01": 0.1266
    },
    "z0u3y1_z1y0": {
        "00": 0.1212,
        "10": 0.1261,
        "11": 0.123,
        "01": 0.1336
    },
    "z0u2y1_z1y0": {
        "00": 0.1248,
        "10": 0.126,
        "11": 0.1307,
        "01": 0.123
    },
    "z1y1_z0u3y0": {
        "00": 0.12325,
        "10": 0.12695,
        "11": 0.1206,
        "01": 0.12675
    },
    "z1y0_z0u3y0": {
        "00": 0.12325,
        "10": 0.12695,
        "11": 0.1206,
        "01": 0.12675
    },
    "z1y1_z0u1y0": {
        "00": 0.1277,
        "10": 0.1251,
        "11": 0.1248,
        "01": 0.1224
    },
    "z0u3y0_z0u2y0": {
        "10": 0.2431,
        "01": 0.2536
    },
    "z0u1y0_z1y1": {},
    "z0u1y0_z0u3y0": {
        "00": 0.126,
        "10": 0.1222,
        "11": 0.1266,
        "01": 0.1224
    }
}
