{
    "z0u3y1_z0u1y1": {
        "00": 0.123,
        "10": 0.1263,
        "11": 0.1189,
        "01": 0.1257
    },
    "z0u2y0_z0u2y0": {
        "10": 0.2517,
        "01": 0.2536
    },
    "z1y1_z0u2y1": {
        "00": 0.12495,
        "10": 0.12365,
        "11": 0.12495,
        "01": 0.12435
    },
    "z0u1y0_z0u1y1": {},
    "z0u3y0_z0u3y0": {
        "10": 0.2549,
        "01": 0.2552
    },
    "z1y0_z0u1y0": {
        "00": 0.1244,
        "10": 0.1271,
        "11": 0.1254,
        "01": 0.1231
    },
    "z0u3y0_z1y0": {
        "00": 0.1206,
        "10": 0.1255,
        "11": 0.1304,
        "01": 0.1297
    },
    "z0u3y1_z0u3y0": {
        "00": 0.2447,
        "11": 0.2541
    },
    "z0u2y0_z1y1": {
        "00": 0.1264,
        "10": 0.1253,
        "11": 0.1202,
        "01": 0.1272
    },
    "z0u2y1_z0u3y1": {
        "00": 0.1189,
        "10": 0.1224,
        "11": 0.1262,
        "01": 0.128
    },
    "z0u3y1_z0u2y1": {
        "00": 0.1227,
        "10": 0.1205,
        "11": 0.1237,
        "01": 0.128
    },
    "z0u2y0_z0u3y0": {
        "00": 0.1261,
        "10": 0.1298,
        "11": 0.1272,
        "01": 0.1219
    },
    "z0u1y1_z0u3y0": {
        "00": 0.1215,
        "10": 0.1273,
        "11": 0.1223,
        "01": 0.1286
    },
    "z0u1y1_z0u3y1": {
        "00": 0.1271,
        "10": 0.1267,
        "11": 0.1232,
        "01": 0.1233
    },
    "z0u2y1_z0u3y0": {
        "00": 0.1235,
        "10": 0.1268,
        "11": 0.1302,
        "01": 0.124
    },
    "z0u1y1_z1y1": {
        "00": 0.2479,
        "10": 0.2494,
        "11": 0.2537,
        "01": 0.249
    },
    "z0u2y1_z0u1y0": {
        "00": 0.1244,
        "10": 0.1286,
        "11": 0.1237,
        "01": 0.1215
    },
    "z1y1_z0u3y1": {
        "00": 0.12505,
        "10": 0.1264,
        "11": 0.1236,
        "01": 0.12595
    },
    "z1y0_z0u3y1": {
        "00": 0.12505,
        "10": 0.1264,
        "11": 0.1236,
        "01": 0.12595
    },
    "z0u1y0_z1y0": {
        "00": 0.2443,
        "10": 0.2564,
        "11": 0.2472,
        "01": 0.2521
    },
    "z0u1y1_z1y0": {},
    "z0u1y1_z0u2y1": {
        "00": 0.1276,
        "10": 0.1254,
        "11": 0.1213,
        "01": 0.1286
    },
    "z0u2y0_z0u1y0": {
        "00": 0.1232,
        "10": 0.1184,
        "11": 0.1259,
        "01": 0.1284
    },
    "z0u1y0_z0u2y1": {
        "00": 0.1285,
        "10": 0.1279,
        "11": 0.1285,
        "01": 0.123
    },
    "z1y1_z0u2y0": {
        "00": 0.1278,
        "10": 0.1276,
        "11": 0.1255,
        "01": 0.1212
    },
    "z0u2y0_z0u1y1": {
        "00": 0.1214,
        "10": 0.1321,
        "11": 0.1271,
        "01": 0.1235
    },
    "z0u1y0_z0u2y0": {
        "00": 0.1207,
        "10": 0.1216,
        "11": 0.1249,
        "01": 0.1249
    },
    "z1y0_z0u1y1": {
        "00": 0.1264,
        "10": 0.12415,
        "11": 0.12445,
        "01": 0.125
    },
    "z0u3y0_z0u2y1": {
        "00": 0.1257,
        "10": 0.1233,
        "11": 0.1263,
        "01": 0.1273
    },
    "z1y0_z1y1": {
        "00": 0.12555,
        "10": 0.1249,
        "11": 0.1267,
        "01": 0.12285
    },
    "z0u1y1_z0u1y0": {},
    "z0u3y1_z0u3y1": {
        "10": 0.2506,
        "01": 0.2506
    },
    "z1y1_z1y0": {
        "00": 0.12155,
        "10": 0.12545,
        "11": 0.1254,
        "01": 0.1276
    },
    "z0u3y1_z0u1y0": {
        "00": 0.1254,
        "10": 0.1265,
        "11": 0.1294,
        "01": 0.1248
    },
    "z1y1_z0u1y1": {
        "00": 0.1264,
        "10": 0.12415,
        "11": 0.12445,
        "01": 0.125
    },
    "z1y0_z1y0": {
        "00": 0.12155,
        "10": 0.12545,
        "11": 0.1254,
        "01": 0.1276
    },
    "z0u2y1_z1y1": {
        "00": 0.1329,
        "10": 0.1204,
        "11": 0.1267,
        "01": 0.122
    },
    "z0u1y1_z0u1y1": {
        "00": 0.2489,
        "10": 0.2532,
        "11": 0.2491,
        "01": 0.2488
    },
    "z0u2y1_z0u1y1": {
        "00": 0.1238,
        "10": 0.1237,
        "11": 0.1272,
        "01": 0.1271
    },
    "z0u3y1_z0u2y0": {
        "00": 0.1224,
        "10": 0.1292,
        "11": 0.1276,
        "01": 0.1259
    },
    "z1y1_z1y1": {
        "00": 0.12555,
        "10": 0.1249,
        "11": 0.1267,
        "01": 0.12285
    },
    "z0u3y0_z0u1y0": {
        "00": 0.1198,
        "10": 0.1243,
        "11": 0.1271,
        "01": 0.1238
    },
    "z0u2y0_z0u3y1": {
        "00": 0.1255,
        "10": 0.1235,
        "11": 0.1259,
        "01": 0.1201
    },
    "z0u3y0_z0u3y1": {
        "00": 0.243,
        "11": 0.2469
    },
    "z0u3y0_z1y1": {
        "00": 0.1301,
        "10": 0.1229,
        "11": 0.1178,
        "01": 0.123
    },
    "z1y0_z0u2y0": {
        "00": 0.1278,
        "10": 0.1276,
        "11": 0.1255,
        "01": 0.1212
    },
    "z1y0_z0u2y1": {
        "00": 0.12495,
        "10": 0.12365,
        "11": 0.12495,
        "01": 0.12435
    },
    "z0u1y1_z0u2y0": {
        "00": 0.1237,
        "10": 0.123,
        "11": 0.1289,
        "01": 0.1215
    },
    "z0u3y0_z0u1y1": {
        "00": 0.1311,
        "10": 0.1259,
        "11": 0.123,
        "01": 0.125
    },
    "z0u2y0_z1y0": {
        "00": 0.1228,
        "10": 0.123,
        "11": 0.1238,
        "01": 0.1313
    },
    "z0u3y1_z1y1": {
        "00": 0.1224,
        "10": 0.1219,
        "11": 0.123,
        "01": 0.1305
    },
    "z0u1y0_z0u3y1": {
        "00": 0.1343,
        "10": 0.1221,
        "11": 0.1293,
        "01": 0.1271
    },
    "z0u2y1_z0u2y0": {
        "00": 0.2445,
        "11": 0.2546
    },
    "z0u2y1_z0u2y1": {
        "10": 0.2457,
        "01": 0.2552
    },
    "z0u1y0_z0u1y0": {
        "00": 0.2425,
        "10": 0.2574,
        "11": 0.2489,
        "01": 0.2512
    },
    "z0u2y0_z0u2y1": {
        "00": 0.249,
        "11": 0.2457
    },
    "z0u3y1_z1y0": {
        "00": 0.1213,
        "10": 0.1283,
        "11": 0.1315,
        "01": 0.1211
    },
    "z0u2y1_z1y0": {
        "00": 0.1197,
        "10": 0.1249,
        "11": 0.129,
        "01": 0.1244
    },
    "z1y1_z0u3y0": {
        "00": 0.1232,
        "10": 0.12495,
        "11": 0.12625,
        "01": 0.1246
    },
    "z1y0_z0u3y0": {
        "00": 0.1232,
        "10": 0.12495,
        "11": 0.12625,
        "01": 0.1246
    },
    "z1y1_z0u1y0": {
        "00": 0.1244,
        "10": 0.1271,
        "11": 0.1254,
        "01": 0.1231
    },
    "z0u3y0_z0u2y0": {
        "00": 0.1214,
        "10": 0.1234,
        "11": 0.1293,
        "01": 0.1233
    },
    "z0u1y0_z1y1": {},
    "z0u1y0_z0u3y0": {
        "00": 0.1214,
        "10": 0.116,
        "11": 0.1273,
        "01": 0.1225
    }
}
