{
    "z0u3y1_z0u1y1": {
        "11": 0.2516,
        "01": 0.2589
    },
    "z0u2y0_z0u2y0": {
        "00": 0.1192,
        "10": 0.1198,
        "11": 0.1242,
        "01": 0.1282
    },
    "z1y1_z0u2y1": {
        "00": 0.12115,
        "10": 0.1244,
        "11": 0.12575,
        "01": 0.128
    },
    "z0u1y0_z0u1y1": {},
    "z0u3y0_z0u3y0": {
        "00": 0.1259,
        "10": 0.1243,
        "11": 0.1188,
        "01": 0.125
    },
    "z1y0_z0u1y0": {
        "00": 0.25345,
        "10": 0.24655
    },
    "z0u3y0_z1y0": {
        "00": 0.2514,
        "10": 0.2453
    },
    "z0u3y1_z0u3y0": {
        "00": 0.1308,
        "10": 0.1234,
        "11": 0.1258,
        "01": 0.1223
    },
    "z0u2y0_z1y1": {
        "11": 0.2463,
        "01": 0.2513
    },
    "z0u2y1_z0u3y1": {
        "00": 0.125,
        "10": 0.1239,
        "11": 0.1282,
        "01": 0.1234
    },
    "z0u3y1_z0u2y1": {
        "00": 0.1246,
        "10": 0.1294,
        "11": 0.1269,
        "01": 0.1226
    },
    "z0u2y0_z0u3y0": {
        "00": 0.1214,
        "10": 0.1301,
        "11": 0.1218,
        "01": 0.1221
    },
    "z0u1y1_z0u3y0": {
        "11": 0.2531,
        "01": 0.2453
    },
    "z0u1y1_z0u3y1": {
        "11": 0.248,
        "01": 0.2536
    },
    "z0u2y1_z0u3y0": {
        "00": 0.1264,
        "10": 0.1199,
        "11": 0.1254,
        "01": 0.1278
    },
    "z0u1y1_z1y1": {
        "11": 0.501,
        "01": 0.499
    },
    "z0u2y1_z0u1y0": {
        "00": 0.2533,
        "10": 0.2566
    },
    "z1y1_z0u3y1": {
        "00": 0.12725,
        "10": 0.1221,
        "11": 0.12255,
        "01": 0.1255
    },
    "z1y0_z0u3y1": {
        "00": 0.12725,
        "10": 0.1221,
        "11": 0.12255,
        "01": 0.1255
    },
    "z0u1y0_z1y0": {
        "00": 0.4973,
        "10": 0.5027
    },
    "z0u1y1_z1y0": {},
    "z0u1y1_z0u2y1": {
        "11": 0.2529,
        "01": 0.2509
    },
    "z0u2y0_z0u1y0": {
        "00": 0.246,
        "10": 0.2555
    },
    "z0u1y0_z0u2y1": {
        "00": 0.244,
        "10": 0.2516
    },
    "z1y1_z0u2y0": {
        "00": 0.12975,
        "10": 0.1247,
        "11": 0.123,
        "01": 0.12325
    },
    "z0u2y0_z0u1y1": {
        "11": 0.2497,
        "01": 0.2488
    },
    "z0u1y0_z0u2y0": {
        "00": 0.2532,
        "10": 0.2512
    },
    "z1y0_z0u1y1": {
        "11": 0.2506,
        "01": 0.2494
    },
    "z0u3y0_z0u2y1": {
        "00": 0.1263,
        "10": 0.1242,
        "11": 0.126,
        "01": 0.1295
    },
    "z1y0_z1y1": {
        "11": 0.25155,
        "01": 0.24845
    },
    "z0u1y1_z0u1y0": {},
    "z0u3y1_z0u3y1": {
        "00": 0.1229,
        "10": 0.1252,
        "11": 0.1242,
        "01": 0.1254
    },
    "z1y1_z1y0": {
        "00": 0.25,
        "10": 0.25
    },
    "z0u3y1_z0u1y0": {
        "00": 0.2469,
        "10": 0.2426
    },
    "z1y1_z0u1y1": {
        "11": 0.2506,
        "01": 0.2494
    },
    "z1y0_z1y0": {
        "00": 0.25,
        "10": 0.25
    },
    "z0u2y1_z1y1": {
        "11": 0.245,
        "01": 0.2532
    },
    "z0u1y1_z0u1y1": {
        "11": 0.5039,
        "01": 0.4961
    },
    "z0u2y1_z0u1y1": {
        "11": 0.24,
        "01": 0.2501
    },
    "z0u3y1_z0u2y0": {
        "00": 0.1261,
        "10": 0.1271,
        "11": 0.12,
        "01": 0.1233
    },
    "z1y1_z1y1": {
        "11": 0.25155,
        "01": 0.24845
    },
    "z0u3y0_z0u1y0": {
        "00": 0.2463,
        "10": 0.2497
    },
    "z0u2y0_z0u3y1": {
        "00": 0.1254,
        "10": 0.1214,
        "11": 0.1281,
        "01": 0.1297
    },
    "z0u3y0_z0u3y1": {
        "00": 0.1265,
        "10": 0.1274,
        "11": 0.128,
        "01": 0.1241
    },
    "z0u3y0_z1y1": {
        "11": 0.2576,
        "01": 0.2457
    },
    "z1y0_z0u2y0": {
        "00": 0.12975,
        "10": 0.1247,
        "11": 0.123,
        "01": 0.12325
    },
    "z1y0_z0u2y1": {
        "00": 0.12115,
        "10": 0.1244,
        "11": 0.12575,
        "01": 0.128
    },
    "z0u1y1_z0u2y0": {
        "11": 0.246,
        "01": 0.2502
    },
    "z0u3y0_z0u1y1": {
        "11": 0.2544,
        "01": 0.2496
    },
    "z0u2y0_z1y0": {
        "00": 0.2534,
        "10": 0.249
    },
    "z0u3y1_z1y1": {
        "11": 0.2508,
        "01": 0.2493
    },
    "z0u1y0_z0u3y1": {
        "00": 0.247,
        "10": 0.2499
    },
    "z0u2y1_z0u2y0": {
        "00": 0.1251,
        "10": 0.1284,
        "11": 0.1301,
        "01": 0.1254
    },
    "z0u2y1_z0u2y1": {
        "00": 0.1245,
        "10": 0.1222,
        "11": 0.1219,
        "01": 0.1224
    },
    "z0u1y0_z0u1y0": {
        "00": 0.4989,
        "10": 0.5011
    },
    "z0u2y0_z0u2y1": {
        "00": 0.1212,
        "10": 0.1274,
        "11": 0.1282,
        "01": 0.1318
    },
    "z0u3y1_z1y0": {
        "00": 0.2483,
        "10": 0.2516
    },
    "z0u2y1_z1y0": {
        "00": 0.2467,
        "10": 0.2551
    },
    "z1y1_z0u3y0": {
        "00": 0.12215,
        "10": 0.1285,
        "11": 0.12775,
        "01": 0.1242
    },
    "z1y0_z0u3y0": {
        "00": 0.12215,
        "10": 0.1285,
        "11": 0.12775,
        "01": 0.1242
    },
    "z1y1_z0u1y0": {
        "00": 0.25345,
        "10": 0.24655
    },
    "z0u3y0_z0u2y0": {
        "00": 0.1236,
        "10": 0.1224,
        "11": 0.1265,
        "01": 0.1215
    },
    "z0u1y0_z1y1": {},
    "z0u1y0_z0u3y0": {
        "00": 0.2545,
        "10": 0.2486
    }
}
