{
    "z0u3y1_z0u1y1": {
        "11": 0.506
    },
    "z0u2y0_z0u2y0": {
        "00": 0.2491,
        "11": 0.2503
    },
    "z1y1_z0u2y1": {
        "00": 0.24865,
        "11": 0.24675
    },
    "z0u1y0_z0u1y1": {},
    "z0u3y0_z0u3y0": {
        "00": 0.2503,
        "11": 0.2541
    },
    "z1y0_z0u1y0": {
        "00": 0.5
    },
    "z0u3y0_z1y0": {
        "00": 0.5043
    },
    "z0u3y1_z0u3y0": {
        "00": 0.2437,
        "11": 0.2546
    },
    "z0u2y0_z1y1": {
        "11": 0.5027
    },
    "z0u2y1_z0u3y1": {
        "00": 0.244,
        "11": 0.2476
    },
    "z0u3y1_z0u2y1": {
        "00": 0.2461,
        "11": 0.2465
    },
    "z0u2y0_z0u3y0": {
        "00": 0.2524,
        "11": 0.2504
    },
    "z0u1y1_z0u3y0": {
        "11": 0.5018
    },
    "z0u1y1_z0u3y1": {
        "11": 0.4982
    },
    "z0u2y1_z0u3y0": {
        "00": 0.2526,
        "11": 0.2558
    },
    "z0u1y1_z1y1": {
        "11": 1.0
    },
    "z0u2y1_z0u1y0": {
        "00": 0.4987
    },
    "z1y1_z0u3y1": {
        "00": 0.2538,
        "11": 0.2481
    },
    "z1y0_z0u3y1": {
        "00": 0.2538,
        "11": 0.2481
    },
    "z0u1y0_z1y0": {
        "00": 1.0
    },
    "z0u1y1_z1y0": {},
    "z0u1y1_z0u2y1": {
        "11": 0.5023
    },
    "z0u2y0_z0u1y0": {
        "00": 0.4985
    },
    "z0u1y0_z0u2y1": {
        "00": 0.4987
    },
    "z1y1_z0u2y0": {
        "00": 0.25135,
        "11": 0.25325
    },
    "z0u2y0_z0u1y1": {
        "11": 0.5015
    },
    "z0u1y0_z0u2y0": {
        "00": 0.5013
    },
    "z1y0_z0u1y1": {
        "11": 0.5
    },
    "z0u3y0_z0u2y1": {
        "00": 0.2488,
        "11": 0.2523
    },
    "z1y0_z1y1": {
        "11": 0.5
    },
    "z0u1y1_z0u1y0": {},
    "z0u3y1_z0u3y1": {
        "00": 0.2536,
        "11": 0.2481
    },
    "z1y1_z1y0": {
        "00": 0.5
    },
    "z0u3y1_z0u1y0": {
        "00": 0.494
    },
    "z1y1_z0u1y1": {
        "11": 0.5
    },
    "z1y0_z1y0": {
        "00": 0.5
    },
    "z0u2y1_z1y1": {
        "11": 0.4961
    },
    "z0u1y1_z0u1y1": {
        "11": 1.0
    },
    "z0u2y1_z0u1y1": {
        "11": 0.5013
    },
    "z0u3y1_z0u2y0": {
        "00": 0.2526,
        "11": 0.2548
    },
    "z1y1_z1y1": {
        "11": 0.5
    },
    "z0u3y0_z0u1y0": {
        "00": 0.5038
    },
    "z0u2y0_z0u3y1": {
        "00": 0.2419,
        "11": 0.2553
    },
    "z0u3y0_z0u3y1": {
        "00": 0.2527,
        "11": 0.2429
    },
    "z0u3y0_z1y1": {
        "11": 0.4957
    },
    "z1y0_z0u2y0": {
        "00": 0.25135,
        "11": 0.25325
    },
    "z1y0_z0u2y1": {
        "00": 0.24865,
        "11": 0.24675
    },
    "z0u1y1_z0u2y0": {
        "11": 0.4977
    },
    "z0u3y0_z0u1y1": {
        "11": 0.4962
    },
    "z0u2y0_z1y0": {
        "00": 0.4973
    },
    "z0u3y1_z1y1": {
        "11": 0.5002
    },
    "z0u1y0_z0u3y1": {
        "00": 0.5088
    },
    "z0u2y1_z0u2y0": {
        "00": 0.2517,
        "11": 0.2498
    },
    "z0u2y1_z0u2y1": {
        "00": 0.2426,
        "11": 0.2559
    },
    "z0u1y0_z0u1y0": {
        "00": 1.0
    },
    "z0u2y0_z0u2y1": {
        "00": 0.2518,
        "11": 0.2488
    },
    "z0u3y1_z1y0": {
        "00": 0.4998
    },
    "z0u2y1_z1y0": {
        "00": 0.5039
    },
    "z1y1_z0u3y0": {
        "00": 0.2462,
        "11": 0.2519
    },
    "z1y0_z0u3y0": {
        "00": 0.2462,
        "11": 0.2519
    },
    "z1y1_z0u1y0": {
        "00": 0.5
    },
    "z0u3y0_z0u2y0": {
        "00": 0.2461,
        "11": 0.2528
    },
    "z0u1y0_z1y1": {},
    "z0u1y0_z0u3y0": {
        "00": 0.4912
    }
}
