{
    "z0u3y1_z0u1y1": {
        "11": 0.2496,
        "01": 0.2519
    },
    "z0u2y0_z0u2y0": {
        "00": 0.1252,
        "10": 0.1258,
        "11": 0.1264,
        "01": 0.1266
    },
    "z1y1_z0u2y1": {
        "00": 0.1233,
        "10": 0.1272,
        "11": 0.1251,
        "01": 0.12635
    },
    "z0u1y0_z0u1y1": {},
    "z0u3y0_z0u3y0": {
        "00": 0.1195,
        "10": 0.1263,
        "11": 0.1251,
        "01": 0.1291
    },
    "z1y0_z0u1y0": {
        "00": 0.2509,
        "10": 0.2491
    },
    "z0u3y0_z1y0": {
        "00": 0.253,
        "10": 0.248
    },
    "z0u3y1_z0u3y0": {
        "00": 0.1276,
        "10": 0.1215,
        "11": 0.1311,
        "01": 0.1283
    },
    "z0u2y0_z1y1": {
        "11": 0.2483,
        "01": 0.2481
    },
    "z0u2y1_z0u3y1": {
        "00": 0.1291,
        "10": 0.1213,
        "11": 0.1275,
        "01": 0.1262
    },
    "z0u3y1_z0u2y1": {
        "00": 0.1221,
        "10": 0.1244,
        "11": 0.1285,
        "01": 0.1246
    },
    "z0u2y0_z0u3y0": {
        "00": 0.1232,
        "10": 0.1265,
        "11": 0.1236,
        "01": 0.1235
    },
    "z0u1y1_z0u3y0": {
        "11": 0.252,
        "01": 0.2416
    },
    "z0u1y1_z0u3y1": {
        "11": 0.2499,
        "01": 0.2565
    },
    "z0u2y1_z0u3y0": {
        "00": 0.1204,
        "10": 0.1251,
        "11": 0.1292,
        "01": 0.1212
    },
    "z0u1y1_z1y1": {
        "11": 0.5052,
        "01": 0.4948
    },
    "z0u2y1_z0u1y0": {
        "00": 0.2452,
        "10": 0.2546
    },
    "z1y1_z0u3y1": {
        "00": 0.12225,
        "10": 0.1266,
        "11": 0.127,
        "01": 0.1251
    },
    "z1y0_z0u3y1": {
        "00": 0.12225,
        "10": 0.1266,
        "11": 0.127,
        "01": 0.1251
    },
    "z0u1y0_z1y0": {
        "00": 0.5034,
        "10": 0.4966
    },
    "z0u1y1_z1y0": {},
    "z0u1y1_z0u2y1": {
        "11": 0.2547,
        "01": 0.2413
    },
    "z0u2y0_z0u1y0": {
        "00": 0.2492,
        "10": 0.2533
    },
    "z0u1y0_z0u2y1": {
        "00": 0.2537,
        "10": 0.2454
    },
    "z1y1_z0u2y0": {
        "00": 0.1242,
        "10": 0.1253,
        "11": 0.1231,
        "01": 0.12545
    },
    "z0u2y0_z0u1y1": {
        "11": 0.2528,
        "01": 0.2447
    },
    "z0u1y0_z0u2y0": {
        "00": 0.248,
        "10": 0.2529
    },
    "z1y0_z0u1y1": {
        "11": 0.24895,
        "01": 0.25105
    },
    "z0u3y0_z0u2y1": {
        "00": 0.1214,
        "10": 0.125,
        "11": 0.122,
        "01": 0.1333
    },
    "z1y0_z1y1": {
        "11": 0.24855,
        "01": 0.25145
    },
    "z0u1y1_z0u1y0": {},
    "z0u3y1_z0u3y1": {
        "00": 0.1231,
        "10": 0.1253,
        "11": 0.1213,
        "01": 0.1218
    },
    "z1y1_z1y0": {
        "00": 0.25075,
        "10": 0.24925
    },
    "z0u3y1_z0u1y0": {
        "00": 0.2507,
        "10": 0.2478
    },
    "z1y1_z0u1y1": {
        "11": 0.24895,
        "01": 0.25105
    },
    "z1y0_z1y0": {
        "00": 0.25075,
        "10": 0.24925
    },
    "z0u2y1_z1y1": {
        "11": 0.2526,
        "01": 0.246
    },
    "z0u1y1_z0u1y1": {
        "11": 0.5048,
        "01": 0.4952
    },
    "z0u2y1_z0u1y1": {
        "11": 0.2484,
        "01": 0.2518
    },
    "z0u3y1_z0u2y0": {
        "00": 0.1243,
        "10": 0.1256,
        "11": 0.1233,
        "01": 0.1272
    },
    "z1y1_z1y1": {
        "11": 0.24855,
        "01": 0.25145
    },
    "z0u3y0_z0u1y0": {
        "00": 0.247,
        "10": 0.2491
    },
    "z0u2y0_z0u3y1": {
        "00": 0.1278,
        "10": 0.1256,
        "11": 0.1233,
        "01": 0.1265
    },
    "z0u3y0_z0u3y1": {
        "00": 0.1245,
        "10": 0.1257,
        "11": 0.1241,
        "01": 0.1257
    },
    "z0u3y0_z1y1": {
        "11": 0.2502,
        "01": 0.2488
    },
    "z1y0_z0u2y0": {
        "00": 0.1242,
        "10": 0.1253,
        "11": 0.1231,
        "01": 0.12545
    },
    "z1y0_z0u2y1": {
        "00": 0.1233,
        "10": 0.1272,
        "11": 0.1251,
        "01": 0.12635
    },
    "z0u1y1_z0u2y0": {
        "11": 0.2514,
        "01": 0.2526
    },
    "z0u3y0_z0u1y1": {
        "11": 0.2532,
        "01": 0.2507
    },
    "z0u2y0_z1y0": {
        "00": 0.249,
        "10": 0.2546
    },
    "z0u3y1_z1y1": {
        "11": 0.2526,
        "01": 0.252
    },
    "z0u1y0_z0u3y1": {
        "00": 0.2563,
        "10": 0.2472
    },
    "z0u2y1_z0u2y0": {
        "00": 0.1242,
        "10": 0.1215,
        "11": 0.1269,
        "01": 0.1208
    },
    "z0u2y1_z0u2y1": {
        "00": 0.1316,
        "10": 0.1305,
        "11": 0.1218,
        "01": 0.1227
    },
    "z0u1y0_z0u1y0": {
        "00": 0.4964,
        "10": 0.5036
    },
    "z0u2y0_z0u2y1": {
        "00": 0.125,
        "10": 0.1266,
        "11": 0.1236,
        "01": 0.1208
    },
    "z0u3y1_z1y0": {
        "00": 0.2462,
        "10": 0.2492
    },
    "z0u2y1_z1y0": {
        "00": 0.2543,
        "10": 0.2471
    },
    "z1y1_z0u3y0": {
        "00": 0.12485,
        "10": 0.1263,
        "11": 0.1237,
        "01": 0.1242
    },
    "z1y0_z0u3y0": {
        "00": 0.12485,
        "10": 0.1263,
        "11": 0.1237,
        "01": 0.1242
    },
    "z1y1_z0u1y0": {
        "00": 0.2509,
        "10": 0.2491
    },
    "z0u3y0_z0u2y0": {
        "00": 0.1221,
        "10": 0.1277,
        "11": 0.1214,
        "01": 0.1271
    },
    "z0u1y0_z1y1": {},
    "z0u1y0_z0u3y0": {
        "00": 0.2502,
        "10": 0.2463
    }
}
