{
    "z0u3y1_z0u1y1": {
        "10": 0.2486,
        "11": 0.2509
    },
    "z0u2y0_z0u2y0": {
        "00": 0.1251,
        "10": 0.1219,
        "11": 0.1267,
        "01": 0.1259
    },
    "z1y1_z0u2y1": {
        "00": 0.12615,
        "10": 0.12175,
        "11": 0.12835,
        "01": 0.12375
    },
    "z0u1y0_z0u1y1": {},
    "z0u3y0_z0u3y0": {
        "00": 0.1217,
        "10": 0.1262,
        "11": 0.1279,
        "01": 0.1271
    },
    "z1y0_z0u1y0": {
        "00": 0.25165,
        "01": 0.24835
    },
    "z0u3y0_z1y0": {
        "00": 0.2516,
        "01": 0.2518
    },
    "z0u3y1_z0u3y0": {
        "00": 0.1221,
        "10": 0.1255,
        "11": 0.1217,
        "01": 0.1248
    },
    "z0u2y0_z1y1": {
        "10": 0.249,
        "11": 0.255
    },
    "z0u2y1_z0u3y1": {
        "00": 0.1268,
        "10": 0.1168,
        "11": 0.1295,
        "01": 0.1232
    },
    "z0u3y1_z0u2y1": {
        "00": 0.1234,
        "10": 0.1276,
        "11": 0.1251,
        "01": 0.1263
    },
    "z0u2y0_z0u3y0": {
        "00": 0.1215,
        "10": 0.1251,
        "11": 0.1259,
        "01": 0.126
    },
    "z0u1y1_z0u3y0": {
        "10": 0.2475,
        "11": 0.25
    },
    "z0u1y1_z0u3y1": {
        "10": 0.2545,
        "11": 0.248
    },
    "z0u2y1_z0u3y0": {
        "00": 0.128,
        "10": 0.127,
        "11": 0.1252,
        "01": 0.1235
    },
    "z0u1y1_z1y1": {
        "10": 0.4982,
        "11": 0.5018
    },
    "z0u2y1_z0u1y0": {
        "00": 0.2529,
        "01": 0.2507
    },
    "z1y1_z0u3y1": {
        "00": 0.12405,
        "10": 0.126,
        "11": 0.1234,
        "01": 0.12005
    },
    "z1y0_z0u3y1": {
        "00": 0.12405,
        "10": 0.126,
        "11": 0.1234,
        "01": 0.12005
    },
    "z0u1y0_z1y0": {
        "00": 0.4975,
        "01": 0.5025
    },
    "z0u1y1_z1y0": {},
    "z0u1y1_z0u2y1": {
        "10": 0.2515,
        "11": 0.2474
    },
    "z0u2y0_z0u1y0": {
        "00": 0.2475,
        "01": 0.2529
    },
    "z0u1y0_z0u2y1": {
        "00": 0.2559,
        "01": 0.2509
    },
    "z1y1_z0u2y0": {
        "00": 0.1256,
        "10": 0.12245,
        "11": 0.12745,
        "01": 0.1245
    },
    "z0u2y0_z0u1y1": {
        "10": 0.2448,
        "11": 0.2548
    },
    "z0u1y0_z0u2y0": {
        "00": 0.2514,
        "01": 0.2418
    },
    "z1y0_z0u1y1": {
        "10": 0.24695,
        "11": 0.25305
    },
    "z0u3y0_z0u2y1": {
        "00": 0.1272,
        "10": 0.1195,
        "11": 0.1318,
        "01": 0.1289
    },
    "z1y0_z1y1": {
        "10": 0.2541,
        "11": 0.2459
    },
    "z0u1y1_z0u1y0": {},
    "z0u3y1_z0u3y1": {
        "00": 0.1231,
        "10": 0.129,
        "11": 0.1243,
        "01": 0.1295
    },
    "z1y1_z1y0": {
        "00": 0.2484,
        "01": 0.2516
    },
    "z0u3y1_z0u1y0": {
        "00": 0.2547,
        "01": 0.2458
    },
    "z1y1_z0u1y1": {
        "10": 0.24695,
        "11": 0.25305
    },
    "z1y0_z1y0": {
        "00": 0.2484,
        "01": 0.2516
    },
    "z0u2y1_z1y1": {
        "10": 0.2444,
        "11": 0.2551
    },
    "z0u1y1_z0u1y1": {
        "10": 0.4995,
        "11": 0.5005
    },
    "z0u2y1_z0u1y1": {
        "10": 0.2533,
        "11": 0.2431
    },
    "z0u3y1_z0u2y0": {
        "00": 0.1228,
        "10": 0.1203,
        "11": 0.1272,
        "01": 0.1273
    },
    "z1y1_z1y1": {
        "10": 0.2541,
        "11": 0.2459
    },
    "z0u3y0_z0u1y0": {
        "00": 0.2526,
        "01": 0.2439
    },
    "z0u2y0_z0u3y1": {
        "00": 0.1255,
        "10": 0.1238,
        "11": 0.1264,
        "01": 0.1258
    },
    "z0u3y0_z0u3y1": {
        "00": 0.124,
        "10": 0.1301,
        "11": 0.1219,
        "01": 0.1211
    },
    "z0u3y0_z1y1": {
        "10": 0.2476,
        "11": 0.249
    },
    "z1y0_z0u2y0": {
        "00": 0.1256,
        "10": 0.12245,
        "11": 0.12745,
        "01": 0.1245
    },
    "z1y0_z0u2y1": {
        "00": 0.12615,
        "10": 0.12175,
        "11": 0.12835,
        "01": 0.12375
    },
    "z0u1y1_z0u2y0": {
        "10": 0.2509,
        "11": 0.2502
    },
    "z0u3y0_z0u1y1": {
        "10": 0.2503,
        "11": 0.2532
    },
    "z0u2y0_z1y0": {
        "00": 0.2428,
        "01": 0.2532
    },
    "z0u3y1_z1y1": {
        "10": 0.2527,
        "11": 0.2453
    },
    "z0u1y0_z0u3y1": {
        "00": 0.2501,
        "01": 0.248
    },
    "z0u2y1_z0u2y0": {
        "00": 0.124,
        "10": 0.1297,
        "11": 0.1216,
        "01": 0.1312
    },
    "z0u2y1_z0u2y1": {
        "00": 0.1229,
        "10": 0.1198,
        "11": 0.1271,
        "01": 0.1237
    },
    "z0u1y0_z0u1y0": {
        "00": 0.5016,
        "01": 0.4984
    },
    "z0u2y0_z0u2y1": {
        "00": 0.1253,
        "10": 0.1249,
        "11": 0.1221,
        "01": 0.1281
    },
    "z0u3y1_z1y0": {
        "00": 0.2513,
        "01": 0.2507
    },
    "z0u2y1_z1y0": {
        "00": 0.2496,
        "01": 0.2509
    },
    "z1y1_z0u3y0": {
        "00": 0.1277,
        "10": 0.12705,
        "11": 0.12355,
        "01": 0.1282
    },
    "z1y0_z0u3y0": {
        "00": 0.1277,
        "10": 0.12705,
        "11": 0.12355,
        "01": 0.1282
    },
    "z1y1_z0u1y0": {
        "00": 0.25165,
        "01": 0.24835
    },
    "z0u3y0_z0u2y0": {
        "00": 0.1263,
        "10": 0.1243,
        "11": 0.1208,
        "01": 0.1212
    },
    "z0u1y0_z1y1": {},
    "z0u1y0_z0u3y0": {
        "00": 0.2493,
        "01": 0.2526
    }
}
