{
    "z0u3y1_z0u1y1": {
        "10": 0.2461,
        "11": 0.2512
    },
    "z0u2y0_z0u2y0": {
        "00": 0.1217,
        "10": 0.1271,
        "11": 0.1275,
        "01": 0.1285
    },
    "z1y1_z0u2y1": {
        "00": 0.1252,
        "10": 0.12515,
        "11": 0.12255,
        "01": 0.1263
    },
    "z0u1y0_z0u1y1": {},
    "z0u3y0_z0u3y0": {
        "00": 0.1188,
        "10": 0.1267,
        "11": 0.1262,
        "01": 0.123
    },
    "z1y0_z0u1y0": {
        "00": 0.24605,
        "01": 0.25395
    },
    "z0u3y0_z1y0": {
        "00": 0.2442,
        "01": 0.2544
    },
    "z0u3y1_z0u3y0": {
        "00": 0.1207,
        "10": 0.1246,
        "11": 0.1229,
        "01": 0.126
    },
    "z0u2y0_z1y1": {
        "10": 0.2523,
        "11": 0.2484
    },
    "z0u2y1_z0u3y1": {
        "00": 0.1247,
        "10": 0.1239,
        "11": 0.1206,
        "01": 0.1257
    },
    "z0u3y1_z0u2y1": {
        "00": 0.1276,
        "10": 0.1249,
        "11": 0.1204,
        "01": 0.1281
    },
    "z0u2y0_z0u3y0": {
        "00": 0.123,
        "10": 0.1287,
        "11": 0.1222,
        "01": 0.1229
    },
    "z0u1y1_z0u3y0": {
        "10": 0.2542,
        "11": 0.2516
    },
    "z0u1y1_z0u3y1": {
        "10": 0.2456,
        "11": 0.2486
    },
    "z0u2y1_z0u3y0": {
        "00": 0.1243,
        "10": 0.1255,
        "11": 0.1283,
        "01": 0.127
    },
    "z0u1y1_z1y1": {
        "10": 0.4971,
        "11": 0.5029
    },
    "z0u2y1_z0u1y0": {
        "00": 0.2536,
        "01": 0.2454
    },
    "z1y1_z0u3y1": {
        "00": 0.12385,
        "10": 0.124,
        "11": 0.121,
        "01": 0.1238
    },
    "z1y0_z0u3y1": {
        "00": 0.12385,
        "10": 0.124,
        "11": 0.121,
        "01": 0.1238
    },
    "z0u1y0_z1y0": {
        "00": 0.4972,
        "01": 0.5028
    },
    "z0u1y1_z1y0": {},
    "z0u1y1_z0u2y1": {
        "10": 0.2447,
        "11": 0.2508
    },
    "z0u2y0_z0u1y0": {
        "00": 0.2521,
        "01": 0.2499
    },
    "z0u1y0_z0u2y1": {
        "00": 0.2489,
        "01": 0.2443
    },
    "z1y1_z0u2y0": {
        "00": 0.12175,
        "10": 0.1238,
        "11": 0.1285,
        "01": 0.12675
    },
    "z0u2y0_z0u1y1": {
        "10": 0.2505,
        "11": 0.2475
    },
    "z0u1y0_z0u2y0": {
        "00": 0.2542,
        "01": 0.2526
    },
    "z1y0_z0u1y1": {
        "10": 0.2499,
        "11": 0.2501
    },
    "z0u3y0_z0u2y1": {
        "00": 0.1215,
        "10": 0.1282,
        "11": 0.1292,
        "01": 0.1214
    },
    "z1y0_z1y1": {
        "10": 0.2506,
        "11": 0.2494
    },
    "z0u1y1_z0u1y0": {},
    "z0u3y1_z0u3y1": {
        "00": 0.1265,
        "10": 0.1266,
        "11": 0.1207,
        "01": 0.132
    },
    "z1y1_z1y0": {
        "00": 0.2506,
        "01": 0.2494
    },
    "z0u3y1_z0u1y0": {
        "00": 0.2485,
        "01": 0.2542
    },
    "z1y1_z0u1y1": {
        "10": 0.2499,
        "11": 0.2501
    },
    "z1y0_z1y0": {
        "00": 0.2506,
        "01": 0.2494
    },
    "z0u2y1_z1y1": {
        "10": 0.2556,
        "11": 0.245
    },
    "z0u1y1_z0u1y1": {
        "10": 0.4902,
        "11": 0.5098
    },
    "z0u2y1_z0u1y1": {
        "10": 0.252,
        "11": 0.249
    },
    "z0u3y1_z0u2y0": {
        "00": 0.1276,
        "10": 0.1236,
        "11": 0.128,
        "01": 0.1198
    },
    "z1y1_z1y1": {
        "10": 0.2506,
        "11": 0.2494
    },
    "z0u3y0_z0u1y0": {
        "00": 0.2492,
        "01": 0.2476
    },
    "z0u2y0_z0u3y1": {
        "00": 0.1247,
        "10": 0.1293,
        "11": 0.1239,
        "01": 0.1253
    },
    "z0u3y0_z0u3y1": {
        "00": 0.1272,
        "10": 0.1297,
        "11": 0.1237,
        "01": 0.1247
    },
    "z0u3y0_z1y1": {
        "10": 0.2514,
        "11": 0.25
    },
    "z1y0_z0u2y0": {
        "00": 0.12175,
        "10": 0.1238,
        "11": 0.1285,
        "01": 0.12675
    },
    "z1y0_z0u2y1": {
        "00": 0.1252,
        "10": 0.12515,
        "11": 0.12255,
        "01": 0.1263
    },
    "z0u1y1_z0u2y0": {
        "10": 0.2548,
        "11": 0.2497
    },
    "z0u3y0_z0u1y1": {
        "10": 0.2461,
        "11": 0.2571
    },
    "z0u2y0_z1y0": {
        "00": 0.2436,
        "01": 0.2557
    },
    "z0u3y1_z1y1": {
        "10": 0.2468,
        "11": 0.2464
    },
    "z0u1y0_z0u3y1": {
        "00": 0.2458,
        "01": 0.2473
    },
    "z0u2y1_z0u2y0": {
        "00": 0.1179,
        "10": 0.1234,
        "11": 0.1297,
        "01": 0.1211
    },
    "z0u2y1_z0u2y1": {
        "00": 0.1297,
        "10": 0.1287,
        "11": 0.1245,
        "01": 0.125
    },
    "z0u1y0_z0u1y0": {
        "00": 0.4935,
        "01": 0.5065
    },
    "z0u2y0_z0u2y1": {
        "00": 0.128,
        "10": 0.1232,
        "11": 0.1199,
        "01": 0.1241
    },
    "z0u3y1_z1y0": {
        "00": 0.2586,
        "01": 0.2482
    },
    "z0u2y1_z1y0": {
        "00": 0.2467,
        "01": 0.2527
    },
    "z1y1_z0u3y0": {
        "00": 0.1257,
        "10": 0.1247,
        "11": 0.1303,
        "01": 0.12665
    },
    "z1y0_z0u3y0": {
        "00": 0.1257,
        "10": 0.1247,
        "11": 0.1303,
        "01": 0.12665
    },
    "z1y1_z0u1y0": {
        "00": 0.24605,
        "01": 0.25395
    },
    "z0u3y0_z0u2y0": {
        "00": 0.123,
        "10": 0.126,
        "11": 0.1214,
        "01": 0.1293
    },
    "z0u1y0_z1y1": {},
    "z0u1y0_z0u3y0": {
        "00": 0.2538,
        "01": 0.2531
    }
}
