{
    "z0u3y1_z0u1y1": {
        "00": 0.1268,
        "10": 0.1269,
        "11": 0.1254,
        "01": 0.1216
    },
    "z0u2y0_z0u2y0": {
        "00": 0.1216,
        "10": 0.1247,
        "11": 0.1226,
        "01": 0.126
    },
    "z1y1_z0u2y1": {
        "00": 0.1226,
        "10": 0.12245,
        "11": 0.12595,
        "01": 0.1241
    },
    "z0u1y0_z0u1y1": {},
    "z0u3y0_z0u3y0": {
        "00": 0.1248,
        "10": 0.1234,
        "11": 0.1285,
        "01": 0.125
    },
    "z1y0_z0u1y0": {
        "00": 0.1257,
        "10": 0.1261,
        "11": 0.1244,
        "01": 0.1238
    },
    "z0u3y0_z1y0": {
        "00": 0.1264,
        "10": 0.1218,
        "11": 0.1251,
        "01": 0.1236
    },
    "z0u3y1_z0u3y0": {
        "00": 0.1242,
        "10": 0.132,
        "11": 0.1222,
        "01": 0.1257
    },
    "z0u2y0_z1y1": {
        "00": 0.1287,
        "10": 0.1251,
        "11": 0.1165,
        "01": 0.1257
    },
    "z0u2y1_z0u3y1": {
        "00": 0.2496,
        "11": 0.2578
    },
    "z0u3y1_z0u2y1": {
        "10": 0.2563,
        "01": 0.2485
    },
    "z0u2y0_z0u3y0": {
        "00": 0.2488,
        "11": 0.2459
    },
    "z0u1y1_z0u3y0": {
        "00": 0.1262,
        "10": 0.1264,
        "11": 0.1279,
        "01": 0.1294
    },
    "z0u1y1_z0u3y1": {
        "00": 0.1221,
        "10": 0.1171,
        "11": 0.123,
        "01": 0.1279
    },
    "z0u2y1_z0u3y0": {
        "10": 0.2429,
        "01": 0.2497
    },
    "z0u1y1_z1y1": {
        "00": 0.2588,
        "10": 0.2541,
        "11": 0.2402,
        "01": 0.2469
    },
    "z0u2y1_z0u1y0": {
        "00": 0.1263,
        "10": 0.13,
        "11": 0.1193,
        "01": 0.1253
    },
    "z1y1_z0u3y1": {
        "00": 0.12345,
        "10": 0.126,
        "11": 0.12895,
        "01": 0.12675
    },
    "z1y0_z0u3y1": {
        "00": 0.12345,
        "10": 0.126,
        "11": 0.12895,
        "01": 0.12675
    },
    "z0u1y0_z1y0": {
        "00": 0.2533,
        "10": 0.2451,
        "11": 0.2514,
        "01": 0.2502
    },
    "z0u1y1_z1y0": {},
    "z0u1y1_z0u2y1": {
        "00": 0.1224,
        "10": 0.1253,
        "11": 0.1204,
        "01": 0.129
    },
    "z0u2y0_z0u1y0": {
        "00": 0.1237,
        "10": 0.1279,
        "11": 0.1241,
        "01": 0.1236
    },
    "z0u1y0_z0u2y1": {
        "00": 0.1183,
        "10": 0.1196,
        "11": 0.124,
        "01": 0.1264
    },
    "z1y1_z0u2y0": {
        "00": 0.1247,
        "10": 0.1258,
        "11": 0.1288,
        "01": 0.1256
    },
    "z0u2y0_z0u1y1": {
        "00": 0.1248,
        "10": 0.124,
        "11": 0.1269,
        "01": 0.125
    },
    "z0u1y0_z0u2y0": {
        "00": 0.1247,
        "10": 0.1279,
        "11": 0.1296,
        "01": 0.1295
    },
    "z1y0_z0u1y1": {
        "00": 0.127,
        "10": 0.12745,
        "11": 0.12445,
        "01": 0.1211
    },
    "z0u3y0_z0u2y1": {
        "00": 0.2557,
        "11": 0.2531
    },
    "z1y0_z1y1": {
        "00": 0.1225,
        "10": 0.1272,
        "11": 0.1234,
        "01": 0.1269
    },
    "z0u1y1_z0u1y0": {},
    "z0u3y1_z0u3y1": {
        "00": 0.1257,
        "10": 0.1248,
        "11": 0.1195,
        "01": 0.1259
    },
    "z1y1_z1y0": {
        "00": 0.12505,
        "10": 0.12305,
        "11": 0.128,
        "01": 0.1239
    },
    "z0u3y1_z0u1y0": {
        "00": 0.1269,
        "10": 0.1248,
        "11": 0.1248,
        "01": 0.1228
    },
    "z1y1_z0u1y1": {
        "00": 0.127,
        "10": 0.12745,
        "11": 0.12445,
        "01": 0.1211
    },
    "z1y0_z1y0": {
        "00": 0.12505,
        "10": 0.12305,
        "11": 0.128,
        "01": 0.1239
    },
    "z0u2y1_z1y1": {
        "00": 0.1273,
        "10": 0.1269,
        "11": 0.1272,
        "01": 0.1245
    },
    "z0u1y1_z0u1y1": {
        "00": 0.25,
        "10": 0.2486,
        "11": 0.2529,
        "01": 0.2485
    },
    "z0u2y1_z0u1y1": {
        "00": 0.1261,
        "10": 0.1249,
        "11": 0.1196,
        "01": 0.1285
    },
    "z0u3y1_z0u2y0": {
        "00": 0.2525,
        "11": 0.2427
    },
    "z1y1_z1y1": {
        "00": 0.1225,
        "10": 0.1272,
        "11": 0.1234,
        "01": 0.1269
    },
    "z0u3y0_z0u1y0": {
        "00": 0.1237,
        "10": 0.1269,
        "11": 0.1254,
        "01": 0.1225
    },
    "z0u2y0_z0u3y1": {
        "10": 0.2563,
        "01": 0.249
    },
    "z0u3y0_z0u3y1": {
        "00": 0.1261,
        "10": 0.1191,
        "11": 0.1306,
        "01": 0.1225
    },
    "z0u3y0_z1y1": {
        "00": 0.1289,
        "10": 0.1261,
        "11": 0.1227,
        "01": 0.1254
    },
    "z1y0_z0u2y0": {
        "00": 0.1247,
        "10": 0.1258,
        "11": 0.1288,
        "01": 0.1256
    },
    "z1y0_z0u2y1": {
        "00": 0.1226,
        "10": 0.12245,
        "11": 0.12595,
        "01": 0.1241
    },
    "z0u1y1_z0u2y0": {
        "00": 0.1306,
        "10": 0.1256,
        "11": 0.1284,
        "01": 0.1183
    },
    "z0u3y0_z0u1y1": {
        "00": 0.124,
        "10": 0.1278,
        "11": 0.1268,
        "01": 0.1229
    },
    "z0u2y0_z1y0": {
        "00": 0.1271,
        "10": 0.1259,
        "11": 0.1292,
        "01": 0.1218
    },
    "z0u3y1_z1y1": {
        "00": 0.1299,
        "10": 0.1275,
        "11": 0.1271,
        "01": 0.1309
    },
    "z0u1y0_z0u3y1": {
        "00": 0.1224,
        "10": 0.1252,
        "11": 0.1217,
        "01": 0.1218
    },
    "z0u2y1_z0u2y0": {
        "00": 0.1238,
        "10": 0.1322,
        "11": 0.1274,
        "01": 0.1295
    },
    "z0u2y1_z0u2y1": {
        "00": 0.1214,
        "10": 0.12,
        "11": 0.1203,
        "01": 0.1254
    },
    "z0u1y0_z0u1y0": {
        "00": 0.2515,
        "10": 0.2498,
        "11": 0.2493,
        "01": 0.2494
    },
    "z0u2y0_z0u2y1": {
        "00": 0.1288,
        "10": 0.1308,
        "11": 0.1249,
        "01": 0.1206
    },
    "z0u3y1_z1y0": {
        "00": 0.1217,
        "10": 0.1296,
        "11": 0.1166,
        "01": 0.1167
    },
    "z0u2y1_z1y0": {
        "00": 0.1175,
        "10": 0.1225,
        "11": 0.129,
        "01": 0.1251
    },
    "z1y1_z0u3y0": {
        "00": 0.1225,
        "10": 0.1269,
        "11": 0.12165,
        "01": 0.1238
    },
    "z1y0_z0u3y0": {
        "00": 0.1225,
        "10": 0.1269,
        "11": 0.12165,
        "01": 0.1238
    },
    "z1y1_z0u1y0": {
        "00": 0.1257,
        "10": 0.1261,
        "11": 0.1244,
        "01": 0.1238
    },
    "z0u3y0_z0u2y0": {
        "10": 0.2403,
        "01": 0.2509
    },
    "z0u1y0_z1y1": {},
    "z0u1y0_z0u3y0": {
        "00": 0.1253,
        "10": 0.1247,
        "11": 0.1281,
        "01": 0.1308
    }
}
