{
    "z0u3y1_z0u1y1": {
        "10": 0.2534,
        "11": 0.248
    },
    "z0u2y0_z0u2y0": {
        "00": 0.1246,
        "10": 0.1257,
        "11": 0.1304,
        "01": 0.125
    },
    "z1y1_z0u2y1": {
        "00": 0.12725,
        "10": 0.12605,
        "11": 0.12445,
        "01": 0.123
    },
    "z0u1y0_z0u1y1": {},
    "z0u3y0_z0u3y0": {
        "00": 0.1296,
        "10": 0.1305,
        "11": 0.1268,
        "01": 0.1265
    },
    "z1y0_z0u1y0": {
        "00": 0.2457,
        "01": 0.2543
    },
    "z0u3y0_z1y0": {
        "00": 0.2482,
        "01": 0.2566
    },
    "z0u3y1_z0u3y0": {
        "00": 0.1241,
        "10": 0.1261,
        "11": 0.1197,
        "01": 0.1206
    },
    "z0u2y0_z1y1": {
        "10": 0.2496,
        "11": 0.2478
    },
    "z0u2y1_z0u3y1": {
        "00": 0.1233,
        "10": 0.1183,
        "11": 0.1243,
        "01": 0.129
    },
    "z0u3y1_z0u2y1": {
        "00": 0.1255,
        "10": 0.1249,
        "11": 0.1229,
        "01": 0.1269
    },
    "z0u2y0_z0u3y0": {
        "00": 0.1187,
        "10": 0.1273,
        "11": 0.1255,
        "01": 0.1295
    },
    "z0u1y1_z0u3y0": {
        "10": 0.2524,
        "11": 0.2416
    },
    "z0u1y1_z0u3y1": {
        "10": 0.2501,
        "11": 0.2559
    },
    "z0u2y1_z0u3y0": {
        "00": 0.128,
        "10": 0.1237,
        "11": 0.1285,
        "01": 0.1249
    },
    "z0u1y1_z1y1": {
        "10": 0.4987,
        "11": 0.5013
    },
    "z0u2y1_z0u1y0": {
        "00": 0.2467,
        "01": 0.2502
    },
    "z1y1_z0u3y1": {
        "00": 0.1265,
        "10": 0.12605,
        "11": 0.12735,
        "01": 0.1276
    },
    "z1y0_z0u3y1": {
        "00": 0.1265,
        "10": 0.12605,
        "11": 0.12735,
        "01": 0.1276
    },
    "z0u1y0_z1y0": {
        "00": 0.4985,
        "01": 0.5015
    },
    "z0u1y1_z1y0": {},
    "z0u1y1_z0u2y1": {
        "10": 0.2494,
        "11": 0.2516
    },
    "z0u2y0_z0u1y0": {
        "00": 0.2462,
        "01": 0.2497
    },
    "z0u1y0_z0u2y1": {
        "00": 0.2484,
        "01": 0.2496
    },
    "z1y1_z0u2y0": {
        "00": 0.12515,
        "10": 0.125,
        "11": 0.1245,
        "01": 0.1246
    },
    "z0u2y0_z0u1y1": {
        "10": 0.2484,
        "11": 0.2557
    },
    "z0u1y0_z0u2y0": {
        "00": 0.253,
        "01": 0.249
    },
    "z1y0_z0u1y1": {
        "10": 0.2498,
        "11": 0.2502
    },
    "z0u3y0_z0u2y1": {
        "00": 0.1234,
        "10": 0.1231,
        "11": 0.1208,
        "01": 0.1376
    },
    "z1y0_z1y1": {
        "10": 0.2468,
        "11": 0.2532
    },
    "z0u1y1_z0u1y0": {},
    "z0u3y1_z0u3y1": {
        "00": 0.1243,
        "10": 0.1298,
        "11": 0.1262,
        "01": 0.1292
    },
    "z1y1_z1y0": {
        "00": 0.2521,
        "01": 0.2479
    },
    "z0u3y1_z0u1y0": {
        "00": 0.2484,
        "01": 0.2502
    },
    "z1y1_z0u1y1": {
        "10": 0.2498,
        "11": 0.2502
    },
    "z1y0_z1y0": {
        "00": 0.2521,
        "01": 0.2479
    },
    "z0u2y1_z1y1": {
        "10": 0.2528,
        "11": 0.2459
    },
    "z0u1y1_z0u1y1": {
        "10": 0.4905,
        "11": 0.5095
    },
    "z0u2y1_z0u1y1": {
        "10": 0.2504,
        "11": 0.2527
    },
    "z0u3y1_z0u2y0": {
        "00": 0.1286,
        "10": 0.1267,
        "11": 0.1196,
        "01": 0.1249
    },
    "z1y1_z1y1": {
        "10": 0.2468,
        "11": 0.2532
    },
    "z0u3y0_z0u1y0": {
        "00": 0.2507,
        "01": 0.2455
    },
    "z0u2y0_z0u3y1": {
        "00": 0.1221,
        "10": 0.1206,
        "11": 0.1301,
        "01": 0.1262
    },
    "z0u3y0_z0u3y1": {
        "00": 0.1234,
        "10": 0.1162,
        "11": 0.1239,
        "01": 0.1231
    },
    "z0u3y0_z1y1": {
        "10": 0.2437,
        "11": 0.2515
    },
    "z1y0_z0u2y0": {
        "00": 0.12515,
        "10": 0.125,
        "11": 0.1245,
        "01": 0.1246
    },
    "z1y0_z0u2y1": {
        "00": 0.12725,
        "10": 0.12605,
        "11": 0.12445,
        "01": 0.123
    },
    "z0u1y1_z0u2y0": {
        "10": 0.2512,
        "11": 0.2478
    },
    "z0u3y0_z0u1y1": {
        "10": 0.2545,
        "11": 0.2493
    },
    "z0u2y0_z1y0": {
        "00": 0.2484,
        "01": 0.2542
    },
    "z0u3y1_z1y1": {
        "10": 0.2518,
        "11": 0.2469
    },
    "z0u1y0_z0u3y1": {
        "00": 0.2482,
        "01": 0.2497
    },
    "z0u2y1_z0u2y0": {
        "00": 0.124,
        "10": 0.1238,
        "11": 0.1251,
        "01": 0.1221
    },
    "z0u2y1_z0u2y1": {
        "00": 0.1289,
        "10": 0.1255,
        "11": 0.1245,
        "01": 0.1261
    },
    "z0u1y0_z0u1y0": {
        "00": 0.4923,
        "01": 0.5077
    },
    "z0u2y0_z0u2y1": {
        "00": 0.1217,
        "10": 0.1184,
        "11": 0.1264,
        "01": 0.1278
    },
    "z0u3y1_z1y0": {
        "00": 0.2491,
        "01": 0.2522
    },
    "z0u2y1_z1y0": {
        "00": 0.259,
        "01": 0.2423
    },
    "z1y1_z0u3y0": {
        "00": 0.1221,
        "10": 0.1222,
        "11": 0.1244,
        "01": 0.1238
    },
    "z1y0_z0u3y0": {
        "00": 0.1221,
        "10": 0.1222,
        "11": 0.1244,
        "01": 0.1238
    },
    "z1y1_z0u1y0": {
        "00": 0.2457,
        "01": 0.2543
    },
    "z0u3y0_z0u2y0": {
        "00": 0.1249,
        "10": 0.1267,
        "11": 0.1231,
        "01": 0.1204
    },
    "z0u1y0_z1y1": {},
    "z0u1y0_z0u3y0": {
        "00": 0.2498,
        "01": 0.2523
    }
}
