{
    "z0u3y1_z0u1y1": {
        "00": 0.1292,
        "10": 0.1219,
        "11": 0.1291,
        "01": 0.1235
    },
    "z0u2y0_z0u2y0": {
        "00": 0.1253,
        "10": 0.129,
        "11": 0.1219,
        "01": 0.1231
    },
    "z1y1_z0u2y1": {
        "00": 0.1238,
        "10": 0.1286,
        "11": 0.1234,
        "01": 0.1211
    },
    "z0u1y0_z0u1y1": {},
    "z0u3y0_z0u3y0": {
        "00": 0.129,
        "10": 0.126,
        "11": 0.1255,
        "01": 0.1222
    },
    "z1y0_z0u1y0": {
        "00": 0.1256,
        "10": 0.12305,
        "11": 0.1255,
        "01": 0.12585
    },
    "z0u3y0_z1y0": {
        "00": 0.1269,
        "10": 0.127,
        "11": 0.126,
        "01": 0.128
    },
    "z0u3y1_z0u3y0": {
        "00": 0.1286,
        "10": 0.1257,
        "11": 0.1227,
        "01": 0.1266
    },
    "z0u2y0_z1y1": {
        "00": 0.1199,
        "10": 0.1247,
        "11": 0.1276,
        "01": 0.1215
    },
    "z0u2y1_z0u3y1": {
        "00": 0.2535,
        "11": 0.2526
    },
    "z0u3y1_z0u2y1": {
        "10": 0.248,
        "01": 0.2514
    },
    "z0u2y0_z0u3y0": {
        "00": 0.2525,
        "11": 0.249
    },
    "z0u1y1_z0u3y0": {
        "00": 0.129,
        "10": 0.1213,
        "11": 0.1225,
        "01": 0.1268
    },
    "z0u1y1_z0u3y1": {
        "00": 0.1207,
        "10": 0.1301,
        "11": 0.1257,
        "01": 0.1239
    },
    "z0u2y1_z0u3y0": {
        "10": 0.2485,
        "01": 0.2454
    },
    "z0u1y1_z1y1": {
        "00": 0.2537,
        "10": 0.2416,
        "11": 0.2492,
        "01": 0.2555
    },
    "z0u2y1_z0u1y0": {
        "00": 0.1266,
        "10": 0.1222,
        "11": 0.1211,
        "01": 0.1198
    },
    "z1y1_z0u3y1": {
        "00": 0.1215,
        "10": 0.125,
        "11": 0.12305,
        "01": 0.12665
    },
    "z1y0_z0u3y1": {
        "00": 0.1215,
        "10": 0.125,
        "11": 0.12305,
        "01": 0.12665
    },
    "z0u1y0_z1y0": {
        "00": 0.2542,
        "10": 0.2477,
        "11": 0.2474,
        "01": 0.2507
    },
    "z0u1y1_z1y0": {},
    "z0u1y1_z0u2y1": {
        "00": 0.1222,
        "10": 0.1226,
        "11": 0.127,
        "01": 0.1266
    },
    "z0u2y0_z0u1y0": {
        "00": 0.1257,
        "10": 0.1194,
        "11": 0.1252,
        "01": 0.1271
    },
    "z0u1y0_z0u2y1": {
        "00": 0.1232,
        "10": 0.121,
        "11": 0.1255,
        "01": 0.1232
    },
    "z1y1_z0u2y0": {
        "00": 0.12645,
        "10": 0.1245,
        "11": 0.126,
        "01": 0.12615
    },
    "z0u2y0_z0u1y1": {
        "00": 0.1245,
        "10": 0.1293,
        "11": 0.126,
        "01": 0.1228
    },
    "z0u1y0_z0u2y0": {
        "00": 0.1243,
        "10": 0.13,
        "11": 0.1292,
        "01": 0.1236
    },
    "z1y0_z0u1y1": {
        "00": 0.1292,
        "10": 0.12075,
        "11": 0.12705,
        "01": 0.123
    },
    "z0u3y0_z0u2y1": {
        "00": 0.2633,
        "11": 0.2479
    },
    "z1y0_z1y1": {
        "00": 0.12605,
        "10": 0.1238,
        "11": 0.1256,
        "01": 0.12455
    },
    "z0u1y1_z0u1y0": {},
    "z0u3y1_z0u3y1": {
        "00": 0.1242,
        "10": 0.1259,
        "11": 0.1253,
        "01": 0.121
    },
    "z1y1_z1y0": {
        "00": 0.1262,
        "10": 0.1264,
        "11": 0.1236,
        "01": 0.1238
    },
    "z0u3y1_z0u1y0": {
        "00": 0.1249,
        "10": 0.1255,
        "11": 0.119,
        "01": 0.1269
    },
    "z1y1_z0u1y1": {
        "00": 0.1292,
        "10": 0.12075,
        "11": 0.12705,
        "01": 0.123
    },
    "z1y0_z1y0": {
        "00": 0.1262,
        "10": 0.1264,
        "11": 0.1236,
        "01": 0.1238
    },
    "z0u2y1_z1y1": {
        "00": 0.1301,
        "10": 0.1222,
        "11": 0.1241,
        "01": 0.1192
    },
    "z0u1y1_z0u1y1": {
        "00": 0.2556,
        "10": 0.2478,
        "11": 0.2473,
        "01": 0.2493
    },
    "z0u2y1_z0u1y1": {
        "00": 0.1268,
        "10": 0.131,
        "11": 0.1264,
        "01": 0.1261
    },
    "z0u3y1_z0u2y0": {
        "00": 0.2471,
        "11": 0.2535
    },
    "z1y1_z1y1": {
        "00": 0.12605,
        "10": 0.1238,
        "11": 0.1256,
        "01": 0.12455
    },
    "z0u3y0_z0u1y0": {
        "00": 0.1273,
        "10": 0.1212,
        "11": 0.1231,
        "01": 0.1257
    },
    "z0u2y0_z0u3y1": {
        "10": 0.243,
        "01": 0.2555
    },
    "z0u3y0_z0u3y1": {
        "00": 0.1208,
        "10": 0.1232,
        "11": 0.1252,
        "01": 0.1281
    },
    "z0u3y0_z1y1": {
        "00": 0.1261,
        "10": 0.1246,
        "11": 0.121,
        "01": 0.1204
    },
    "z1y0_z0u2y0": {
        "00": 0.12645,
        "10": 0.1245,
        "11": 0.126,
        "01": 0.12615
    },
    "z1y0_z0u2y1": {
        "00": 0.1238,
        "10": 0.1286,
        "11": 0.1234,
        "01": 0.1211
    },
    "z0u1y1_z0u2y0": {
        "00": 0.1262,
        "10": 0.1282,
        "11": 0.1219,
        "01": 0.1253
    },
    "z0u3y0_z0u1y1": {
        "00": 0.1282,
        "10": 0.1248,
        "11": 0.1261,
        "01": 0.1236
    },
    "z0u2y0_z1y0": {
        "00": 0.1231,
        "10": 0.125,
        "11": 0.1272,
        "01": 0.131
    },
    "z0u3y1_z1y1": {
        "00": 0.1308,
        "10": 0.1277,
        "11": 0.1247,
        "01": 0.1246
    },
    "z0u1y0_z0u3y1": {
        "00": 0.1271,
        "10": 0.1196,
        "11": 0.1245,
        "01": 0.1242
    },
    "z0u2y1_z0u2y0": {
        "00": 0.1272,
        "10": 0.1233,
        "11": 0.1241,
        "01": 0.1216
    },
    "z0u2y1_z0u2y1": {
        "00": 0.124,
        "10": 0.1295,
        "11": 0.1262,
        "01": 0.1241
    },
    "z0u1y0_z0u1y0": {
        "00": 0.2468,
        "10": 0.2467,
        "11": 0.2537,
        "01": 0.2528
    },
    "z0u2y0_z0u2y1": {
        "00": 0.1261,
        "10": 0.1233,
        "11": 0.1249,
        "01": 0.1264
    },
    "z0u3y1_z1y0": {
        "00": 0.1213,
        "10": 0.1248,
        "11": 0.124,
        "01": 0.1221
    },
    "z0u2y1_z1y0": {
        "00": 0.121,
        "10": 0.1332,
        "11": 0.1235,
        "01": 0.1267
    },
    "z1y1_z0u3y0": {
        "00": 0.12795,
        "10": 0.1259,
        "11": 0.12675,
        "01": 0.1232
    },
    "z1y0_z0u3y0": {
        "00": 0.12795,
        "10": 0.1259,
        "11": 0.12675,
        "01": 0.1232
    },
    "z1y1_z0u1y0": {
        "00": 0.1256,
        "10": 0.12305,
        "11": 0.1255,
        "01": 0.12585
    },
    "z0u3y0_z0u2y0": {
        "10": 0.2433,
        "01": 0.2455
    },
    "z0u1y0_z1y1": {},
    "z0u1y0_z0u3y0": {
        "00": 0.1268,
        "10": 0.1272,
        "11": 0.1238,
        "01": 0.1268
    }
}
