{
    "z0u3y1_z0u1y1": {
        "10": 0.2503,
        "11": 0.2559
    },
    "z0u2y0_z0u2y0": {
        "00": 0.1248,
        "10": 0.1286,
        "11": 0.1193,
        "01": 0.1231
    },
    "z1y1_z0u2y1": {
        "00": 0.1235,
        "10": 0.1254,
        "11": 0.12835,
        "01": 0.1234
    },
    "z0u1y0_z0u1y1": {},
    "z0u3y0_z0u3y0": {
        "00": 0.1237,
        "10": 0.1264,
        "11": 0.1282,
        "01": 0.123
    },
    "z1y0_z0u1y0": {
        "00": 0.2477,
        "01": 0.2523
    },
    "z0u3y0_z1y0": {
        "00": 0.2508,
        "01": 0.2512
    },
    "z0u3y1_z0u3y0": {
        "00": 0.1235,
        "10": 0.1261,
        "11": 0.1263,
        "01": 0.1184
    },
    "z0u2y0_z1y1": {
        "10": 0.2536,
        "11": 0.2456
    },
    "z0u2y1_z0u3y1": {
        "00": 0.1299,
        "10": 0.1256,
        "11": 0.1241,
        "01": 0.1228
    },
    "z0u3y1_z0u2y1": {
        "00": 0.1201,
        "10": 0.129,
        "11": 0.1192,
        "01": 0.1261
    },
    "z0u2y0_z0u3y0": {
        "00": 0.1254,
        "10": 0.1276,
        "11": 0.1311,
        "01": 0.1239
    },
    "z0u1y1_z0u3y0": {
        "10": 0.2486,
        "11": 0.251
    },
    "z0u1y1_z0u3y1": {
        "10": 0.2557,
        "11": 0.2447
    },
    "z0u2y1_z0u3y0": {
        "00": 0.1235,
        "10": 0.127,
        "11": 0.1231,
        "01": 0.124
    },
    "z0u1y1_z1y1": {
        "10": 0.499,
        "11": 0.501
    },
    "z0u2y1_z0u1y0": {
        "00": 0.2437,
        "01": 0.2595
    },
    "z1y1_z0u3y1": {
        "00": 0.1229,
        "10": 0.1266,
        "11": 0.12495,
        "01": 0.1248
    },
    "z1y0_z0u3y1": {
        "00": 0.1229,
        "10": 0.1266,
        "11": 0.12495,
        "01": 0.1248
    },
    "z0u1y0_z1y0": {
        "00": 0.4931,
        "01": 0.5069
    },
    "z0u1y1_z1y0": {},
    "z0u1y1_z0u2y1": {
        "10": 0.2464,
        "11": 0.2549
    },
    "z0u2y0_z0u1y0": {
        "00": 0.2527,
        "01": 0.2472
    },
    "z0u1y0_z0u2y1": {
        "00": 0.2476,
        "01": 0.2464
    },
    "z1y1_z0u2y0": {
        "00": 0.1268,
        "10": 0.12065,
        "11": 0.1256,
        "01": 0.1263
    },
    "z0u2y0_z0u1y1": {
        "10": 0.248,
        "11": 0.2521
    },
    "z0u1y0_z0u2y0": {
        "00": 0.2475,
        "01": 0.2585
    },
    "z1y0_z0u1y1": {
        "10": 0.24835,
        "11": 0.25165
    },
    "z0u3y0_z0u2y1": {
        "00": 0.1213,
        "10": 0.1208,
        "11": 0.1255,
        "01": 0.1278
    },
    "z1y0_z1y1": {
        "10": 0.2486,
        "11": 0.2514
    },
    "z0u1y1_z0u1y0": {},
    "z0u3y1_z0u3y1": {
        "00": 0.1271,
        "10": 0.1235,
        "11": 0.1275,
        "01": 0.1276
    },
    "z1y1_z1y0": {
        "00": 0.25235,
        "01": 0.24765
    },
    "z0u3y1_z0u1y0": {
        "00": 0.246,
        "01": 0.2478
    },
    "z1y1_z0u1y1": {
        "10": 0.24835,
        "11": 0.25165
    },
    "z1y0_z1y0": {
        "00": 0.25235,
        "01": 0.24765
    },
    "z0u2y1_z1y1": {
        "10": 0.2482,
        "11": 0.2483
    },
    "z0u1y1_z0u1y1": {
        "10": 0.4987,
        "11": 0.5013
    },
    "z0u2y1_z0u1y1": {
        "10": 0.2565,
        "11": 0.2403
    },
    "z0u3y1_z0u2y0": {
        "00": 0.128,
        "10": 0.126,
        "11": 0.1269,
        "01": 0.1247
    },
    "z1y1_z1y1": {
        "10": 0.2486,
        "11": 0.2514
    },
    "z0u3y0_z0u1y0": {
        "00": 0.2505,
        "01": 0.249
    },
    "z0u2y0_z0u3y1": {
        "00": 0.1253,
        "10": 0.1293,
        "11": 0.1157,
        "01": 0.1217
    },
    "z0u3y0_z0u3y1": {
        "00": 0.125,
        "10": 0.1162,
        "11": 0.1271,
        "01": 0.1304
    },
    "z0u3y0_z1y1": {
        "10": 0.2467,
        "11": 0.2513
    },
    "z1y0_z0u2y0": {
        "00": 0.1268,
        "10": 0.12065,
        "11": 0.1256,
        "01": 0.1263
    },
    "z1y0_z0u2y1": {
        "00": 0.1235,
        "10": 0.1254,
        "11": 0.12835,
        "01": 0.1234
    },
    "z0u1y1_z0u2y0": {
        "10": 0.2486,
        "11": 0.2501
    },
    "z0u3y0_z0u1y1": {
        "10": 0.2466,
        "11": 0.2539
    },
    "z0u2y0_z1y0": {
        "00": 0.2499,
        "01": 0.2509
    },
    "z0u3y1_z1y1": {
        "10": 0.2472,
        "11": 0.2487
    },
    "z0u1y0_z0u3y1": {
        "00": 0.2463,
        "01": 0.2525
    },
    "z0u2y1_z0u2y0": {
        "00": 0.1282,
        "10": 0.1232,
        "11": 0.1207,
        "01": 0.1204
    },
    "z0u2y1_z0u2y1": {
        "00": 0.1263,
        "10": 0.1289,
        "11": 0.1268,
        "01": 0.1255
    },
    "z0u1y0_z0u1y0": {
        "00": 0.5026,
        "01": 0.4974
    },
    "z0u2y0_z0u2y1": {
        "00": 0.1167,
        "10": 0.1253,
        "11": 0.1276,
        "01": 0.1346
    },
    "z0u3y1_z1y0": {
        "00": 0.2593,
        "01": 0.2448
    },
    "z0u2y1_z1y0": {
        "00": 0.2544,
        "01": 0.2491
    },
    "z1y1_z0u3y0": {
        "00": 0.13005,
        "10": 0.1251,
        "11": 0.12335,
        "01": 0.12225
    },
    "z1y0_z0u3y0": {
        "00": 0.13005,
        "10": 0.1251,
        "11": 0.12335,
        "01": 0.12225
    },
    "z1y1_z0u1y0": {
        "00": 0.2477,
        "01": 0.2523
    },
    "z0u3y0_z0u2y0": {
        "00": 0.1251,
        "10": 0.1276,
        "11": 0.1192,
        "01": 0.1327
    },
    "z0u1y0_z1y1": {},
    "z0u1y0_z0u3y0": {
        "00": 0.2556,
        "01": 0.2456
    }
}
