{
    "z0u3y1_z0u1y1": {
        "00": 0.1212,
        "10": 0.1259,
        "11": 0.1288,
        "01": 0.1228
    },
    "z0u2y0_z0u2y0": {
        "00": 0.1276,
        "10": 0.1231,
        "11": 0.1271,
        "01": 0.1265
    },
    "z1y1_z0u2y1": {
        "00": 0.1285,
        "10": 0.12125,
        "11": 0.12345,
        "01": 0.12415
    },
    "z0u1y0_z0u1y1": {},
    "z0u3y0_z0u3y0": {
        "00": 0.1284,
        "10": 0.1222,
        "11": 0.1269,
        "01": 0.1203
    },
    "z1y0_z0u1y0": {
        "00": 0.12725,
        "10": 0.1247,
        "11": 0.12495,
        "01": 0.1231
    },
    "z0u3y0_z1y0": {
        "00": 0.1249,
        "10": 0.1245,
        "11": 0.1261,
        "01": 0.1207
    },
    "z0u3y1_z0u3y0": {
        "00": 0.13,
        "10": 0.1222,
        "11": 0.1236,
        "01": 0.1172
    },
    "z0u2y0_z1y1": {
        "00": 0.1263,
        "10": 0.1238,
        "11": 0.1208,
        "01": 0.1213
    },
    "z0u2y1_z0u3y1": {
        "00": 0.2566,
        "11": 0.2483
    },
    "z0u3y1_z0u2y1": {
        "10": 0.2526,
        "01": 0.25
    },
    "z0u2y0_z0u3y0": {
        "00": 0.2497,
        "11": 0.2523
    },
    "z0u1y1_z0u3y0": {
        "00": 0.1216,
        "10": 0.1251,
        "11": 0.1322,
        "01": 0.1205
    },
    "z0u1y1_z0u3y1": {
        "00": 0.1319,
        "10": 0.1221,
        "11": 0.1214,
        "01": 0.1252
    },
    "z0u2y1_z0u3y0": {
        "10": 0.2515,
        "01": 0.2436
    },
    "z0u1y1_z1y1": {
        "00": 0.252,
        "10": 0.2472,
        "11": 0.2485,
        "01": 0.2523
    },
    "z0u2y1_z0u1y0": {
        "00": 0.1281,
        "10": 0.1205,
        "11": 0.1262,
        "01": 0.1242
    },
    "z1y1_z0u3y1": {
        "00": 0.12845,
        "10": 0.1232,
        "11": 0.12385,
        "01": 0.1266
    },
    "z1y0_z0u3y1": {
        "00": 0.12845,
        "10": 0.1232,
        "11": 0.12385,
        "01": 0.1266
    },
    "z0u1y0_z1y0": {
        "00": 0.2433,
        "10": 0.2456,
        "11": 0.2586,
        "01": 0.2525
    },
    "z0u1y1_z1y0": {},
    "z0u1y1_z0u2y1": {
        "00": 0.1267,
        "10": 0.1295,
        "11": 0.124,
        "01": 0.1251
    },
    "z0u2y0_z0u1y0": {
        "00": 0.1311,
        "10": 0.1224,
        "11": 0.1258,
        "01": 0.1235
    },
    "z0u1y0_z0u2y1": {
        "00": 0.1223,
        "10": 0.1288,
        "11": 0.1214,
        "01": 0.124
    },
    "z1y1_z0u2y0": {
        "00": 0.1257,
        "10": 0.13005,
        "11": 0.12475,
        "01": 0.12215
    },
    "z0u2y0_z0u1y1": {
        "00": 0.1241,
        "10": 0.1224,
        "11": 0.129,
        "01": 0.1217
    },
    "z0u1y0_z0u2y0": {
        "00": 0.1334,
        "10": 0.1261,
        "11": 0.118,
        "01": 0.126
    },
    "z1y0_z0u1y1": {
        "00": 0.1233,
        "10": 0.12305,
        "11": 0.1249,
        "01": 0.12875
    },
    "z0u3y0_z0u2y1": {
        "00": 0.246,
        "11": 0.2506
    },
    "z1y0_z1y1": {
        "00": 0.1232,
        "10": 0.12475,
        "11": 0.12725,
        "01": 0.1248
    },
    "z0u1y1_z0u1y0": {},
    "z0u3y1_z0u3y1": {
        "00": 0.1266,
        "10": 0.1244,
        "11": 0.128,
        "01": 0.128
    },
    "z1y1_z1y0": {
        "00": 0.12375,
        "10": 0.1268,
        "11": 0.1258,
        "01": 0.12365
    },
    "z0u3y1_z0u1y0": {
        "00": 0.1275,
        "10": 0.1258,
        "11": 0.1229,
        "01": 0.1251
    },
    "z1y1_z0u1y1": {
        "00": 0.1233,
        "10": 0.12305,
        "11": 0.1249,
        "01": 0.12875
    },
    "z1y0_z1y0": {
        "00": 0.12375,
        "10": 0.1268,
        "11": 0.1258,
        "01": 0.12365
    },
    "z0u2y1_z1y1": {
        "00": 0.1222,
        "10": 0.1252,
        "11": 0.1274,
        "01": 0.1269
    },
    "z0u1y1_z0u1y1": {
        "00": 0.2528,
        "10": 0.2502,
        "11": 0.2464,
        "01": 0.2506
    },
    "z0u2y1_z0u1y1": {
        "00": 0.121,
        "10": 0.1248,
        "11": 0.126,
        "01": 0.1292
    },
    "z0u3y1_z0u2y0": {
        "00": 0.2484,
        "11": 0.249
    },
    "z1y1_z1y1": {
        "00": 0.1232,
        "10": 0.12475,
        "11": 0.12725,
        "01": 0.1248
    },
    "z0u3y0_z0u1y0": {
        "00": 0.1231,
        "10": 0.1266,
        "11": 0.1221,
        "01": 0.1235
    },
    "z0u2y0_z0u3y1": {
        "10": 0.2533,
        "01": 0.2447
    },
    "z0u3y0_z0u3y1": {
        "00": 0.1308,
        "10": 0.1231,
        "11": 0.1231,
        "01": 0.1252
    },
    "z0u3y0_z1y1": {
        "00": 0.1189,
        "10": 0.123,
        "11": 0.1316,
        "01": 0.1303
    },
    "z1y0_z0u2y0": {
        "00": 0.1257,
        "10": 0.13005,
        "11": 0.12475,
        "01": 0.12215
    },
    "z1y0_z0u2y1": {
        "00": 0.1285,
        "10": 0.12125,
        "11": 0.12345,
        "01": 0.12415
    },
    "z0u1y1_z0u2y0": {
        "00": 0.1201,
        "10": 0.1251,
        "11": 0.1271,
        "01": 0.1224
    },
    "z0u3y0_z0u1y1": {
        "00": 0.1238,
        "10": 0.1249,
        "11": 0.131,
        "01": 0.125
    },
    "z0u2y0_z1y0": {
        "00": 0.1322,
        "10": 0.1273,
        "11": 0.1266,
        "01": 0.1217
    },
    "z0u3y1_z1y1": {
        "00": 0.1272,
        "10": 0.1286,
        "11": 0.1201,
        "01": 0.125
    },
    "z0u1y0_z0u3y1": {
        "00": 0.1204,
        "10": 0.1312,
        "11": 0.1251,
        "01": 0.129
    },
    "z0u2y1_z0u2y0": {
        "00": 0.1273,
        "10": 0.126,
        "11": 0.1221,
        "01": 0.1278
    },
    "z0u2y1_z0u2y1": {
        "00": 0.1237,
        "10": 0.1245,
        "11": 0.1212,
        "01": 0.1274
    },
    "z0u1y0_z0u1y0": {
        "00": 0.2479,
        "10": 0.2482,
        "11": 0.2515,
        "01": 0.2524
    },
    "z0u2y0_z0u2y1": {
        "00": 0.1236,
        "10": 0.1308,
        "11": 0.1223,
        "01": 0.119
    },
    "z0u3y1_z1y0": {
        "00": 0.1219,
        "10": 0.126,
        "11": 0.1289,
        "01": 0.1223
    },
    "z0u2y1_z1y0": {
        "00": 0.1256,
        "10": 0.1274,
        "11": 0.1253,
        "01": 0.12
    },
    "z1y1_z0u3y0": {
        "00": 0.11985,
        "10": 0.12595,
        "11": 0.12535,
        "01": 0.12675
    },
    "z1y0_z0u3y0": {
        "00": 0.11985,
        "10": 0.12595,
        "11": 0.12535,
        "01": 0.12675
    },
    "z1y1_z0u1y0": {
        "00": 0.12725,
        "10": 0.1247,
        "11": 0.12495,
        "01": 0.1231
    },
    "z0u3y0_z0u2y0": {
        "10": 0.246,
        "01": 0.2574
    },
    "z0u1y0_z1y1": {},
    "z0u1y0_z0u3y0": {
        "00": 0.1228,
        "10": 0.1294,
        "11": 0.1193,
        "01": 0.1228
    }
}
