{
    "z0u3y1_z0u1y1": {
        "00": 0.1256,
        "10": 0.124,
        "11": 0.1301,
        "01": 0.1236
    },
    "z0u2y0_z0u2y0": {
        "00": 0.1248,
        "10": 0.1292,
        "11": 0.1214,
        "01": 0.123
    },
    "z1y1_z0u2y1": {
        "00": 0.1251,
        "10": 0.1254,
        "11": 0.1273,
        "01": 0.12565
    },
    "z0u1y0_z0u1y1": {},
    "z0u3y0_z0u3y0": {
        "00": 0.1259,
        "10": 0.1261,
        "11": 0.1224,
        "01": 0.1263
    },
    "z1y0_z0u1y0": {
        "00": 0.1243,
        "10": 0.12625,
        "11": 0.1256,
        "01": 0.12385
    },
    "z0u3y0_z1y0": {
        "00": 0.1275,
        "10": 0.1274,
        "11": 0.1263,
        "01": 0.1206
    },
    "z0u3y1_z0u3y0": {
        "00": 0.1212,
        "10": 0.1257,
        "11": 0.1228,
        "01": 0.1236
    },
    "z0u2y0_z1y1": {
        "00": 0.1282,
        "10": 0.1268,
        "11": 0.1235,
        "01": 0.1237
    },
    "z0u2y1_z0u3y1": {
        "00": 0.2508,
        "11": 0.2557
    },
    "z0u3y1_z0u2y1": {
        "10": 0.2472,
        "01": 0.248
    },
    "z0u2y0_z0u3y0": {
        "00": 0.2525,
        "11": 0.2495
    },
    "z0u1y1_z0u3y0": {
        "00": 0.122,
        "10": 0.1219,
        "11": 0.1274,
        "01": 0.1281
    },
    "z0u1y1_z0u3y1": {
        "00": 0.1217,
        "10": 0.1211,
        "11": 0.1292,
        "01": 0.1286
    },
    "z0u2y1_z0u3y0": {
        "10": 0.2489,
        "01": 0.2446
    },
    "z0u1y1_z1y1": {
        "00": 0.2529,
        "10": 0.2535,
        "11": 0.2433,
        "01": 0.2503
    },
    "z0u2y1_z0u1y0": {
        "00": 0.1282,
        "10": 0.1252,
        "11": 0.1229,
        "01": 0.1215
    },
    "z1y1_z0u3y1": {
        "00": 0.1244,
        "10": 0.12485,
        "11": 0.12985,
        "01": 0.1247
    },
    "z1y0_z0u3y1": {
        "00": 0.1244,
        "10": 0.12485,
        "11": 0.12985,
        "01": 0.1247
    },
    "z0u1y0_z1y0": {
        "00": 0.2467,
        "10": 0.2548,
        "11": 0.2518,
        "01": 0.2467
    },
    "z0u1y1_z1y0": {},
    "z0u1y1_z0u2y1": {
        "00": 0.1248,
        "10": 0.1262,
        "11": 0.1241,
        "01": 0.1259
    },
    "z0u2y0_z0u1y0": {
        "00": 0.1295,
        "10": 0.1262,
        "11": 0.1221,
        "01": 0.1213
    },
    "z0u1y0_z0u2y1": {
        "00": 0.1189,
        "10": 0.1222,
        "11": 0.1265,
        "01": 0.1275
    },
    "z1y1_z0u2y0": {
        "00": 0.1233,
        "10": 0.1261,
        "11": 0.1225,
        "01": 0.12465
    },
    "z0u2y0_z0u1y1": {
        "00": 0.1276,
        "10": 0.1174,
        "11": 0.1266,
        "01": 0.1293
    },
    "z0u1y0_z0u2y0": {
        "00": 0.1295,
        "10": 0.1209,
        "11": 0.1264,
        "01": 0.1281
    },
    "z1y0_z0u1y1": {
        "00": 0.1262,
        "10": 0.12325,
        "11": 0.12375,
        "01": 0.1268
    },
    "z0u3y0_z0u2y1": {
        "00": 0.2525,
        "11": 0.2508
    },
    "z1y0_z1y1": {
        "00": 0.12335,
        "10": 0.124,
        "11": 0.1267,
        "01": 0.12595
    },
    "z0u1y1_z0u1y0": {},
    "z0u3y1_z0u3y1": {
        "00": 0.128,
        "10": 0.1295,
        "11": 0.1234,
        "01": 0.1258
    },
    "z1y1_z1y0": {
        "00": 0.1267,
        "10": 0.12465,
        "11": 0.12475,
        "01": 0.1239
    },
    "z0u3y1_z0u1y0": {
        "00": 0.126,
        "10": 0.1228,
        "11": 0.1195,
        "01": 0.1284
    },
    "z1y1_z0u1y1": {
        "00": 0.1262,
        "10": 0.12325,
        "11": 0.12375,
        "01": 0.1268
    },
    "z1y0_z1y0": {
        "00": 0.1267,
        "10": 0.12465,
        "11": 0.12475,
        "01": 0.1239
    },
    "z0u2y1_z1y1": {
        "00": 0.1217,
        "10": 0.122,
        "11": 0.1303,
        "01": 0.1214
    },
    "z0u1y1_z0u1y1": {
        "00": 0.2485,
        "10": 0.2493,
        "11": 0.2502,
        "01": 0.252
    },
    "z0u2y1_z0u1y1": {
        "00": 0.1175,
        "10": 0.1292,
        "11": 0.1276,
        "01": 0.1279
    },
    "z0u3y1_z0u2y0": {
        "00": 0.2575,
        "11": 0.2473
    },
    "z1y1_z1y1": {
        "00": 0.12335,
        "10": 0.124,
        "11": 0.1267,
        "01": 0.12595
    },
    "z0u3y0_z0u1y0": {
        "00": 0.1289,
        "10": 0.1207,
        "11": 0.1303,
        "01": 0.1216
    },
    "z0u2y0_z0u3y1": {
        "10": 0.2478,
        "01": 0.2502
    },
    "z0u3y0_z0u3y1": {
        "00": 0.1262,
        "10": 0.1238,
        "11": 0.1255,
        "01": 0.1238
    },
    "z0u3y0_z1y1": {
        "00": 0.1245,
        "10": 0.1219,
        "11": 0.1281,
        "01": 0.1237
    },
    "z1y0_z0u2y0": {
        "00": 0.1233,
        "10": 0.1261,
        "11": 0.1225,
        "01": 0.12465
    },
    "z1y0_z0u2y1": {
        "00": 0.1251,
        "10": 0.1254,
        "11": 0.1273,
        "01": 0.12565
    },
    "z0u1y1_z0u2y0": {
        "00": 0.13,
        "10": 0.1286,
        "11": 0.1218,
        "01": 0.1186
    },
    "z0u3y0_z0u1y1": {
        "00": 0.1285,
        "10": 0.1205,
        "11": 0.1234,
        "01": 0.1261
    },
    "z0u2y0_z1y0": {
        "00": 0.1178,
        "10": 0.1295,
        "11": 0.1259,
        "01": 0.1246
    },
    "z0u3y1_z1y1": {
        "00": 0.1253,
        "10": 0.1243,
        "11": 0.1228,
        "01": 0.1193
    },
    "z0u1y0_z0u3y1": {
        "00": 0.1229,
        "10": 0.1314,
        "11": 0.1215,
        "01": 0.122
    },
    "z0u2y1_z0u2y0": {
        "00": 0.1269,
        "10": 0.1243,
        "11": 0.1235,
        "01": 0.1237
    },
    "z0u2y1_z0u2y1": {
        "00": 0.126,
        "10": 0.125,
        "11": 0.1234,
        "01": 0.1272
    },
    "z0u1y0_z0u1y0": {
        "00": 0.261,
        "10": 0.2521,
        "11": 0.2419,
        "01": 0.245
    },
    "z0u2y0_z0u2y1": {
        "00": 0.1229,
        "10": 0.1229,
        "11": 0.1234,
        "01": 0.1324
    },
    "z0u3y1_z1y0": {
        "00": 0.1258,
        "10": 0.129,
        "11": 0.1227,
        "01": 0.1308
    },
    "z0u2y1_z1y0": {
        "00": 0.1259,
        "10": 0.1261,
        "11": 0.1265,
        "01": 0.1261
    },
    "z1y1_z0u3y0": {
        "00": 0.12345,
        "10": 0.12265,
        "11": 0.1253,
        "01": 0.1248
    },
    "z1y0_z0u3y0": {
        "00": 0.12345,
        "10": 0.12265,
        "11": 0.1253,
        "01": 0.1248
    },
    "z1y1_z0u1y0": {
        "00": 0.1243,
        "10": 0.12625,
        "11": 0.1256,
        "01": 0.12385
    },
    "z0u3y0_z0u2y0": {
        "10": 0.2478,
        "01": 0.2489
    },
    "z0u1y0_z1y1": {},
    "z0u1y0_z0u3y0": {
        "00": 0.1291,
        "10": 0.1246,
        "11": 0.1225,
        "01": 0.126
    }
}
