{
    "z0u3y1_z0u1y1": {
        "10": 0.2468,
        "11": 0.257
    },
    "z0u2y0_z0u2y0": {
        "00": 0.1239,
        "10": 0.1288,
        "11": 0.1245,
        "01": 0.1233
    },
    "z1y1_z0u2y1": {
        "00": 0.1246,
        "10": 0.12495,
        "11": 0.12925,
        "01": 0.1248
    },
    "z0u1y0_z0u1y1": {},
    "z0u3y0_z0u3y0": {
        "00": 0.125,
        "10": 0.1277,
        "11": 0.127,
        "01": 0.1248
    },
    "z1y0_z0u1y0": {
        "00": 0.24765,
        "01": 0.25235
    },
    "z0u3y0_z1y0": {
        "00": 0.2489,
        "01": 0.2511
    },
    "z0u3y1_z0u3y0": {
        "00": 0.1258,
        "10": 0.1268,
        "11": 0.119,
        "01": 0.1297
    },
    "z0u2y0_z1y1": {
        "10": 0.2479,
        "11": 0.247
    },
    "z0u2y1_z0u3y1": {
        "00": 0.1235,
        "10": 0.1244,
        "11": 0.1201,
        "01": 0.1239
    },
    "z0u3y1_z0u2y1": {
        "00": 0.1227,
        "10": 0.1307,
        "11": 0.1223,
        "01": 0.1292
    },
    "z0u2y0_z0u3y0": {
        "00": 0.1308,
        "10": 0.1256,
        "11": 0.1217,
        "01": 0.122
    },
    "z0u1y1_z0u3y0": {
        "10": 0.2469,
        "11": 0.2531
    },
    "z0u1y1_z0u3y1": {
        "10": 0.2443,
        "11": 0.2557
    },
    "z0u2y1_z0u3y0": {
        "00": 0.1296,
        "10": 0.1297,
        "11": 0.1273,
        "01": 0.1215
    },
    "z0u1y1_z1y1": {
        "10": 0.4977,
        "11": 0.5023
    },
    "z0u2y1_z0u1y0": {
        "00": 0.2517,
        "01": 0.243
    },
    "z1y1_z0u3y1": {
        "00": 0.1247,
        "10": 0.12685,
        "11": 0.1201,
        "01": 0.1238
    },
    "z1y0_z0u3y1": {
        "00": 0.1247,
        "10": 0.12685,
        "11": 0.1201,
        "01": 0.1238
    },
    "z0u1y0_z1y0": {
        "00": 0.5029,
        "01": 0.4971
    },
    "z0u1y1_z1y0": {},
    "z0u1y1_z0u2y1": {
        "10": 0.2504,
        "11": 0.2475
    },
    "z0u2y0_z0u1y0": {
        "00": 0.2496,
        "01": 0.2474
    },
    "z0u1y0_z0u2y1": {
        "00": 0.2498,
        "01": 0.2513
    },
    "z1y1_z0u2y0": {
        "00": 0.12585,
        "10": 0.1262,
        "11": 0.1196,
        "01": 0.12475
    },
    "z0u2y0_z0u1y1": {
        "10": 0.2477,
        "11": 0.2553
    },
    "z0u1y0_z0u2y0": {
        "00": 0.2475,
        "01": 0.2514
    },
    "z1y0_z0u1y1": {
        "10": 0.2461,
        "11": 0.2539
    },
    "z0u3y0_z0u2y1": {
        "00": 0.1236,
        "10": 0.1222,
        "11": 0.1223,
        "01": 0.1228
    },
    "z1y0_z1y1": {
        "10": 0.25325,
        "11": 0.24675
    },
    "z0u1y1_z0u1y0": {},
    "z0u3y1_z0u3y1": {
        "00": 0.1267,
        "10": 0.121,
        "11": 0.127,
        "01": 0.124
    },
    "z1y1_z1y0": {
        "00": 0.25025,
        "01": 0.24975
    },
    "z0u3y1_z0u1y0": {
        "00": 0.2452,
        "01": 0.251
    },
    "z1y1_z0u1y1": {
        "10": 0.2461,
        "11": 0.2539
    },
    "z1y0_z1y0": {
        "00": 0.25025,
        "01": 0.24975
    },
    "z0u2y1_z1y1": {
        "10": 0.2511,
        "11": 0.2495
    },
    "z0u1y1_z0u1y1": {
        "10": 0.4999,
        "11": 0.5001
    },
    "z0u2y1_z0u1y1": {
        "10": 0.2559,
        "11": 0.2494
    },
    "z0u3y1_z0u2y0": {
        "00": 0.1215,
        "10": 0.121,
        "11": 0.1251,
        "01": 0.1275
    },
    "z1y1_z1y1": {
        "10": 0.25325,
        "11": 0.24675
    },
    "z0u3y0_z0u1y0": {
        "00": 0.2495,
        "01": 0.2546
    },
    "z0u2y0_z0u3y1": {
        "00": 0.1212,
        "10": 0.1292,
        "11": 0.126,
        "01": 0.1235
    },
    "z0u3y0_z0u3y1": {
        "00": 0.1191,
        "10": 0.125,
        "11": 0.1275,
        "01": 0.1239
    },
    "z0u3y0_z1y1": {
        "10": 0.2463,
        "11": 0.2537
    },
    "z1y0_z0u2y0": {
        "00": 0.12585,
        "10": 0.1262,
        "11": 0.1196,
        "01": 0.12475
    },
    "z1y0_z0u2y1": {
        "00": 0.1246,
        "10": 0.12495,
        "11": 0.12925,
        "01": 0.1248
    },
    "z0u1y1_z0u2y0": {
        "10": 0.2456,
        "11": 0.2565
    },
    "z0u3y0_z0u1y1": {
        "10": 0.2437,
        "11": 0.2522
    },
    "z0u2y0_z1y0": {
        "00": 0.2546,
        "01": 0.2505
    },
    "z0u3y1_z1y1": {
        "10": 0.2437,
        "11": 0.2556
    },
    "z0u1y0_z0u3y1": {
        "00": 0.2516,
        "01": 0.2539
    },
    "z0u2y1_z0u2y0": {
        "00": 0.1226,
        "10": 0.1255,
        "11": 0.1254,
        "01": 0.1233
    },
    "z0u2y1_z0u2y1": {
        "00": 0.1248,
        "10": 0.1263,
        "11": 0.1257,
        "01": 0.1264
    },
    "z0u1y0_z0u1y0": {
        "00": 0.4974,
        "01": 0.5026
    },
    "z0u2y0_z0u2y1": {
        "00": 0.1191,
        "10": 0.1244,
        "11": 0.1264,
        "01": 0.1296
    },
    "z0u3y1_z1y0": {
        "00": 0.2509,
        "01": 0.2498
    },
    "z0u2y1_z1y0": {
        "00": 0.2426,
        "01": 0.2568
    },
    "z1y1_z0u3y0": {
        "00": 0.1244,
        "10": 0.12835,
        "11": 0.1247,
        "01": 0.1271
    },
    "z1y0_z0u3y0": {
        "00": 0.1244,
        "10": 0.12835,
        "11": 0.1247,
        "01": 0.1271
    },
    "z1y1_z0u1y0": {
        "00": 0.24765,
        "01": 0.25235
    },
    "z0u3y0_z0u2y0": {
        "00": 0.1284,
        "10": 0.1252,
        "11": 0.127,
        "01": 0.1285
    },
    "z0u1y0_z1y1": {},
    "z0u1y0_z0u3y0": {
        "00": 0.244,
        "01": 0.2505
    }
}
