{
    "z0u3y1_z0u1y1": {
        "00": 0.1213,
        "10": 0.124,
        "11": 0.1213,
        "01": 0.1267
    },
    "z0u2y0_z0u2y0": {
        "00": 0.2448,
        "11": 0.2516
    },
    "z1y1_z0u2y1": {
        "00": 0.1248,
        "10": 0.12635,
        "11": 0.12385,
        "01": 0.12705
    },
    "z0u1y0_z0u1y1": {},
    "z0u3y0_z0u3y0": {
        "00": 0.2479,
        "11": 0.2506
    },
    "z1y0_z0u1y0": {
        "00": 0.12555,
        "10": 0.1229,
        "11": 0.12525,
        "01": 0.1263
    },
    "z0u3y0_z1y0": {
        "00": 0.1304,
        "10": 0.1217,
        "11": 0.1253,
        "01": 0.1191
    },
    "z0u3y1_z0u3y0": {
        "10": 0.245,
        "01": 0.2524
    },
    "z0u2y0_z1y1": {
        "00": 0.1249,
        "10": 0.1198,
        "11": 0.1212,
        "01": 0.1254
    },
    "z0u2y1_z0u3y1": {
        "00": 0.1221,
        "10": 0.1311,
        "11": 0.1299,
        "01": 0.1265
    },
    "z0u3y1_z0u2y1": {
        "00": 0.1189,
        "10": 0.1308,
        "11": 0.1244,
        "01": 0.1271
    },
    "z0u2y0_z0u3y0": {
        "00": 0.1242,
        "10": 0.1227,
        "11": 0.1279,
        "01": 0.1244
    },
    "z0u1y1_z0u3y0": {
        "00": 0.1239,
        "10": 0.1198,
        "11": 0.1216,
        "01": 0.125
    },
    "z0u1y1_z0u3y1": {
        "00": 0.1299,
        "10": 0.1228,
        "11": 0.1293,
        "01": 0.1277
    },
    "z0u2y1_z0u3y0": {
        "00": 0.1269,
        "10": 0.121,
        "11": 0.1248,
        "01": 0.1177
    },
    "z0u1y1_z1y1": {
        "00": 0.256,
        "10": 0.2496,
        "11": 0.2463,
        "01": 0.2481
    },
    "z0u2y1_z0u1y0": {
        "00": 0.1281,
        "10": 0.1235,
        "11": 0.1199,
        "01": 0.1233
    },
    "z1y1_z0u3y1": {
        "00": 0.12525,
        "10": 0.1233,
        "11": 0.1241,
        "01": 0.12315
    },
    "z1y0_z0u3y1": {
        "00": 0.12525,
        "10": 0.1233,
        "11": 0.1241,
        "01": 0.12315
    },
    "z0u1y0_z1y0": {
        "00": 0.2494,
        "10": 0.2523,
        "11": 0.2526,
        "01": 0.2457
    },
    "z0u1y1_z1y0": {},
    "z0u1y1_z0u2y1": {
        "00": 0.1286,
        "10": 0.1213,
        "11": 0.1255,
        "01": 0.1247
    },
    "z0u2y0_z0u1y0": {
        "00": 0.1295,
        "10": 0.1271,
        "11": 0.1259,
        "01": 0.1194
    },
    "z0u1y0_z0u2y1": {
        "00": 0.1217,
        "10": 0.1268,
        "11": 0.1293,
        "01": 0.1209
    },
    "z1y1_z0u2y0": {
        "00": 0.12035,
        "10": 0.126,
        "11": 0.12555,
        "01": 0.12605
    },
    "z0u2y0_z0u1y1": {
        "00": 0.1265,
        "10": 0.1237,
        "11": 0.1282,
        "01": 0.1197
    },
    "z0u1y0_z0u2y0": {
        "00": 0.1235,
        "10": 0.1263,
        "11": 0.1248,
        "01": 0.1267
    },
    "z1y0_z0u1y1": {
        "00": 0.1263,
        "10": 0.1248,
        "11": 0.1258,
        "01": 0.1231
    },
    "z0u3y0_z0u2y1": {
        "00": 0.1277,
        "10": 0.1266,
        "11": 0.1224,
        "01": 0.1275
    },
    "z1y0_z1y1": {
        "00": 0.12435,
        "10": 0.12365,
        "11": 0.1229,
        "01": 0.1291
    },
    "z0u1y1_z0u1y0": {},
    "z0u3y1_z0u3y1": {
        "00": 0.2541,
        "11": 0.2485
    },
    "z1y1_z1y0": {
        "00": 0.1233,
        "10": 0.1283,
        "11": 0.12505,
        "01": 0.12335
    },
    "z0u3y1_z0u1y0": {
        "00": 0.123,
        "10": 0.1346,
        "11": 0.1213,
        "01": 0.1278
    },
    "z1y1_z0u1y1": {
        "00": 0.1263,
        "10": 0.1248,
        "11": 0.1258,
        "01": 0.1231
    },
    "z1y0_z1y0": {
        "00": 0.1233,
        "10": 0.1283,
        "11": 0.12505,
        "01": 0.12335
    },
    "z0u2y1_z1y1": {
        "00": 0.1221,
        "10": 0.1257,
        "11": 0.128,
        "01": 0.128
    },
    "z0u1y1_z0u1y1": {
        "00": 0.2504,
        "10": 0.2461,
        "11": 0.249,
        "01": 0.2545
    },
    "z0u2y1_z0u1y1": {
        "00": 0.1244,
        "10": 0.1272,
        "11": 0.1219,
        "01": 0.1317
    },
    "z0u3y1_z0u2y0": {
        "00": 0.1203,
        "10": 0.1266,
        "11": 0.1221,
        "01": 0.1298
    },
    "z1y1_z1y1": {
        "00": 0.12435,
        "10": 0.12365,
        "11": 0.1229,
        "01": 0.1291
    },
    "z0u3y0_z0u1y0": {
        "00": 0.1257,
        "10": 0.1275,
        "11": 0.1225,
        "01": 0.1243
    },
    "z0u2y0_z0u3y1": {
        "00": 0.1225,
        "10": 0.127,
        "11": 0.1293,
        "01": 0.122
    },
    "z0u3y0_z0u3y1": {
        "10": 0.2532,
        "01": 0.2483
    },
    "z0u3y0_z1y1": {
        "00": 0.1257,
        "10": 0.1242,
        "11": 0.1272,
        "01": 0.1264
    },
    "z1y0_z0u2y0": {
        "00": 0.12035,
        "10": 0.126,
        "11": 0.12555,
        "01": 0.12605
    },
    "z1y0_z0u2y1": {
        "00": 0.1248,
        "10": 0.12635,
        "11": 0.12385,
        "01": 0.12705
    },
    "z0u1y1_z0u2y0": {
        "00": 0.1245,
        "10": 0.1225,
        "11": 0.1284,
        "01": 0.1245
    },
    "z0u3y0_z0u1y1": {
        "00": 0.1197,
        "10": 0.1303,
        "11": 0.1221,
        "01": 0.1279
    },
    "z0u2y0_z1y0": {
        "00": 0.1333,
        "10": 0.1303,
        "11": 0.1228,
        "01": 0.1223
    },
    "z0u3y1_z1y1": {
        "00": 0.1314,
        "10": 0.1271,
        "11": 0.1228,
        "01": 0.1212
    },
    "z0u1y0_z0u3y1": {
        "00": 0.1256,
        "10": 0.1294,
        "11": 0.1246,
        "01": 0.126
    },
    "z0u2y1_z0u2y0": {
        "10": 0.2489,
        "01": 0.2463
    },
    "z0u2y1_z0u2y1": {
        "00": 0.2583,
        "11": 0.2465
    },
    "z0u1y0_z0u1y0": {
        "00": 0.2499,
        "10": 0.2457,
        "11": 0.2467,
        "01": 0.2577
    },
    "z0u2y0_z0u2y1": {
        "10": 0.2567,
        "01": 0.2469
    },
    "z0u3y1_z1y0": {
        "00": 0.1223,
        "10": 0.1276,
        "11": 0.1211,
        "01": 0.1265
    },
    "z0u2y1_z1y0": {
        "00": 0.1281,
        "10": 0.1237,
        "11": 0.1248,
        "01": 0.1196
    },
    "z1y1_z0u3y0": {
        "00": 0.1253,
        "10": 0.1244,
        "11": 0.12705,
        "01": 0.12745
    },
    "z1y0_z0u3y0": {
        "00": 0.1253,
        "10": 0.1244,
        "11": 0.12705,
        "01": 0.12745
    },
    "z1y1_z0u1y0": {
        "00": 0.12555,
        "10": 0.1229,
        "11": 0.12525,
        "01": 0.1263
    },
    "z0u3y0_z0u2y0": {
        "00": 0.121,
        "10": 0.1285,
        "11": 0.1234,
        "01": 0.1229
    },
    "z0u1y0_z1y1": {},
    "z0u1y0_z0u3y0": {
        "00": 0.1231,
        "10": 0.1232,
        "11": 0.1215,
        "01": 0.1266
    }
}
