{
    "z0u3y1_z0u1y1": {
        "11": 0.499
    },
    "z0u2y0_z0u2y0": {
        "00": 0.2448,
        "11": 0.2547
    },
    "z1y1_z0u2y1": {
        "00": 0.2475,
        "11": 0.2498
    },
    "z0u1y0_z0u1y1": {},
    "z0u3y0_z0u3y0": {
        "00": 0.2512,
        "11": 0.2494
    },
    "z1y0_z0u1y0": {
        "00": 0.5
    },
    "z0u3y0_z1y0": {
        "00": 0.498
    },
    "z0u3y1_z0u3y0": {
        "00": 0.2542,
        "11": 0.2499
    },
    "z0u2y0_z1y1": {
        "11": 0.4999
    },
    "z0u2y1_z0u3y1": {
        "00": 0.2486,
        "11": 0.2509
    },
    "z0u3y1_z0u2y1": {
        "00": 0.2525,
        "11": 0.2411
    },
    "z0u2y0_z0u3y0": {
        "00": 0.2435,
        "11": 0.2503
    },
    "z0u1y1_z0u3y0": {
        "11": 0.5057
    },
    "z0u1y1_z0u3y1": {
        "11": 0.4943
    },
    "z0u2y1_z0u3y0": {
        "00": 0.2479,
        "11": 0.2526
    },
    "z0u1y1_z1y1": {
        "11": 1.0
    },
    "z0u2y1_z0u1y0": {
        "00": 0.5051
    },
    "z1y1_z0u3y1": {
        "00": 0.25675,
        "11": 0.2513
    },
    "z1y0_z0u3y1": {
        "00": 0.25675,
        "11": 0.2513
    },
    "z0u1y0_z1y0": {
        "00": 1.0
    },
    "z0u1y1_z1y0": {},
    "z0u1y1_z0u2y1": {
        "11": 0.4981
    },
    "z0u2y0_z0u1y0": {
        "00": 0.5032
    },
    "z0u1y0_z0u2y1": {
        "00": 0.4925
    },
    "z1y1_z0u2y0": {
        "00": 0.2525,
        "11": 0.2502
    },
    "z0u2y0_z0u1y1": {
        "11": 0.4968
    },
    "z0u1y0_z0u2y0": {
        "00": 0.5075
    },
    "z1y0_z0u1y1": {
        "11": 0.5
    },
    "z0u3y0_z0u2y1": {
        "00": 0.2504,
        "11": 0.2524
    },
    "z1y0_z1y1": {
        "11": 0.5
    },
    "z0u1y1_z0u1y0": {},
    "z0u3y1_z0u3y1": {
        "00": 0.2438,
        "11": 0.2521
    },
    "z1y1_z1y0": {
        "00": 0.5
    },
    "z0u3y1_z0u1y0": {
        "00": 0.501
    },
    "z1y1_z0u1y1": {
        "11": 0.5
    },
    "z1y0_z1y0": {
        "00": 0.5
    },
    "z0u2y1_z1y1": {
        "11": 0.5049
    },
    "z0u1y1_z0u1y1": {
        "11": 1.0
    },
    "z0u2y1_z0u1y1": {
        "11": 0.4949
    },
    "z0u3y1_z0u2y0": {
        "00": 0.2489,
        "11": 0.2575
    },
    "z1y1_z1y1": {
        "11": 0.5
    },
    "z0u3y0_z0u1y0": {
        "00": 0.4983
    },
    "z0u2y0_z0u3y1": {
        "00": 0.2608,
        "11": 0.2454
    },
    "z0u3y0_z0u3y1": {
        "00": 0.2473,
        "11": 0.2521
    },
    "z0u3y0_z1y1": {
        "11": 0.502
    },
    "z1y0_z0u2y0": {
        "00": 0.2525,
        "11": 0.2502
    },
    "z1y0_z0u2y1": {
        "00": 0.2475,
        "11": 0.2498
    },
    "z0u1y1_z0u2y0": {
        "11": 0.5019
    },
    "z0u3y0_z0u1y1": {
        "11": 0.5017
    },
    "z0u2y0_z1y0": {
        "00": 0.5001
    },
    "z0u3y1_z1y1": {
        "11": 0.5033
    },
    "z0u1y0_z0u3y1": {
        "00": 0.4984
    },
    "z0u2y1_z0u2y0": {
        "00": 0.2437,
        "11": 0.2472
    },
    "z0u2y1_z0u2y1": {
        "00": 0.2586,
        "11": 0.2505
    },
    "z0u1y0_z0u1y0": {
        "00": 1.0
    },
    "z0u2y0_z0u2y1": {
        "00": 0.2505,
        "11": 0.25
    },
    "z0u3y1_z1y0": {
        "00": 0.4967
    },
    "z0u2y1_z1y0": {
        "00": 0.4951
    },
    "z1y1_z0u3y0": {
        "00": 0.24325,
        "11": 0.2487
    },
    "z1y0_z0u3y0": {
        "00": 0.24325,
        "11": 0.2487
    },
    "z1y1_z0u1y0": {
        "00": 0.5
    },
    "z0u3y0_z0u2y0": {
        "00": 0.2478,
        "11": 0.2494
    },
    "z0u1y0_z1y1": {},
    "z0u1y0_z0u3y0": {
        "00": 0.5016
    }
}
