{
    "z0u3y1_z0u1y1": {
        "11": 0.2504,
        "01": 0.2519
    },
    "z0u2y0_z0u2y0": {
        "00": 0.1198,
        "10": 0.1244,
        "11": 0.1239,
        "01": 0.1244
    },
    "z1y1_z0u2y1": {
        "00": 0.12655,
        "10": 0.12105,
        "11": 0.1229,
        "01": 0.12405
    },
    "z0u1y0_z0u1y1": {},
    "z0u3y0_z0u3y0": {
        "00": 0.123,
        "10": 0.1254,
        "11": 0.1238,
        "01": 0.1233
    },
    "z1y0_z0u1y0": {
        "00": 0.24685,
        "10": 0.25315
    },
    "z0u3y0_z1y0": {
        "00": 0.2514,
        "10": 0.2474
    },
    "z0u3y1_z0u3y0": {
        "00": 0.1262,
        "10": 0.1312,
        "11": 0.1271,
        "01": 0.1231
    },
    "z0u2y0_z1y1": {
        "11": 0.2479,
        "01": 0.2481
    },
    "z0u2y1_z0u3y1": {
        "00": 0.1329,
        "10": 0.1229,
        "11": 0.124,
        "01": 0.1258
    },
    "z0u3y1_z0u2y1": {
        "00": 0.1265,
        "10": 0.1224,
        "11": 0.1224,
        "01": 0.1318
    },
    "z0u2y0_z0u3y0": {
        "00": 0.1241,
        "10": 0.1249,
        "11": 0.1264,
        "01": 0.121
    },
    "z0u1y1_z0u3y0": {
        "11": 0.2457,
        "01": 0.2447
    },
    "z0u1y1_z0u3y1": {
        "11": 0.2545,
        "01": 0.2551
    },
    "z0u2y1_z0u3y0": {
        "00": 0.1239,
        "10": 0.1258,
        "11": 0.1234,
        "01": 0.1213
    },
    "z0u1y1_z1y1": {
        "11": 0.5008,
        "01": 0.4992
    },
    "z0u2y1_z0u1y0": {
        "00": 0.248,
        "10": 0.2548
    },
    "z1y1_z0u3y1": {
        "00": 0.1217,
        "10": 0.1247,
        "11": 0.1287,
        "01": 0.126
    },
    "z1y0_z0u3y1": {
        "00": 0.1217,
        "10": 0.1247,
        "11": 0.1287,
        "01": 0.126
    },
    "z0u1y0_z1y0": {
        "00": 0.5039,
        "10": 0.4961
    },
    "z0u1y1_z1y0": {},
    "z0u1y1_z0u2y1": {
        "11": 0.2487,
        "01": 0.2501
    },
    "z0u2y0_z0u1y0": {
        "00": 0.2443,
        "10": 0.2559
    },
    "z0u1y0_z0u2y1": {
        "00": 0.2522,
        "10": 0.2529
    },
    "z1y1_z0u2y0": {
        "00": 0.1261,
        "10": 0.1263,
        "11": 0.1271,
        "01": 0.12595
    },
    "z0u2y0_z0u1y1": {
        "11": 0.2423,
        "01": 0.2575
    },
    "z0u1y0_z0u2y0": {
        "00": 0.2461,
        "10": 0.2488
    },
    "z1y0_z0u1y1": {
        "11": 0.2497,
        "01": 0.2503
    },
    "z0u3y0_z0u2y1": {
        "00": 0.1253,
        "10": 0.1236,
        "11": 0.1262,
        "01": 0.1274
    },
    "z1y0_z1y1": {
        "11": 0.2486,
        "01": 0.2514
    },
    "z0u1y1_z0u1y0": {},
    "z0u3y1_z0u3y1": {
        "00": 0.124,
        "10": 0.1192,
        "11": 0.1286,
        "01": 0.1206
    },
    "z1y1_z1y0": {
        "00": 0.24875,
        "10": 0.25125
    },
    "z0u3y1_z0u1y0": {
        "00": 0.2494,
        "10": 0.2483
    },
    "z1y1_z0u1y1": {
        "11": 0.2497,
        "01": 0.2503
    },
    "z1y0_z1y0": {
        "00": 0.24875,
        "10": 0.25125
    },
    "z0u2y1_z1y1": {
        "11": 0.2496,
        "01": 0.2466
    },
    "z0u1y1_z0u1y1": {
        "11": 0.5031,
        "01": 0.4969
    },
    "z0u2y1_z0u1y1": {
        "11": 0.2444,
        "01": 0.2528
    },
    "z0u3y1_z0u2y0": {
        "00": 0.1259,
        "10": 0.1267,
        "11": 0.1228,
        "01": 0.1215
    },
    "z1y1_z1y1": {
        "11": 0.2486,
        "01": 0.2514
    },
    "z0u3y0_z0u1y0": {
        "00": 0.247,
        "10": 0.2515
    },
    "z0u2y0_z0u3y1": {
        "00": 0.1212,
        "10": 0.1249,
        "11": 0.1291,
        "01": 0.1284
    },
    "z0u3y0_z0u3y1": {
        "00": 0.1252,
        "10": 0.1269,
        "11": 0.1265,
        "01": 0.1259
    },
    "z0u3y0_z1y1": {
        "11": 0.253,
        "01": 0.2482
    },
    "z1y0_z0u2y0": {
        "00": 0.1261,
        "10": 0.1263,
        "11": 0.1271,
        "01": 0.12595
    },
    "z1y0_z0u2y1": {
        "00": 0.12655,
        "10": 0.12105,
        "11": 0.1229,
        "01": 0.12405
    },
    "z0u1y1_z0u2y0": {
        "11": 0.2489,
        "01": 0.2523
    },
    "z0u3y0_z0u1y1": {
        "11": 0.2483,
        "01": 0.2532
    },
    "z0u2y0_z1y0": {
        "00": 0.2487,
        "10": 0.2553
    },
    "z0u3y1_z1y1": {
        "11": 0.2443,
        "01": 0.2494
    },
    "z0u1y0_z0u3y1": {
        "00": 0.2539,
        "10": 0.2531
    },
    "z0u2y1_z0u2y0": {
        "00": 0.1259,
        "10": 0.1284,
        "11": 0.1246,
        "01": 0.1264
    },
    "z0u2y1_z0u2y1": {
        "00": 0.1269,
        "10": 0.1215,
        "11": 0.1209,
        "01": 0.1254
    },
    "z0u1y0_z0u1y0": {
        "00": 0.4972,
        "10": 0.5028
    },
    "z0u2y0_z0u2y1": {
        "00": 0.132,
        "10": 0.126,
        "11": 0.1233,
        "01": 0.1262
    },
    "z0u3y1_z1y0": {
        "00": 0.2538,
        "10": 0.2525
    },
    "z0u2y1_z1y0": {
        "00": 0.2487,
        "10": 0.2551
    },
    "z1y1_z0u3y0": {
        "00": 0.12805,
        "10": 0.12555,
        "11": 0.1233,
        "01": 0.122
    },
    "z1y0_z0u3y0": {
        "00": 0.12805,
        "10": 0.12555,
        "11": 0.1233,
        "01": 0.122
    },
    "z1y1_z0u1y0": {
        "00": 0.24685,
        "10": 0.25315
    },
    "z0u3y0_z0u2y0": {
        "00": 0.1281,
        "10": 0.1281,
        "11": 0.1193,
        "01": 0.122
    },
    "z0u1y0_z1y1": {},
    "z0u1y0_z0u3y0": {
        "00": 0.2421,
        "10": 0.2509
    }
}
