{
    "z0u3y1_z0u1y1": {
        "11": 0.2536,
        "01": 0.2536
    },
    "z0u2y0_z0u2y0": {
        "00": 0.1254,
        "10": 0.1248,
        "11": 0.1258,
        "01": 0.1223
    },
    "z1y1_z0u2y1": {
        "00": 0.125,
        "10": 0.12465,
        "11": 0.12385,
        "01": 0.124
    },
    "z0u1y0_z0u1y1": {},
    "z0u3y0_z0u3y0": {
        "00": 0.1241,
        "10": 0.1255,
        "11": 0.1212,
        "01": 0.1226
    },
    "z1y0_z0u1y0": {
        "00": 0.2515,
        "10": 0.2485
    },
    "z0u3y0_z1y0": {
        "00": 0.2537,
        "10": 0.2542
    },
    "z0u3y1_z0u3y0": {
        "00": 0.1227,
        "10": 0.1214,
        "11": 0.1234,
        "01": 0.1256
    },
    "z0u2y0_z1y1": {
        "11": 0.2523,
        "01": 0.2506
    },
    "z0u2y1_z0u3y1": {
        "00": 0.124,
        "10": 0.1228,
        "11": 0.1331,
        "01": 0.1264
    },
    "z0u3y1_z0u2y1": {
        "00": 0.1217,
        "10": 0.1288,
        "11": 0.1255,
        "01": 0.1281
    },
    "z0u2y0_z0u3y0": {
        "00": 0.1232,
        "10": 0.1186,
        "11": 0.1283,
        "01": 0.1245
    },
    "z0u1y1_z0u3y0": {
        "11": 0.2515,
        "01": 0.2475
    },
    "z0u1y1_z0u3y1": {
        "11": 0.2515,
        "01": 0.2495
    },
    "z0u2y1_z0u3y0": {
        "00": 0.1249,
        "10": 0.1253,
        "11": 0.1226,
        "01": 0.1209
    },
    "z0u1y1_z1y1": {
        "11": 0.5047,
        "01": 0.4953
    },
    "z0u2y1_z0u1y0": {
        "00": 0.2531,
        "10": 0.254
    },
    "z1y1_z0u3y1": {
        "00": 0.1236,
        "10": 0.1294,
        "11": 0.1236,
        "01": 0.1253
    },
    "z1y0_z0u3y1": {
        "00": 0.1236,
        "10": 0.1294,
        "11": 0.1236,
        "01": 0.1253
    },
    "z0u1y0_z1y0": {
        "00": 0.4957,
        "10": 0.5043
    },
    "z0u1y1_z1y0": {},
    "z0u1y1_z0u2y1": {
        "11": 0.2434,
        "01": 0.2558
    },
    "z0u2y0_z0u1y0": {
        "00": 0.2571,
        "10": 0.2472
    },
    "z0u1y0_z0u2y1": {
        "00": 0.2566,
        "10": 0.254
    },
    "z1y1_z0u2y0": {
        "00": 0.12665,
        "10": 0.1237,
        "11": 0.1256,
        "01": 0.12655
    },
    "z0u2y0_z0u1y1": {
        "11": 0.2466,
        "01": 0.2491
    },
    "z0u1y0_z0u2y0": {
        "00": 0.248,
        "10": 0.2414
    },
    "z1y0_z0u1y1": {
        "11": 0.252,
        "01": 0.248
    },
    "z0u3y0_z0u2y1": {
        "00": 0.1188,
        "10": 0.1267,
        "11": 0.1202,
        "01": 0.1251
    },
    "z1y0_z1y1": {
        "11": 0.24815,
        "01": 0.25185
    },
    "z0u1y1_z0u1y0": {},
    "z0u3y1_z0u3y1": {
        "00": 0.1266,
        "10": 0.1222,
        "11": 0.1281,
        "01": 0.13
    },
    "z1y1_z1y0": {
        "00": 0.2501,
        "10": 0.2499
    },
    "z0u3y1_z0u1y0": {
        "00": 0.2478,
        "10": 0.245
    },
    "z1y1_z0u1y1": {
        "11": 0.252,
        "01": 0.248
    },
    "z1y0_z1y0": {
        "00": 0.2501,
        "10": 0.2499
    },
    "z0u2y1_z1y1": {
        "11": 0.2497,
        "01": 0.248
    },
    "z0u1y1_z0u1y1": {
        "11": 0.5038,
        "01": 0.4962
    },
    "z0u2y1_z0u1y1": {
        "11": 0.2485,
        "01": 0.2444
    },
    "z0u3y1_z0u2y0": {
        "00": 0.1209,
        "10": 0.1261,
        "11": 0.1231,
        "01": 0.1258
    },
    "z1y1_z1y1": {
        "11": 0.24815,
        "01": 0.25185
    },
    "z0u3y0_z0u1y0": {
        "00": 0.2587,
        "10": 0.2495
    },
    "z0u2y0_z0u3y1": {
        "00": 0.1275,
        "10": 0.1224,
        "11": 0.1301,
        "01": 0.1254
    },
    "z0u3y0_z0u3y1": {
        "00": 0.1304,
        "10": 0.1269,
        "11": 0.1234,
        "01": 0.1259
    },
    "z0u3y0_z1y1": {
        "11": 0.2473,
        "01": 0.2448
    },
    "z1y0_z0u2y0": {
        "00": 0.12665,
        "10": 0.1237,
        "11": 0.1256,
        "01": 0.12655
    },
    "z1y0_z0u2y1": {
        "00": 0.125,
        "10": 0.12465,
        "11": 0.12385,
        "01": 0.124
    },
    "z0u1y1_z0u2y0": {
        "11": 0.2545,
        "01": 0.2463
    },
    "z0u3y0_z0u1y1": {
        "11": 0.2448,
        "01": 0.247
    },
    "z0u2y0_z1y0": {
        "00": 0.2475,
        "10": 0.2496
    },
    "z0u3y1_z1y1": {
        "11": 0.2552,
        "01": 0.2549
    },
    "z0u1y0_z0u3y1": {
        "00": 0.2509,
        "10": 0.2521
    },
    "z0u2y1_z0u2y0": {
        "00": 0.1215,
        "10": 0.1271,
        "11": 0.1258,
        "01": 0.1251
    },
    "z0u2y1_z0u2y1": {
        "00": 0.1244,
        "10": 0.1246,
        "11": 0.1263,
        "01": 0.1252
    },
    "z0u1y0_z0u1y0": {
        "00": 0.4984,
        "10": 0.5016
    },
    "z0u2y0_z0u2y1": {
        "00": 0.1222,
        "10": 0.1267,
        "11": 0.1253,
        "01": 0.1275
    },
    "z0u3y1_z1y0": {
        "00": 0.246,
        "10": 0.2439
    },
    "z0u2y1_z1y0": {
        "00": 0.2507,
        "10": 0.2516
    },
    "z1y1_z0u3y0": {
        "00": 0.12345,
        "10": 0.12355,
        "11": 0.1258,
        "01": 0.1253
    },
    "z1y0_z0u3y0": {
        "00": 0.12345,
        "10": 0.12355,
        "11": 0.1258,
        "01": 0.1253
    },
    "z1y1_z0u1y0": {
        "00": 0.2515,
        "10": 0.2485
    },
    "z0u3y0_z0u2y0": {
        "00": 0.1213,
        "10": 0.1295,
        "11": 0.1292,
        "01": 0.1292
    },
    "z0u1y0_z1y1": {},
    "z0u1y0_z0u3y0": {
        "00": 0.2464,
        "10": 0.2506
    }
}
