{
    "z0u3y1_z0u1y1": {
        "00": 0.1242,
        "10": 0.1242,
        "11": 0.1313,
        "01": 0.1227
    },
    "z0u2y0_z0u2y0": {
        "00": 0.1279,
        "10": 0.1133,
        "11": 0.1262,
        "01": 0.1315
    },
    "z1y1_z0u2y1": {
        "00": 0.1257,
        "10": 0.1234,
        "11": 0.12745,
        "01": 0.12335
    },
    "z0u1y0_z0u1y1": {},
    "z0u3y0_z0u3y0": {
        "00": 0.1265,
        "10": 0.1276,
        "11": 0.1301,
        "01": 0.1195
    },
    "z1y0_z0u1y0": {
        "00": 0.1271,
        "10": 0.12145,
        "11": 0.12555,
        "01": 0.1259
    },
    "z0u3y0_z1y0": {
        "00": 0.1213,
        "10": 0.1263,
        "11": 0.1209,
        "01": 0.1215
    },
    "z0u3y1_z0u3y0": {
        "00": 0.1276,
        "10": 0.1267,
        "11": 0.1258,
        "01": 0.125
    },
    "z0u2y0_z1y1": {
        "00": 0.1252,
        "10": 0.1175,
        "11": 0.124,
        "01": 0.1287
    },
    "z0u2y1_z0u3y1": {
        "00": 0.2482,
        "11": 0.2487
    },
    "z0u3y1_z0u2y1": {
        "10": 0.2522,
        "01": 0.2498
    },
    "z0u2y0_z0u3y0": {
        "00": 0.2566,
        "11": 0.2431
    },
    "z0u1y1_z0u3y0": {
        "00": 0.1185,
        "10": 0.1296,
        "11": 0.1246,
        "01": 0.1284
    },
    "z0u1y1_z0u3y1": {
        "00": 0.1244,
        "10": 0.1244,
        "11": 0.1257,
        "01": 0.1244
    },
    "z0u2y1_z0u3y0": {
        "10": 0.2578,
        "01": 0.2453
    },
    "z0u1y1_z1y1": {
        "00": 0.258,
        "10": 0.2488,
        "11": 0.2476,
        "01": 0.2456
    },
    "z0u2y1_z0u1y0": {
        "00": 0.1302,
        "10": 0.1299,
        "11": 0.1298,
        "01": 0.121
    },
    "z1y1_z0u3y1": {
        "00": 0.126,
        "10": 0.12605,
        "11": 0.1282,
        "01": 0.1272
    },
    "z1y0_z0u3y1": {
        "00": 0.126,
        "10": 0.12605,
        "11": 0.1282,
        "01": 0.1272
    },
    "z0u1y0_z1y0": {
        "00": 0.2533,
        "10": 0.2537,
        "11": 0.2501,
        "01": 0.2429
    },
    "z0u1y1_z1y0": {},
    "z0u1y1_z0u2y1": {
        "00": 0.1274,
        "10": 0.1215,
        "11": 0.1244,
        "01": 0.1249
    },
    "z0u2y0_z0u1y0": {
        "00": 0.1237,
        "10": 0.1283,
        "11": 0.1267,
        "01": 0.1233
    },
    "z0u1y0_z0u2y1": {
        "00": 0.1221,
        "10": 0.1268,
        "11": 0.1213,
        "01": 0.1291
    },
    "z1y1_z0u2y0": {
        "00": 0.1244,
        "10": 0.12665,
        "11": 0.1246,
        "01": 0.12445
    },
    "z0u2y0_z0u1y1": {
        "00": 0.1214,
        "10": 0.1252,
        "11": 0.1256,
        "01": 0.1258
    },
    "z0u1y0_z0u2y0": {
        "00": 0.1259,
        "10": 0.1239,
        "11": 0.1285,
        "01": 0.1224
    },
    "z1y0_z0u1y1": {
        "00": 0.12305,
        "10": 0.12535,
        "11": 0.12575,
        "01": 0.12585
    },
    "z0u3y0_z0u2y1": {
        "00": 0.2474,
        "11": 0.2511
    },
    "z1y0_z1y1": {
        "00": 0.12725,
        "10": 0.1249,
        "11": 0.1203,
        "01": 0.12755
    },
    "z0u1y1_z0u1y0": {},
    "z0u3y1_z0u3y1": {
        "00": 0.1189,
        "10": 0.1289,
        "11": 0.1228,
        "01": 0.1243
    },
    "z1y1_z1y0": {
        "00": 0.1265,
        "10": 0.12525,
        "11": 0.1235,
        "01": 0.12475
    },
    "z0u3y1_z0u1y0": {
        "00": 0.125,
        "10": 0.1243,
        "11": 0.1243,
        "01": 0.124
    },
    "z1y1_z0u1y1": {
        "00": 0.12305,
        "10": 0.12535,
        "11": 0.12575,
        "01": 0.12585
    },
    "z1y0_z1y0": {
        "00": 0.1265,
        "10": 0.12525,
        "11": 0.1235,
        "01": 0.12475
    },
    "z0u2y1_z1y1": {
        "00": 0.1295,
        "10": 0.1244,
        "11": 0.1228,
        "01": 0.1218
    },
    "z0u1y1_z0u1y1": {
        "00": 0.2542,
        "10": 0.2481,
        "11": 0.2477,
        "01": 0.25
    },
    "z0u2y1_z0u1y1": {
        "00": 0.1205,
        "10": 0.1239,
        "11": 0.1178,
        "01": 0.1269
    },
    "z0u3y1_z0u2y0": {
        "00": 0.2463,
        "11": 0.2517
    },
    "z1y1_z1y1": {
        "00": 0.12725,
        "10": 0.1249,
        "11": 0.1203,
        "01": 0.12755
    },
    "z0u3y0_z0u1y0": {
        "00": 0.1257,
        "10": 0.1255,
        "11": 0.13,
        "01": 0.1214
    },
    "z0u2y0_z0u3y1": {
        "10": 0.2479,
        "01": 0.2524
    },
    "z0u3y0_z0u3y1": {
        "00": 0.1232,
        "10": 0.1229,
        "11": 0.1267,
        "01": 0.1235
    },
    "z0u3y0_z1y1": {
        "00": 0.1325,
        "10": 0.1227,
        "11": 0.1248,
        "01": 0.13
    },
    "z1y0_z0u2y0": {
        "00": 0.1244,
        "10": 0.12665,
        "11": 0.1246,
        "01": 0.12445
    },
    "z1y0_z0u2y1": {
        "00": 0.1257,
        "10": 0.1234,
        "11": 0.12745,
        "01": 0.12335
    },
    "z0u1y1_z0u2y0": {
        "00": 0.1251,
        "10": 0.123,
        "11": 0.1249,
        "01": 0.1288
    },
    "z0u3y0_z0u1y1": {
        "00": 0.1231,
        "10": 0.1258,
        "11": 0.1231,
        "01": 0.1254
    },
    "z0u2y0_z1y0": {
        "00": 0.1209,
        "10": 0.125,
        "11": 0.1313,
        "01": 0.1274
    },
    "z0u3y1_z1y1": {
        "00": 0.1191,
        "10": 0.1286,
        "11": 0.1278,
        "01": 0.1236
    },
    "z0u1y0_z0u3y1": {
        "00": 0.1264,
        "10": 0.1285,
        "11": 0.1204,
        "01": 0.1181
    },
    "z0u2y1_z0u2y0": {
        "00": 0.1308,
        "10": 0.1213,
        "11": 0.1278,
        "01": 0.1276
    },
    "z0u2y1_z0u2y1": {
        "00": 0.1226,
        "10": 0.1257,
        "11": 0.1222,
        "01": 0.122
    },
    "z0u1y0_z0u1y0": {
        "00": 0.2428,
        "10": 0.2501,
        "11": 0.2534,
        "01": 0.2537
    },
    "z0u2y0_z0u2y1": {
        "00": 0.1222,
        "10": 0.1273,
        "11": 0.1255,
        "01": 0.1261
    },
    "z0u3y1_z1y0": {
        "00": 0.1193,
        "10": 0.127,
        "11": 0.1225,
        "01": 0.1321
    },
    "z0u2y1_z1y0": {
        "00": 0.1259,
        "10": 0.1239,
        "11": 0.1252,
        "01": 0.1265
    },
    "z1y1_z0u3y0": {
        "00": 0.1289,
        "10": 0.1188,
        "11": 0.1212,
        "01": 0.12365
    },
    "z1y0_z0u3y0": {
        "00": 0.1289,
        "10": 0.1188,
        "11": 0.1212,
        "01": 0.12365
    },
    "z1y1_z0u1y0": {
        "00": 0.1271,
        "10": 0.12145,
        "11": 0.12555,
        "01": 0.1259
    },
    "z0u3y0_z0u2y0": {
        "10": 0.2471,
        "01": 0.2544
    },
    "z0u1y0_z1y1": {},
    "z0u1y0_z0u3y0": {
        "00": 0.1302,
        "10": 0.1277,
        "11": 0.1258,
        "01": 0.1229
    }
}
