{
    "z0u3y1_z0u1y1": {
        "11": 0.5066
    },
    "z0u2y0_z0u2y0": {
        "00": 0.2424,
        "11": 0.2442
    },
    "z1y1_z0u2y1": {
        "00": 0.25095,
        "11": 0.2519
    },
    "z0u1y0_z0u1y1": {},
    "z0u3y0_z0u3y0": {
        "00": 0.2566,
        "11": 0.2498
    },
    "z1y0_z0u1y0": {
        "00": 0.5
    },
    "z0u3y0_z1y0": {
        "00": 0.5083
    },
    "z0u3y1_z0u3y0": {
        "00": 0.251,
        "11": 0.2436
    },
    "z0u2y0_z1y1": {
        "11": 0.5063
    },
    "z0u2y1_z0u3y1": {
        "00": 0.2461,
        "11": 0.2521
    },
    "z0u3y1_z0u2y1": {
        "00": 0.2421,
        "11": 0.253
    },
    "z0u2y0_z0u3y0": {
        "00": 0.2447,
        "11": 0.2539
    },
    "z0u1y1_z0u3y0": {
        "11": 0.5026
    },
    "z0u1y1_z0u3y1": {
        "11": 0.4974
    },
    "z0u2y1_z0u3y0": {
        "00": 0.2511,
        "11": 0.2507
    },
    "z0u1y1_z1y1": {
        "11": 1.0
    },
    "z0u2y1_z0u1y0": {
        "00": 0.5048
    },
    "z1y1_z0u3y1": {
        "00": 0.2493,
        "11": 0.25345
    },
    "z1y0_z0u3y1": {
        "00": 0.2493,
        "11": 0.25345
    },
    "z0u1y0_z1y0": {
        "00": 1.0
    },
    "z0u1y1_z1y0": {},
    "z0u1y1_z0u2y1": {
        "11": 0.5007
    },
    "z0u2y0_z0u1y0": {
        "00": 0.4977
    },
    "z0u1y0_z0u2y1": {
        "00": 0.5028
    },
    "z1y1_z0u2y0": {
        "00": 0.24905,
        "11": 0.2481
    },
    "z0u2y0_z0u1y1": {
        "11": 0.5023
    },
    "z0u1y0_z0u2y0": {
        "00": 0.4972
    },
    "z1y0_z0u1y1": {
        "11": 0.5
    },
    "z0u3y0_z0u2y1": {
        "00": 0.2465,
        "11": 0.2551
    },
    "z1y0_z1y1": {
        "11": 0.5
    },
    "z0u1y1_z0u1y0": {},
    "z0u3y1_z0u3y1": {
        "00": 0.2573,
        "11": 0.2481
    },
    "z1y1_z1y0": {
        "00": 0.5
    },
    "z0u3y1_z0u1y0": {
        "00": 0.4934
    },
    "z1y1_z0u1y1": {
        "11": 0.5
    },
    "z1y0_z1y0": {
        "00": 0.5
    },
    "z0u2y1_z1y1": {
        "11": 0.4971
    },
    "z0u1y1_z0u1y1": {
        "11": 1.0
    },
    "z0u2y1_z0u1y1": {
        "11": 0.4952
    },
    "z0u3y1_z0u2y0": {
        "00": 0.2505,
        "11": 0.2544
    },
    "z1y1_z1y1": {
        "11": 0.5
    },
    "z0u3y0_z0u1y0": {
        "00": 0.4951
    },
    "z0u2y0_z0u3y1": {
        "00": 0.2541,
        "11": 0.2473
    },
    "z0u3y0_z0u3y1": {
        "00": 0.2482,
        "11": 0.2454
    },
    "z0u3y0_z1y1": {
        "11": 0.4917
    },
    "z1y0_z0u2y0": {
        "00": 0.24905,
        "11": 0.2481
    },
    "z1y0_z0u2y1": {
        "00": 0.25095,
        "11": 0.2519
    },
    "z0u1y1_z0u2y0": {
        "11": 0.4993
    },
    "z0u3y0_z0u1y1": {
        "11": 0.5049
    },
    "z0u2y0_z1y0": {
        "00": 0.4937
    },
    "z0u3y1_z1y1": {
        "11": 0.5077
    },
    "z0u1y0_z0u3y1": {
        "00": 0.4959
    },
    "z0u2y1_z0u2y0": {
        "00": 0.247,
        "11": 0.2441
    },
    "z0u2y1_z0u2y1": {
        "00": 0.258,
        "11": 0.2509
    },
    "z0u1y0_z0u1y0": {
        "00": 1.0
    },
    "z0u2y0_z0u2y1": {
        "00": 0.2521,
        "11": 0.2613
    },
    "z0u3y1_z1y0": {
        "00": 0.4923
    },
    "z0u2y1_z1y0": {
        "00": 0.5029
    },
    "z1y1_z0u3y0": {
        "00": 0.2507,
        "11": 0.24655
    },
    "z1y0_z0u3y0": {
        "00": 0.2507,
        "11": 0.24655
    },
    "z1y1_z0u1y0": {
        "00": 0.5
    },
    "z0u3y0_z0u2y0": {
        "00": 0.2444,
        "11": 0.254
    },
    "z0u1y0_z1y1": {},
    "z0u1y0_z0u3y0": {
        "00": 0.5041
    }
}
