{
    "z0u3y1_z0u1y1": {
        "10": 0.2469,
        "11": 0.2543
    },
    "z0u2y0_z0u2y0": {
        "00": 0.1223,
        "10": 0.1219,
        "11": 0.1259,
        "01": 0.1297
    },
    "z1y1_z0u2y1": {
        "00": 0.12575,
        "10": 0.1248,
        "11": 0.12375,
        "01": 0.12395
    },
    "z0u1y0_z0u1y1": {},
    "z0u3y0_z0u3y0": {
        "00": 0.1306,
        "10": 0.1245,
        "11": 0.1261,
        "01": 0.1268
    },
    "z1y0_z0u1y0": {
        "00": 0.24945,
        "01": 0.25055
    },
    "z0u3y0_z1y0": {
        "00": 0.2487,
        "01": 0.2473
    },
    "z0u3y1_z0u3y0": {
        "00": 0.1236,
        "10": 0.1297,
        "11": 0.1275,
        "01": 0.1249
    },
    "z0u2y0_z1y1": {
        "10": 0.2542,
        "11": 0.2527
    },
    "z0u2y1_z0u3y1": {
        "00": 0.1228,
        "10": 0.1243,
        "11": 0.1252,
        "01": 0.1231
    },
    "z0u3y1_z0u2y1": {
        "00": 0.1212,
        "10": 0.1252,
        "11": 0.1175,
        "01": 0.1284
    },
    "z0u2y0_z0u3y0": {
        "00": 0.1292,
        "10": 0.1261,
        "11": 0.1273,
        "01": 0.1202
    },
    "z0u1y1_z0u3y0": {
        "10": 0.2504,
        "11": 0.2494
    },
    "z0u1y1_z0u3y1": {
        "10": 0.2432,
        "11": 0.257
    },
    "z0u2y1_z0u3y0": {
        "00": 0.1304,
        "10": 0.1207,
        "11": 0.1244,
        "01": 0.1291
    },
    "z0u1y1_z1y1": {
        "10": 0.4961,
        "11": 0.5039
    },
    "z0u2y1_z0u1y0": {
        "00": 0.2517,
        "01": 0.2514
    },
    "z1y1_z0u3y1": {
        "00": 0.12355,
        "10": 0.1218,
        "11": 0.1244,
        "01": 0.1258
    },
    "z1y0_z0u3y1": {
        "00": 0.12355,
        "10": 0.1218,
        "11": 0.1244,
        "01": 0.1258
    },
    "z0u1y0_z1y0": {
        "00": 0.5021,
        "01": 0.4979
    },
    "z0u1y1_z1y0": {},
    "z0u1y1_z0u2y1": {
        "10": 0.254,
        "11": 0.2521
    },
    "z0u2y0_z0u1y0": {
        "00": 0.2497,
        "01": 0.2443
    },
    "z0u1y0_z0u2y1": {
        "00": 0.2481,
        "01": 0.2487
    },
    "z1y1_z0u2y0": {
        "00": 0.1256,
        "10": 0.1268,
        "11": 0.12465,
        "01": 0.1247
    },
    "z0u2y0_z0u1y1": {
        "10": 0.258,
        "11": 0.248
    },
    "z0u1y0_z0u2y0": {
        "00": 0.25,
        "01": 0.2532
    },
    "z1y0_z0u1y1": {
        "10": 0.2515,
        "11": 0.2485
    },
    "z0u3y0_z0u2y1": {
        "00": 0.1243,
        "10": 0.1231,
        "11": 0.1259,
        "01": 0.1268
    },
    "z1y0_z1y1": {
        "10": 0.24975,
        "11": 0.25025
    },
    "z0u1y1_z0u1y0": {},
    "z0u3y1_z0u3y1": {
        "00": 0.1278,
        "10": 0.1196,
        "11": 0.125,
        "01": 0.1219
    },
    "z1y1_z1y0": {
        "00": 0.25085,
        "01": 0.24915
    },
    "z0u3y1_z0u1y0": {
        "00": 0.25,
        "01": 0.2488
    },
    "z1y1_z0u1y1": {
        "10": 0.2515,
        "11": 0.2485
    },
    "z1y0_z1y0": {
        "00": 0.25085,
        "01": 0.24915
    },
    "z0u2y1_z1y1": {
        "10": 0.2444,
        "11": 0.2496
    },
    "z0u1y1_z0u1y1": {
        "10": 0.4951,
        "11": 0.5049
    },
    "z0u2y1_z0u1y1": {
        "10": 0.2479,
        "11": 0.249
    },
    "z0u3y1_z0u2y0": {
        "00": 0.1339,
        "10": 0.122,
        "11": 0.1286,
        "01": 0.1232
    },
    "z1y1_z1y1": {
        "10": 0.24975,
        "11": 0.25025
    },
    "z0u3y0_z0u1y0": {
        "00": 0.2534,
        "01": 0.2514
    },
    "z0u2y0_z0u3y1": {
        "00": 0.1239,
        "10": 0.1239,
        "11": 0.1239,
        "01": 0.1255
    },
    "z0u3y0_z0u3y1": {
        "00": 0.1257,
        "10": 0.1226,
        "11": 0.1233,
        "01": 0.1204
    },
    "z0u3y0_z1y1": {
        "10": 0.2441,
        "11": 0.2599
    },
    "z1y0_z0u2y0": {
        "00": 0.1256,
        "10": 0.1268,
        "11": 0.12465,
        "01": 0.1247
    },
    "z1y0_z0u2y1": {
        "00": 0.12575,
        "10": 0.1248,
        "11": 0.12375,
        "01": 0.12395
    },
    "z0u1y1_z0u2y0": {
        "10": 0.2429,
        "11": 0.251
    },
    "z0u3y0_z0u1y1": {
        "10": 0.2536,
        "11": 0.2416
    },
    "z0u2y0_z1y0": {
        "00": 0.2483,
        "01": 0.2448
    },
    "z0u3y1_z1y1": {
        "10": 0.2494,
        "11": 0.2571
    },
    "z0u1y0_z0u3y1": {
        "00": 0.2511,
        "01": 0.2438
    },
    "z0u2y1_z0u2y0": {
        "00": 0.1224,
        "10": 0.1258,
        "11": 0.121,
        "01": 0.1268
    },
    "z0u2y1_z0u2y1": {
        "00": 0.1263,
        "10": 0.1278,
        "11": 0.1293,
        "01": 0.1206
    },
    "z0u1y0_z0u1y0": {
        "00": 0.4996,
        "01": 0.5004
    },
    "z0u2y0_z0u2y1": {
        "00": 0.1215,
        "10": 0.1244,
        "11": 0.1275,
        "01": 0.1268
    },
    "z0u3y1_z1y0": {
        "00": 0.2479,
        "01": 0.2456
    },
    "z0u2y1_z1y0": {
        "00": 0.2548,
        "01": 0.2512
    },
    "z1y1_z0u3y0": {
        "00": 0.1252,
        "10": 0.1247,
        "11": 0.1291,
        "01": 0.12545
    },
    "z1y0_z0u3y0": {
        "00": 0.1252,
        "10": 0.1247,
        "11": 0.1291,
        "01": 0.12545
    },
    "z1y1_z0u1y0": {
        "00": 0.24945,
        "01": 0.25055
    },
    "z0u3y0_z0u2y0": {
        "00": 0.1188,
        "10": 0.1264,
        "11": 0.1277,
        "01": 0.127
    },
    "z0u1y0_z1y1": {},
    "z0u1y0_z0u3y0": {
        "00": 0.247,
        "01": 0.2581
    }
}
