{
    "z0u3y1_z0u1y1": {
        "10": 0.2531,
        "11": 0.2507
    },
    "z0u2y0_z0u2y0": {
        "00": 0.1252,
        "10": 0.1286,
        "11": 0.1228,
        "01": 0.1282
    },
    "z1y1_z0u2y1": {
        "00": 0.124,
        "10": 0.128,
        "11": 0.12445,
        "01": 0.12605
    },
    "z0u1y0_z0u1y1": {},
    "z0u3y0_z0u3y0": {
        "00": 0.1259,
        "10": 0.1179,
        "11": 0.1281,
        "01": 0.1254
    },
    "z1y0_z0u1y0": {
        "00": 0.2484,
        "01": 0.2516
    },
    "z0u3y0_z1y0": {
        "00": 0.2496,
        "01": 0.2531
    },
    "z0u3y1_z0u3y0": {
        "00": 0.1257,
        "10": 0.1257,
        "11": 0.1264,
        "01": 0.1254
    },
    "z0u2y0_z1y1": {
        "10": 0.251,
        "11": 0.2509
    },
    "z0u2y1_z0u3y1": {
        "00": 0.1326,
        "10": 0.1206,
        "11": 0.1255,
        "01": 0.1231
    },
    "z0u3y1_z0u2y1": {
        "00": 0.1252,
        "10": 0.1243,
        "11": 0.129,
        "01": 0.1274
    },
    "z0u2y0_z0u3y0": {
        "00": 0.1251,
        "10": 0.1308,
        "11": 0.1192,
        "01": 0.1268
    },
    "z0u1y1_z0u3y0": {
        "10": 0.2558,
        "11": 0.251
    },
    "z0u1y1_z0u3y1": {
        "10": 0.2436,
        "11": 0.2496
    },
    "z0u2y1_z0u3y0": {
        "00": 0.124,
        "10": 0.1296,
        "11": 0.1194,
        "01": 0.1252
    },
    "z0u1y1_z1y1": {
        "10": 0.5038,
        "11": 0.4962
    },
    "z0u2y1_z0u1y0": {
        "00": 0.2474,
        "01": 0.2474
    },
    "z1y1_z0u3y1": {
        "00": 0.12205,
        "10": 0.1214,
        "11": 0.12425,
        "01": 0.12415
    },
    "z1y0_z0u3y1": {
        "00": 0.12205,
        "10": 0.1214,
        "11": 0.12425,
        "01": 0.12415
    },
    "z0u1y0_z1y0": {
        "00": 0.5019,
        "01": 0.4981
    },
    "z0u1y1_z1y0": {},
    "z0u1y1_z0u2y1": {
        "10": 0.2564,
        "11": 0.2454
    },
    "z0u2y0_z0u1y0": {
        "00": 0.2519,
        "01": 0.2408
    },
    "z0u1y0_z0u2y1": {
        "00": 0.2464,
        "01": 0.2425
    },
    "z1y1_z0u2y0": {
        "00": 0.12435,
        "10": 0.1259,
        "11": 0.12165,
        "01": 0.1256
    },
    "z0u2y0_z0u1y1": {
        "10": 0.2514,
        "11": 0.2559
    },
    "z0u1y0_z0u2y0": {
        "00": 0.2568,
        "01": 0.2543
    },
    "z1y0_z0u1y1": {
        "10": 0.25245,
        "11": 0.24755
    },
    "z0u3y0_z0u2y1": {
        "00": 0.1235,
        "10": 0.1284,
        "11": 0.126,
        "01": 0.1224
    },
    "z1y0_z1y1": {
        "10": 0.2562,
        "11": 0.2438
    },
    "z0u1y1_z0u1y0": {},
    "z0u3y1_z0u3y1": {
        "00": 0.1272,
        "10": 0.1247,
        "11": 0.126,
        "01": 0.1189
    },
    "z1y1_z1y0": {
        "00": 0.2517,
        "01": 0.2483
    },
    "z0u3y1_z0u1y0": {
        "00": 0.2524,
        "01": 0.2438
    },
    "z1y1_z0u1y1": {
        "10": 0.25245,
        "11": 0.24755
    },
    "z1y0_z1y0": {
        "00": 0.2517,
        "01": 0.2483
    },
    "z0u2y1_z1y1": {
        "10": 0.2496,
        "11": 0.2535
    },
    "z0u1y1_z0u1y1": {
        "10": 0.4906,
        "11": 0.5094
    },
    "z0u2y1_z0u1y1": {
        "10": 0.2526,
        "11": 0.2526
    },
    "z0u3y1_z0u2y0": {
        "00": 0.1261,
        "10": 0.1276,
        "11": 0.1221,
        "01": 0.1183
    },
    "z1y1_z1y1": {
        "10": 0.2562,
        "11": 0.2438
    },
    "z0u3y0_z0u1y0": {
        "00": 0.265,
        "01": 0.243
    },
    "z0u2y0_z0u3y1": {
        "00": 0.1274,
        "10": 0.1276,
        "11": 0.1212,
        "01": 0.1219
    },
    "z0u3y0_z0u3y1": {
        "00": 0.1253,
        "10": 0.1236,
        "11": 0.1258,
        "01": 0.128
    },
    "z0u3y0_z1y1": {
        "10": 0.2439,
        "11": 0.2534
    },
    "z1y0_z0u2y0": {
        "00": 0.12435,
        "10": 0.1259,
        "11": 0.12165,
        "01": 0.1256
    },
    "z1y0_z0u2y1": {
        "00": 0.124,
        "10": 0.128,
        "11": 0.12445,
        "01": 0.12605
    },
    "z0u1y1_z0u2y0": {
        "10": 0.247,
        "11": 0.2512
    },
    "z0u3y0_z0u1y1": {
        "10": 0.2488,
        "11": 0.2432
    },
    "z0u2y0_z1y0": {
        "00": 0.2484,
        "01": 0.2497
    },
    "z0u3y1_z1y1": {
        "10": 0.2496,
        "11": 0.2498
    },
    "z0u1y0_z0u3y1": {
        "00": 0.254,
        "01": 0.2539
    },
    "z0u2y1_z0u2y0": {
        "00": 0.1256,
        "10": 0.1208,
        "11": 0.1257,
        "01": 0.1267
    },
    "z0u2y1_z0u2y1": {
        "00": 0.1232,
        "10": 0.1285,
        "11": 0.1263,
        "01": 0.1232
    },
    "z0u1y0_z0u1y0": {
        "00": 0.495,
        "01": 0.505
    },
    "z0u2y0_z0u2y1": {
        "00": 0.1298,
        "10": 0.1167,
        "11": 0.1235,
        "01": 0.1252
    },
    "z0u3y1_z1y0": {
        "00": 0.2467,
        "01": 0.2539
    },
    "z0u2y1_z1y0": {
        "00": 0.2499,
        "01": 0.247
    },
    "z1y1_z0u3y0": {
        "00": 0.1242,
        "10": 0.1275,
        "11": 0.12685,
        "01": 0.1296
    },
    "z1y0_z0u3y0": {
        "00": 0.1242,
        "10": 0.1275,
        "11": 0.12685,
        "01": 0.1296
    },
    "z1y1_z0u1y0": {
        "00": 0.2484,
        "01": 0.2516
    },
    "z0u3y0_z0u2y0": {
        "00": 0.1283,
        "10": 0.1238,
        "11": 0.1267,
        "01": 0.1209
    },
    "z0u1y0_z1y1": {},
    "z0u1y0_z0u3y0": {
        "00": 0.2534,
        "01": 0.2387
    }
}
