{
    "z0u3y1_z0u1y1": {
        "00": 0.1294,
        "10": 0.1284,
        "11": 0.1294,
        "01": 0.1184
    },
    "z0u2y0_z0u2y0": {
        "00": 0.1289,
        "10": 0.1254,
        "11": 0.1226,
        "01": 0.1256
    },
    "z1y1_z0u2y1": {
        "00": 0.1257,
        "10": 0.12285,
        "11": 0.1279,
        "01": 0.1227
    },
    "z0u1y0_z0u1y1": {},
    "z0u3y0_z0u3y0": {
        "00": 0.1233,
        "10": 0.1248,
        "11": 0.1224,
        "01": 0.1313
    },
    "z1y0_z0u1y0": {
        "00": 0.1241,
        "10": 0.12425,
        "11": 0.1257,
        "01": 0.12595
    },
    "z0u3y0_z1y0": {
        "00": 0.1275,
        "10": 0.1204,
        "11": 0.1335,
        "01": 0.1222
    },
    "z0u3y1_z0u3y0": {
        "00": 0.1186,
        "10": 0.1281,
        "11": 0.1278,
        "01": 0.1215
    },
    "z0u2y0_z1y1": {
        "00": 0.1251,
        "10": 0.133,
        "11": 0.1244,
        "01": 0.1229
    },
    "z0u2y1_z0u3y1": {
        "00": 0.2525,
        "11": 0.2529
    },
    "z0u3y1_z0u2y1": {
        "10": 0.25,
        "01": 0.2452
    },
    "z0u2y0_z0u3y0": {
        "00": 0.2479,
        "11": 0.2511
    },
    "z0u1y1_z0u3y0": {
        "00": 0.1213,
        "10": 0.1265,
        "11": 0.1208,
        "01": 0.1167
    },
    "z0u1y1_z0u3y1": {
        "00": 0.1286,
        "10": 0.1333,
        "11": 0.1232,
        "01": 0.1296
    },
    "z0u2y1_z0u3y0": {
        "10": 0.2493,
        "01": 0.2453
    },
    "z0u1y1_z1y1": {
        "00": 0.2551,
        "10": 0.2443,
        "11": 0.2509,
        "01": 0.2497
    },
    "z0u2y1_z0u1y0": {
        "00": 0.1197,
        "10": 0.1243,
        "11": 0.1339,
        "01": 0.1275
    },
    "z1y1_z0u3y1": {
        "00": 0.12075,
        "10": 0.1236,
        "11": 0.1275,
        "01": 0.12135
    },
    "z1y0_z0u3y1": {
        "00": 0.12075,
        "10": 0.1236,
        "11": 0.1275,
        "01": 0.12135
    },
    "z0u1y0_z1y0": {
        "00": 0.2505,
        "10": 0.2629,
        "11": 0.2422,
        "01": 0.2444
    },
    "z0u1y1_z1y0": {},
    "z0u1y1_z0u2y1": {
        "00": 0.1277,
        "10": 0.122,
        "11": 0.1323,
        "01": 0.1226
    },
    "z0u2y0_z0u1y0": {
        "00": 0.1253,
        "10": 0.1269,
        "11": 0.1266,
        "01": 0.13
    },
    "z0u1y0_z0u2y1": {
        "00": 0.122,
        "10": 0.123,
        "11": 0.1255,
        "01": 0.13
    },
    "z1y1_z0u2y0": {
        "00": 0.12155,
        "10": 0.12525,
        "11": 0.1272,
        "01": 0.12685
    },
    "z0u2y0_z0u1y1": {
        "00": 0.1239,
        "10": 0.1233,
        "11": 0.1215,
        "01": 0.1225
    },
    "z0u1y0_z0u2y0": {
        "00": 0.1255,
        "10": 0.1275,
        "11": 0.1235,
        "01": 0.123
    },
    "z1y0_z0u1y1": {
        "00": 0.12655,
        "10": 0.1179,
        "11": 0.12915,
        "01": 0.1264
    },
    "z0u3y0_z0u2y1": {
        "00": 0.2521,
        "11": 0.2493
    },
    "z1y0_z1y1": {
        "00": 0.12305,
        "10": 0.1299,
        "11": 0.12395,
        "01": 0.1231
    },
    "z0u1y1_z0u1y0": {},
    "z0u3y1_z0u3y1": {
        "00": 0.1246,
        "10": 0.1258,
        "11": 0.125,
        "01": 0.1286
    },
    "z1y1_z1y0": {
        "00": 0.12425,
        "10": 0.1226,
        "11": 0.1249,
        "01": 0.12825
    },
    "z0u3y1_z0u1y0": {
        "00": 0.1249,
        "10": 0.1178,
        "11": 0.1236,
        "01": 0.1281
    },
    "z1y1_z0u1y1": {
        "00": 0.12655,
        "10": 0.1179,
        "11": 0.12915,
        "01": 0.1264
    },
    "z1y0_z1y0": {
        "00": 0.12425,
        "10": 0.1226,
        "11": 0.1249,
        "01": 0.12825
    },
    "z0u2y1_z1y1": {
        "00": 0.1226,
        "10": 0.1264,
        "11": 0.1304,
        "01": 0.1211
    },
    "z0u1y1_z0u1y1": {
        "00": 0.2433,
        "10": 0.2551,
        "11": 0.2497,
        "01": 0.2519
    },
    "z0u2y1_z0u1y1": {
        "00": 0.1261,
        "10": 0.1246,
        "11": 0.1226,
        "01": 0.1213
    },
    "z0u3y1_z0u2y0": {
        "00": 0.2497,
        "11": 0.2551
    },
    "z1y1_z1y1": {
        "00": 0.12305,
        "10": 0.1299,
        "11": 0.12395,
        "01": 0.1231
    },
    "z0u3y0_z0u1y0": {
        "00": 0.1291,
        "10": 0.1231,
        "11": 0.1231,
        "01": 0.1263
    },
    "z0u2y0_z0u3y1": {
        "10": 0.2465,
        "01": 0.2545
    },
    "z0u3y0_z0u3y1": {
        "00": 0.1247,
        "10": 0.1263,
        "11": 0.1276,
        "01": 0.1196
    },
    "z0u3y0_z1y1": {
        "00": 0.1253,
        "10": 0.1231,
        "11": 0.1192,
        "01": 0.1288
    },
    "z1y0_z0u2y0": {
        "00": 0.12155,
        "10": 0.12525,
        "11": 0.1272,
        "01": 0.12685
    },
    "z1y0_z0u2y1": {
        "00": 0.1257,
        "10": 0.12285,
        "11": 0.1279,
        "01": 0.1227
    },
    "z0u1y1_z0u2y0": {
        "00": 0.1191,
        "10": 0.1275,
        "11": 0.1244,
        "01": 0.1244
    },
    "z0u3y0_z0u1y1": {
        "00": 0.1213,
        "10": 0.1233,
        "11": 0.1253,
        "01": 0.1285
    },
    "z0u2y0_z1y0": {
        "00": 0.1284,
        "10": 0.1169,
        "11": 0.1205,
        "01": 0.1288
    },
    "z0u3y1_z1y1": {
        "00": 0.1259,
        "10": 0.1185,
        "11": 0.1304,
        "01": 0.1224
    },
    "z0u1y0_z0u3y1": {
        "00": 0.1285,
        "10": 0.1239,
        "11": 0.129,
        "01": 0.1242
    },
    "z0u2y1_z0u2y0": {
        "00": 0.1247,
        "10": 0.1289,
        "11": 0.1269,
        "01": 0.118
    },
    "z0u2y1_z0u2y1": {
        "00": 0.1244,
        "10": 0.1284,
        "11": 0.1234,
        "01": 0.1253
    },
    "z0u1y0_z0u1y0": {
        "00": 0.2565,
        "10": 0.2453,
        "11": 0.2519,
        "01": 0.2463
    },
    "z0u2y0_z0u2y1": {
        "00": 0.1274,
        "10": 0.124,
        "11": 0.1209,
        "01": 0.1252
    },
    "z0u3y1_z1y0": {
        "00": 0.127,
        "10": 0.1268,
        "11": 0.1265,
        "01": 0.1225
    },
    "z0u2y1_z1y0": {
        "00": 0.1213,
        "10": 0.1256,
        "11": 0.1253,
        "01": 0.1273
    },
    "z1y1_z0u3y0": {
        "00": 0.12735,
        "10": 0.1279,
        "11": 0.12565,
        "01": 0.1259
    },
    "z1y0_z0u3y0": {
        "00": 0.12735,
        "10": 0.1279,
        "11": 0.12565,
        "01": 0.1259
    },
    "z1y1_z0u1y0": {
        "00": 0.1241,
        "10": 0.12425,
        "11": 0.1257,
        "01": 0.12595
    },
    "z0u3y0_z0u2y0": {
        "10": 0.2533,
        "01": 0.2453
    },
    "z0u1y0_z1y1": {},
    "z0u1y0_z0u3y0": {
        "00": 0.115,
        "10": 0.1273,
        "11": 0.1288,
        "01": 0.1233
    }
}
