{
    "z0u3y1_z0u1y1": {
        "00": 0.1237,
        "10": 0.1228,
        "11": 0.1201,
        "01": 0.1238
    },
    "z0u2y0_z0u2y0": {
        "00": 0.1218,
        "10": 0.1223,
        "11": 0.1314,
        "01": 0.1279
    },
    "z1y1_z0u2y1": {
        "00": 0.12695,
        "10": 0.12635,
        "11": 0.12495,
        "01": 0.1237
    },
    "z0u1y0_z0u1y1": {},
    "z0u3y0_z0u3y0": {
        "00": 0.1214,
        "10": 0.1267,
        "11": 0.1248,
        "01": 0.1316
    },
    "z1y0_z0u1y0": {
        "00": 0.12515,
        "10": 0.12485,
        "11": 0.12785,
        "01": 0.12215
    },
    "z0u3y0_z1y0": {
        "00": 0.1193,
        "10": 0.1261,
        "11": 0.1245,
        "01": 0.1229
    },
    "z0u3y1_z0u3y0": {
        "00": 0.1269,
        "10": 0.1218,
        "11": 0.1249,
        "01": 0.1278
    },
    "z0u2y0_z1y1": {
        "00": 0.1229,
        "10": 0.1191,
        "11": 0.125,
        "01": 0.1258
    },
    "z0u2y1_z0u3y1": {
        "00": 0.2462,
        "11": 0.2457
    },
    "z0u3y1_z0u2y1": {
        "10": 0.252,
        "01": 0.2486
    },
    "z0u2y0_z0u3y0": {
        "00": 0.2502,
        "11": 0.2531
    },
    "z0u1y1_z0u3y0": {
        "00": 0.1201,
        "10": 0.1282,
        "11": 0.1248,
        "01": 0.1274
    },
    "z0u1y1_z0u3y1": {
        "00": 0.1235,
        "10": 0.1291,
        "11": 0.124,
        "01": 0.1229
    },
    "z0u2y1_z0u3y0": {
        "10": 0.2521,
        "01": 0.256
    },
    "z0u1y1_z1y1": {
        "00": 0.2467,
        "10": 0.2502,
        "11": 0.2526,
        "01": 0.2505
    },
    "z0u2y1_z0u1y0": {
        "00": 0.1266,
        "10": 0.1265,
        "11": 0.1203,
        "01": 0.1286
    },
    "z1y1_z0u3y1": {
        "00": 0.12425,
        "10": 0.12335,
        "11": 0.1253,
        "01": 0.12455
    },
    "z1y0_z0u3y1": {
        "00": 0.12425,
        "10": 0.12335,
        "11": 0.1253,
        "01": 0.12455
    },
    "z0u1y0_z1y0": {
        "00": 0.2552,
        "10": 0.2461,
        "11": 0.2487,
        "01": 0.25
    },
    "z0u1y1_z1y0": {},
    "z0u1y1_z0u2y1": {
        "00": 0.123,
        "10": 0.1245,
        "11": 0.1267,
        "01": 0.1289
    },
    "z0u2y0_z0u1y0": {
        "00": 0.1267,
        "10": 0.127,
        "11": 0.1246,
        "01": 0.1222
    },
    "z0u1y0_z0u2y1": {
        "00": 0.1254,
        "10": 0.1262,
        "11": 0.122,
        "01": 0.1256
    },
    "z1y1_z0u2y0": {
        "00": 0.12375,
        "10": 0.1273,
        "11": 0.12155,
        "01": 0.12545
    },
    "z0u2y0_z0u1y1": {
        "00": 0.1286,
        "10": 0.1247,
        "11": 0.1209,
        "01": 0.1253
    },
    "z0u1y0_z0u2y0": {
        "00": 0.1295,
        "10": 0.1254,
        "11": 0.1218,
        "01": 0.1241
    },
    "z1y0_z0u1y1": {
        "00": 0.1265,
        "10": 0.1229,
        "11": 0.12545,
        "01": 0.12515
    },
    "z0u3y0_z0u2y1": {
        "00": 0.2501,
        "11": 0.2528
    },
    "z1y0_z1y1": {
        "00": 0.12415,
        "10": 0.12495,
        "11": 0.12325,
        "01": 0.12765
    },
    "z0u1y1_z0u1y0": {},
    "z0u3y1_z0u3y1": {
        "00": 0.1236,
        "10": 0.1263,
        "11": 0.1262,
        "01": 0.1225
    },
    "z1y1_z1y0": {
        "00": 0.1218,
        "10": 0.1278,
        "11": 0.1251,
        "01": 0.1253
    },
    "z0u3y1_z0u1y0": {
        "00": 0.1238,
        "10": 0.1259,
        "11": 0.1339,
        "01": 0.126
    },
    "z1y1_z0u1y1": {
        "00": 0.1265,
        "10": 0.1229,
        "11": 0.12545,
        "01": 0.12515
    },
    "z1y0_z1y0": {
        "00": 0.1218,
        "10": 0.1278,
        "11": 0.1251,
        "01": 0.1253
    },
    "z0u2y1_z1y1": {
        "00": 0.1236,
        "10": 0.1265,
        "11": 0.1271,
        "01": 0.1239
    },
    "z0u1y1_z0u1y1": {
        "00": 0.2436,
        "10": 0.2496,
        "11": 0.2558,
        "01": 0.251
    },
    "z0u2y1_z0u1y1": {
        "00": 0.1276,
        "10": 0.1282,
        "11": 0.1195,
        "01": 0.1227
    },
    "z0u3y1_z0u2y0": {
        "00": 0.249,
        "11": 0.2504
    },
    "z1y1_z1y1": {
        "00": 0.12415,
        "10": 0.12495,
        "11": 0.12325,
        "01": 0.12765
    },
    "z0u3y0_z0u1y0": {
        "00": 0.1214,
        "10": 0.1282,
        "11": 0.119,
        "01": 0.1281
    },
    "z0u2y0_z0u3y1": {
        "10": 0.2461,
        "01": 0.2506
    },
    "z0u3y0_z0u3y1": {
        "00": 0.1281,
        "10": 0.1252,
        "11": 0.1201,
        "01": 0.1221
    },
    "z0u3y0_z1y1": {
        "00": 0.1223,
        "10": 0.1254,
        "11": 0.133,
        "01": 0.1265
    },
    "z1y0_z0u2y0": {
        "00": 0.12375,
        "10": 0.1273,
        "11": 0.12155,
        "01": 0.12545
    },
    "z1y0_z0u2y1": {
        "00": 0.12695,
        "10": 0.12635,
        "11": 0.12495,
        "01": 0.1237
    },
    "z0u1y1_z0u2y0": {
        "00": 0.1251,
        "10": 0.1189,
        "11": 0.1235,
        "01": 0.1294
    },
    "z0u3y0_z0u1y1": {
        "00": 0.1287,
        "10": 0.1232,
        "11": 0.1252,
        "01": 0.1262
    },
    "z0u2y0_z1y0": {
        "00": 0.1274,
        "10": 0.1291,
        "11": 0.1267,
        "01": 0.124
    },
    "z0u3y1_z1y1": {
        "00": 0.1206,
        "10": 0.122,
        "11": 0.1227,
        "01": 0.129
    },
    "z0u1y0_z0u3y1": {
        "00": 0.1205,
        "10": 0.1285,
        "11": 0.1249,
        "01": 0.1257
    },
    "z0u2y1_z0u2y0": {
        "00": 0.1247,
        "10": 0.1302,
        "11": 0.1243,
        "01": 0.1272
    },
    "z0u2y1_z0u2y1": {
        "00": 0.1229,
        "10": 0.1221,
        "11": 0.1271,
        "01": 0.1215
    },
    "z0u1y0_z0u1y0": {
        "00": 0.2469,
        "10": 0.2566,
        "11": 0.249,
        "01": 0.2475
    },
    "z0u2y0_z0u2y1": {
        "00": 0.1229,
        "10": 0.124,
        "11": 0.1269,
        "01": 0.1228
    },
    "z0u3y1_z1y0": {
        "00": 0.127,
        "10": 0.1246,
        "11": 0.1237,
        "01": 0.1304
    },
    "z0u2y1_z1y0": {
        "00": 0.1187,
        "10": 0.1268,
        "11": 0.1237,
        "01": 0.1297
    },
    "z1y1_z0u3y0": {
        "00": 0.1254,
        "10": 0.12815,
        "11": 0.12515,
        "01": 0.12385
    },
    "z1y0_z0u3y0": {
        "00": 0.1254,
        "10": 0.12815,
        "11": 0.12515,
        "01": 0.12385
    },
    "z1y1_z0u1y0": {
        "00": 0.12515,
        "10": 0.12485,
        "11": 0.12785,
        "01": 0.12215
    },
    "z0u3y0_z0u2y0": {
        "10": 0.2424,
        "01": 0.2547
    },
    "z0u1y0_z1y1": {},
    "z0u1y0_z0u3y0": {
        "00": 0.128,
        "10": 0.1254,
        "11": 0.1204,
        "01": 0.1266
    }
}
