{
    "z0u3y1_z0u1y1": {
        "00": 0.1273,
        "10": 0.1181,
        "11": 0.1289,
        "01": 0.1234
    },
    "z0u2y0_z0u2y0": {
        "00": 0.2507,
        "11": 0.2445
    },
    "z1y1_z0u2y1": {
        "00": 0.12715,
        "10": 0.1276,
        "11": 0.1189,
        "01": 0.12345
    },
    "z0u1y0_z0u1y1": {},
    "z0u3y0_z0u3y0": {
        "00": 0.2516,
        "11": 0.2482
    },
    "z1y0_z0u1y0": {
        "00": 0.12575,
        "10": 0.12355,
        "11": 0.12465,
        "01": 0.12605
    },
    "z0u3y0_z1y0": {
        "00": 0.1298,
        "10": 0.122,
        "11": 0.1229,
        "01": 0.1234
    },
    "z0u3y1_z0u3y0": {
        "10": 0.2569,
        "01": 0.2455
    },
    "z0u2y0_z1y1": {
        "00": 0.1283,
        "10": 0.1214,
        "11": 0.1255,
        "01": 0.1238
    },
    "z0u2y1_z0u3y1": {
        "00": 0.1243,
        "10": 0.1255,
        "11": 0.1275,
        "01": 0.1265
    },
    "z0u3y1_z0u2y1": {
        "00": 0.1213,
        "10": 0.1277,
        "11": 0.1222,
        "01": 0.1295
    },
    "z0u2y0_z0u3y0": {
        "00": 0.1234,
        "10": 0.1196,
        "11": 0.1247,
        "01": 0.1251
    },
    "z0u1y1_z0u3y0": {
        "00": 0.1158,
        "10": 0.129,
        "11": 0.1197,
        "01": 0.1276
    },
    "z0u1y1_z0u3y1": {
        "00": 0.1289,
        "10": 0.1208,
        "11": 0.1274,
        "01": 0.1308
    },
    "z0u2y1_z0u3y0": {
        "00": 0.1281,
        "10": 0.1284,
        "11": 0.124,
        "01": 0.1157
    },
    "z0u1y1_z1y1": {
        "00": 0.2449,
        "10": 0.2504,
        "11": 0.2518,
        "01": 0.2529
    },
    "z0u2y1_z0u1y0": {
        "00": 0.1238,
        "10": 0.1227,
        "11": 0.1246,
        "01": 0.1264
    },
    "z1y1_z0u3y1": {
        "00": 0.1242,
        "10": 0.12615,
        "11": 0.12765,
        "01": 0.12665
    },
    "z1y0_z0u3y1": {
        "00": 0.1242,
        "10": 0.12615,
        "11": 0.12765,
        "01": 0.12665
    },
    "z0u1y0_z1y0": {
        "00": 0.2488,
        "10": 0.2449,
        "11": 0.2561,
        "01": 0.2502
    },
    "z0u1y1_z1y0": {},
    "z0u1y1_z0u2y1": {
        "00": 0.1291,
        "10": 0.123,
        "11": 0.1254,
        "01": 0.1281
    },
    "z0u2y0_z0u1y0": {
        "00": 0.1246,
        "10": 0.1231,
        "11": 0.1244,
        "01": 0.1224
    },
    "z0u1y0_z0u2y1": {
        "00": 0.1223,
        "10": 0.1285,
        "11": 0.1202,
        "01": 0.1257
    },
    "z1y1_z0u2y0": {
        "00": 0.1248,
        "10": 0.1259,
        "11": 0.1262,
        "01": 0.126
    },
    "z0u2y0_z0u1y1": {
        "00": 0.1277,
        "10": 0.1228,
        "11": 0.1302,
        "01": 0.1248
    },
    "z0u1y0_z0u2y0": {
        "00": 0.1324,
        "10": 0.1205,
        "11": 0.1243,
        "01": 0.1261
    },
    "z1y0_z0u1y1": {
        "00": 0.12485,
        "10": 0.12505,
        "11": 0.1244,
        "01": 0.1257
    },
    "z0u3y0_z0u2y1": {
        "00": 0.1273,
        "10": 0.1271,
        "11": 0.1245,
        "01": 0.1245
    },
    "z1y0_z1y1": {
        "00": 0.123,
        "10": 0.12555,
        "11": 0.12445,
        "01": 0.127
    },
    "z0u1y1_z0u1y0": {},
    "z0u3y1_z0u3y1": {
        "00": 0.2489,
        "11": 0.2487
    },
    "z1y1_z1y0": {
        "00": 0.12625,
        "10": 0.12335,
        "11": 0.123,
        "01": 0.1274
    },
    "z0u3y1_z0u1y0": {
        "00": 0.1279,
        "10": 0.1322,
        "11": 0.1182,
        "01": 0.124
    },
    "z1y1_z0u1y1": {
        "00": 0.12485,
        "10": 0.12505,
        "11": 0.1244,
        "01": 0.1257
    },
    "z1y0_z1y0": {
        "00": 0.12625,
        "10": 0.12335,
        "11": 0.123,
        "01": 0.1274
    },
    "z0u2y1_z1y1": {
        "00": 0.1257,
        "10": 0.125,
        "11": 0.1212,
        "01": 0.1273
    },
    "z0u1y1_z0u1y1": {
        "00": 0.2505,
        "10": 0.2501,
        "11": 0.2546,
        "01": 0.2448
    },
    "z0u2y1_z0u1y1": {
        "00": 0.1217,
        "10": 0.1273,
        "11": 0.1301,
        "01": 0.1234
    },
    "z0u3y1_z0u2y0": {
        "00": 0.1231,
        "10": 0.1218,
        "11": 0.1249,
        "01": 0.1295
    },
    "z1y1_z1y1": {
        "00": 0.123,
        "10": 0.12555,
        "11": 0.12445,
        "01": 0.127
    },
    "z0u3y0_z0u1y0": {
        "00": 0.1327,
        "10": 0.1293,
        "11": 0.1143,
        "01": 0.1246
    },
    "z0u2y0_z0u3y1": {
        "00": 0.1285,
        "10": 0.1282,
        "11": 0.1251,
        "01": 0.1254
    },
    "z0u3y0_z0u3y1": {
        "10": 0.2512,
        "01": 0.249
    },
    "z0u3y0_z1y1": {
        "00": 0.125,
        "10": 0.1271,
        "11": 0.1227,
        "01": 0.1271
    },
    "z1y0_z0u2y0": {
        "00": 0.1248,
        "10": 0.1259,
        "11": 0.1262,
        "01": 0.126
    },
    "z1y0_z0u2y1": {
        "00": 0.12715,
        "10": 0.1276,
        "11": 0.1189,
        "01": 0.12345
    },
    "z0u1y1_z0u2y0": {
        "00": 0.1272,
        "10": 0.1227,
        "11": 0.1223,
        "01": 0.1222
    },
    "z0u3y0_z0u1y1": {
        "00": 0.1233,
        "10": 0.1257,
        "11": 0.1243,
        "01": 0.1258
    },
    "z0u2y0_z1y0": {
        "00": 0.1248,
        "10": 0.1275,
        "11": 0.1206,
        "01": 0.1281
    },
    "z0u3y1_z1y1": {
        "00": 0.1283,
        "10": 0.1228,
        "11": 0.1243,
        "01": 0.1221
    },
    "z0u1y0_z0u3y1": {
        "00": 0.1358,
        "10": 0.1287,
        "11": 0.1198,
        "01": 0.1248
    },
    "z0u2y1_z0u2y0": {
        "10": 0.2533,
        "01": 0.2506
    },
    "z0u2y1_z0u2y1": {
        "00": 0.2536,
        "11": 0.2425
    },
    "z0u1y0_z0u1y0": {
        "00": 0.2409,
        "10": 0.2471,
        "11": 0.2579,
        "01": 0.2541
    },
    "z0u2y0_z0u2y1": {
        "10": 0.2509,
        "01": 0.2539
    },
    "z0u3y1_z1y0": {
        "00": 0.1225,
        "10": 0.1296,
        "11": 0.1298,
        "01": 0.1206
    },
    "z0u2y1_z1y0": {
        "00": 0.1249,
        "10": 0.1284,
        "11": 0.1256,
        "01": 0.1219
    },
    "z1y1_z0u3y0": {
        "00": 0.12325,
        "10": 0.1235,
        "11": 0.12585,
        "01": 0.12275
    },
    "z1y0_z0u3y0": {
        "00": 0.12325,
        "10": 0.1235,
        "11": 0.12585,
        "01": 0.12275
    },
    "z1y1_z0u1y0": {
        "00": 0.12575,
        "10": 0.12355,
        "11": 0.12465,
        "01": 0.12605
    },
    "z0u3y0_z0u2y0": {
        "00": 0.1235,
        "10": 0.1217,
        "11": 0.1311,
        "01": 0.1203
    },
    "z0u1y0_z1y1": {},
    "z0u1y0_z0u3y0": {
        "00": 0.1179,
        "10": 0.1292,
        "11": 0.1195,
        "01": 0.1243
    }
}
