{
    "z0u3y1_z0u1y1": {
        "10": 0.2424,
        "11": 0.2535
    },
    "z0u2y0_z0u2y0": {
        "00": 0.122,
        "10": 0.1305,
        "11": 0.126,
        "01": 0.1215
    },
    "z1y1_z0u2y1": {
        "00": 0.12475,
        "10": 0.12815,
        "11": 0.12335,
        "01": 0.12485
    },
    "z0u1y0_z0u1y1": {},
    "z0u3y0_z0u3y0": {
        "00": 0.1254,
        "10": 0.133,
        "11": 0.1271,
        "01": 0.1201
    },
    "z1y0_z0u1y0": {
        "00": 0.2518,
        "01": 0.2482
    },
    "z0u3y0_z1y0": {
        "00": 0.2484,
        "01": 0.2511
    },
    "z0u3y1_z0u3y0": {
        "00": 0.128,
        "10": 0.1246,
        "11": 0.1223,
        "01": 0.127
    },
    "z0u2y0_z1y1": {
        "10": 0.2497,
        "11": 0.2457
    },
    "z0u2y1_z0u3y1": {
        "00": 0.1309,
        "10": 0.1206,
        "11": 0.1253,
        "01": 0.1243
    },
    "z0u3y1_z0u2y1": {
        "00": 0.1273,
        "10": 0.1302,
        "11": 0.1258,
        "01": 0.1209
    },
    "z0u2y0_z0u3y0": {
        "00": 0.1203,
        "10": 0.1292,
        "11": 0.1303,
        "01": 0.1244
    },
    "z0u1y1_z0u3y0": {
        "10": 0.2511,
        "11": 0.2507
    },
    "z0u1y1_z0u3y1": {
        "10": 0.2451,
        "11": 0.2531
    },
    "z0u2y1_z0u3y0": {
        "00": 0.1254,
        "10": 0.1204,
        "11": 0.127,
        "01": 0.1261
    },
    "z0u1y1_z1y1": {
        "10": 0.5009,
        "11": 0.4991
    },
    "z0u2y1_z0u1y0": {
        "00": 0.2488,
        "01": 0.2541
    },
    "z1y1_z0u3y1": {
        "00": 0.12325,
        "10": 0.12885,
        "11": 0.12185,
        "01": 0.127
    },
    "z1y0_z0u3y1": {
        "00": 0.12325,
        "10": 0.12885,
        "11": 0.12185,
        "01": 0.127
    },
    "z0u1y0_z1y0": {
        "00": 0.4989,
        "01": 0.5011
    },
    "z0u1y1_z1y0": {},
    "z0u1y1_z0u2y1": {
        "10": 0.2515,
        "11": 0.2456
    },
    "z0u2y0_z0u1y0": {
        "00": 0.2555,
        "01": 0.2504
    },
    "z0u1y0_z0u2y1": {
        "00": 0.2457,
        "01": 0.2521
    },
    "z1y1_z0u2y0": {
        "00": 0.1251,
        "10": 0.1255,
        "11": 0.123,
        "01": 0.1253
    },
    "z0u2y0_z0u1y1": {
        "10": 0.2506,
        "11": 0.2435
    },
    "z0u1y0_z0u2y0": {
        "00": 0.2455,
        "01": 0.2567
    },
    "z1y0_z0u1y1": {
        "10": 0.24735,
        "11": 0.25265
    },
    "z0u3y0_z0u2y1": {
        "00": 0.1321,
        "10": 0.1246,
        "11": 0.1285,
        "01": 0.1256
    },
    "z1y0_z1y1": {
        "10": 0.25185,
        "11": 0.24815
    },
    "z0u1y1_z0u1y0": {},
    "z0u3y1_z0u3y1": {
        "00": 0.1247,
        "10": 0.117,
        "11": 0.1304,
        "01": 0.126
    },
    "z1y1_z1y0": {
        "00": 0.25195,
        "01": 0.24805
    },
    "z0u3y1_z0u1y0": {
        "00": 0.2547,
        "01": 0.2494
    },
    "z1y1_z0u1y1": {
        "10": 0.24735,
        "11": 0.25265
    },
    "z1y0_z1y0": {
        "00": 0.25195,
        "01": 0.24805
    },
    "z0u2y1_z1y1": {
        "10": 0.2539,
        "11": 0.2412
    },
    "z0u1y1_z0u1y1": {
        "10": 0.4985,
        "11": 0.5015
    },
    "z0u2y1_z0u1y1": {
        "10": 0.2471,
        "11": 0.25
    },
    "z0u3y1_z0u2y0": {
        "00": 0.1209,
        "10": 0.1243,
        "11": 0.1244,
        "01": 0.1262
    },
    "z1y1_z1y1": {
        "10": 0.25185,
        "11": 0.24815
    },
    "z0u3y0_z0u1y0": {
        "00": 0.2551,
        "01": 0.25
    },
    "z0u2y0_z0u3y1": {
        "00": 0.1229,
        "10": 0.1157,
        "11": 0.1285,
        "01": 0.1287
    },
    "z0u3y0_z0u3y1": {
        "00": 0.1242,
        "10": 0.1208,
        "11": 0.1264,
        "01": 0.123
    },
    "z0u3y0_z1y1": {
        "10": 0.2434,
        "11": 0.2571
    },
    "z1y0_z0u2y0": {
        "00": 0.1251,
        "10": 0.1255,
        "11": 0.123,
        "01": 0.1253
    },
    "z1y0_z0u2y1": {
        "00": 0.12475,
        "10": 0.12815,
        "11": 0.12335,
        "01": 0.12485
    },
    "z0u1y1_z0u2y0": {
        "10": 0.253,
        "11": 0.2499
    },
    "z0u3y0_z0u1y1": {
        "10": 0.248,
        "11": 0.2469
    },
    "z0u2y0_z1y0": {
        "00": 0.2523,
        "01": 0.2523
    },
    "z0u3y1_z1y1": {
        "10": 0.2515,
        "11": 0.2555
    },
    "z0u1y0_z0u3y1": {
        "00": 0.2395,
        "01": 0.2547
    },
    "z0u2y1_z0u2y0": {
        "00": 0.1249,
        "10": 0.1208,
        "11": 0.1282,
        "01": 0.1249
    },
    "z0u2y1_z0u2y1": {
        "00": 0.1256,
        "10": 0.1277,
        "11": 0.1274,
        "01": 0.1205
    },
    "z0u1y0_z0u1y0": {
        "00": 0.5059,
        "01": 0.4941
    },
    "z0u2y0_z0u2y1": {
        "00": 0.122,
        "10": 0.1245,
        "11": 0.1265,
        "01": 0.127
    },
    "z0u3y1_z1y0": {
        "00": 0.2469,
        "01": 0.2461
    },
    "z0u2y1_z1y0": {
        "00": 0.258,
        "01": 0.2469
    },
    "z1y1_z0u3y0": {
        "00": 0.12445,
        "10": 0.12605,
        "11": 0.12325,
        "01": 0.1253
    },
    "z1y0_z0u3y0": {
        "00": 0.12445,
        "10": 0.12605,
        "11": 0.12325,
        "01": 0.1253
    },
    "z1y1_z0u1y0": {
        "00": 0.2518,
        "01": 0.2482
    },
    "z0u3y0_z0u2y0": {
        "00": 0.1231,
        "10": 0.1256,
        "11": 0.1187,
        "01": 0.1218
    },
    "z0u1y0_z1y1": {},
    "z0u1y0_z0u3y0": {
        "00": 0.2546,
        "01": 0.2512
    }
}
