{
    "z0u3y1_z0u1y1": {
        "00": 0.1242,
        "10": 0.1285,
        "11": 0.1268,
        "01": 0.1238
    },
    "z0u2y0_z0u2y0": {
        "10": 0.2521,
        "01": 0.2581
    },
    "z1y1_z0u2y1": {
        "00": 0.125,
        "10": 0.1213,
        "11": 0.12525,
        "01": 0.1263
    },
    "z0u1y0_z0u1y1": {},
    "z0u3y0_z0u3y0": {
        "10": 0.2504,
        "01": 0.2469
    },
    "z1y0_z0u1y0": {
        "00": 0.12165,
        "10": 0.12645,
        "11": 0.1256,
        "01": 0.1263
    },
    "z0u3y0_z1y0": {
        "00": 0.1265,
        "10": 0.1216,
        "11": 0.1266,
        "01": 0.1246
    },
    "z0u3y1_z0u3y0": {
        "00": 0.2542,
        "11": 0.2541
    },
    "z0u2y0_z1y1": {
        "00": 0.1283,
        "10": 0.1275,
        "11": 0.1221,
        "01": 0.1254
    },
    "z0u2y1_z0u3y1": {
        "00": 0.1285,
        "10": 0.1208,
        "11": 0.1204,
        "01": 0.1271
    },
    "z0u3y1_z0u2y1": {
        "00": 0.1257,
        "10": 0.1239,
        "11": 0.1317,
        "01": 0.1278
    },
    "z0u2y0_z0u3y0": {
        "00": 0.1262,
        "10": 0.1182,
        "11": 0.1267,
        "01": 0.1286
    },
    "z0u1y1_z0u3y0": {
        "00": 0.129,
        "10": 0.1257,
        "11": 0.123,
        "01": 0.1246
    },
    "z0u1y1_z0u3y1": {
        "00": 0.1208,
        "10": 0.1192,
        "11": 0.1253,
        "01": 0.1324
    },
    "z0u2y1_z0u3y0": {
        "00": 0.1238,
        "10": 0.126,
        "11": 0.1264,
        "01": 0.127
    },
    "z0u1y1_z1y1": {
        "00": 0.253,
        "10": 0.2526,
        "11": 0.2444,
        "01": 0.25
    },
    "z0u2y1_z0u1y0": {
        "00": 0.1242,
        "10": 0.1264,
        "11": 0.129,
        "01": 0.128
    },
    "z1y1_z0u3y1": {
        "00": 0.12135,
        "10": 0.12535,
        "11": 0.12435,
        "01": 0.12245
    },
    "z1y0_z0u3y1": {
        "00": 0.12135,
        "10": 0.12535,
        "11": 0.12435,
        "01": 0.12245
    },
    "z0u1y0_z1y0": {
        "00": 0.2471,
        "10": 0.2472,
        "11": 0.2483,
        "01": 0.2574
    },
    "z0u1y1_z1y0": {},
    "z0u1y1_z0u2y1": {
        "00": 0.1244,
        "10": 0.1227,
        "11": 0.1307,
        "01": 0.1231
    },
    "z0u2y0_z0u1y0": {
        "00": 0.1257,
        "10": 0.1257,
        "11": 0.1233,
        "01": 0.1258
    },
    "z0u1y0_z0u2y1": {
        "00": 0.1249,
        "10": 0.1307,
        "11": 0.1191,
        "01": 0.1282
    },
    "z1y1_z0u2y0": {
        "00": 0.12425,
        "10": 0.12385,
        "11": 0.1256,
        "01": 0.12845
    },
    "z0u2y0_z0u1y1": {
        "00": 0.1263,
        "10": 0.1245,
        "11": 0.1226,
        "01": 0.1261
    },
    "z0u1y0_z0u2y0": {
        "00": 0.1204,
        "10": 0.1292,
        "11": 0.1248,
        "01": 0.1227
    },
    "z1y0_z0u1y1": {
        "00": 0.126,
        "10": 0.12645,
        "11": 0.1267,
        "01": 0.12085
    },
    "z0u3y0_z0u2y1": {
        "00": 0.124,
        "10": 0.1256,
        "11": 0.1196,
        "01": 0.1231
    },
    "z1y0_z1y1": {
        "00": 0.1238,
        "10": 0.12605,
        "11": 0.123,
        "01": 0.12715
    },
    "z0u1y1_z0u1y0": {},
    "z0u3y1_z0u3y1": {
        "10": 0.2454,
        "01": 0.2463
    },
    "z1y1_z1y0": {
        "00": 0.1258,
        "10": 0.1257,
        "11": 0.1251,
        "01": 0.1234
    },
    "z0u3y1_z0u1y0": {
        "00": 0.1248,
        "10": 0.1261,
        "11": 0.1215,
        "01": 0.1243
    },
    "z1y1_z0u1y1": {
        "00": 0.126,
        "10": 0.12645,
        "11": 0.1267,
        "01": 0.12085
    },
    "z1y0_z1y0": {
        "00": 0.1258,
        "10": 0.1257,
        "11": 0.1251,
        "01": 0.1234
    },
    "z0u2y1_z1y1": {
        "00": 0.1251,
        "10": 0.125,
        "11": 0.1223,
        "01": 0.1277
    },
    "z0u1y1_z0u1y1": {
        "00": 0.2495,
        "10": 0.2502,
        "11": 0.2569,
        "01": 0.2434
    },
    "z0u2y1_z0u1y1": {
        "00": 0.1216,
        "10": 0.1203,
        "11": 0.1296,
        "01": 0.1209
    },
    "z0u3y1_z0u2y0": {
        "00": 0.1237,
        "10": 0.1201,
        "11": 0.122,
        "01": 0.1251
    },
    "z1y1_z1y1": {
        "00": 0.1238,
        "10": 0.12605,
        "11": 0.123,
        "01": 0.12715
    },
    "z0u3y0_z0u1y0": {
        "00": 0.1288,
        "10": 0.1241,
        "11": 0.1206,
        "01": 0.1245
    },
    "z0u2y0_z0u3y1": {
        "00": 0.1243,
        "10": 0.1218,
        "11": 0.1283,
        "01": 0.1259
    },
    "z0u3y0_z0u3y1": {
        "00": 0.2495,
        "11": 0.2532
    },
    "z0u3y0_z1y1": {
        "00": 0.1184,
        "10": 0.1303,
        "11": 0.1248,
        "01": 0.1272
    },
    "z1y0_z0u2y0": {
        "00": 0.12425,
        "10": 0.12385,
        "11": 0.1256,
        "01": 0.12845
    },
    "z1y0_z0u2y1": {
        "00": 0.125,
        "10": 0.1213,
        "11": 0.12525,
        "01": 0.1263
    },
    "z0u1y1_z0u2y0": {
        "00": 0.1218,
        "10": 0.1274,
        "11": 0.1253,
        "01": 0.1246
    },
    "z0u3y0_z0u1y1": {
        "00": 0.1235,
        "10": 0.124,
        "11": 0.1272,
        "01": 0.1273
    },
    "z0u2y0_z1y0": {
        "00": 0.1248,
        "10": 0.1225,
        "11": 0.1282,
        "01": 0.1212
    },
    "z0u3y1_z1y1": {
        "00": 0.1198,
        "10": 0.1286,
        "11": 0.1287,
        "01": 0.1313
    },
    "z0u1y0_z0u3y1": {
        "00": 0.1286,
        "10": 0.1246,
        "11": 0.1219,
        "01": 0.1252
    },
    "z0u2y1_z0u2y0": {
        "00": 0.2482,
        "11": 0.2507
    },
    "z0u2y1_z0u2y1": {
        "10": 0.2504,
        "01": 0.2507
    },
    "z0u1y0_z0u1y0": {
        "00": 0.2516,
        "10": 0.2458,
        "11": 0.2489,
        "01": 0.2537
    },
    "z0u2y0_z0u2y1": {
        "00": 0.2494,
        "11": 0.2404
    },
    "z0u3y1_z1y0": {
        "00": 0.1201,
        "10": 0.1249,
        "11": 0.1231,
        "01": 0.1235
    },
    "z0u2y1_z1y0": {
        "00": 0.1277,
        "10": 0.1247,
        "11": 0.1259,
        "01": 0.1216
    },
    "z1y1_z0u3y0": {
        "00": 0.1247,
        "10": 0.1285,
        "11": 0.12675,
        "01": 0.12655
    },
    "z1y0_z0u3y0": {
        "00": 0.1247,
        "10": 0.1285,
        "11": 0.12675,
        "01": 0.12655
    },
    "z1y1_z0u1y0": {
        "00": 0.12165,
        "10": 0.12645,
        "11": 0.1256,
        "01": 0.1263
    },
    "z0u3y0_z0u2y0": {
        "00": 0.1325,
        "10": 0.1208,
        "11": 0.1297,
        "01": 0.1247
    },
    "z0u1y0_z1y1": {},
    "z0u1y0_z0u3y0": {
        "00": 0.1226,
        "10": 0.1219,
        "11": 0.1312,
        "01": 0.124
    }
}
