{
    "z0u3y1_z0u1y1": {
        "10": 0.2515,
        "11": 0.2436
    },
    "z0u2y0_z0u2y0": {
        "00": 0.1242,
        "10": 0.1276,
        "11": 0.1284,
        "01": 0.1244
    },
    "z1y1_z0u2y1": {
        "00": 0.12675,
        "10": 0.12675,
        "11": 0.12355,
        "01": 0.1235
    },
    "z0u1y0_z0u1y1": {},
    "z0u3y0_z0u3y0": {
        "00": 0.1221,
        "10": 0.1316,
        "11": 0.1211,
        "01": 0.1294
    },
    "z1y0_z0u1y0": {
        "00": 0.2474,
        "01": 0.2526
    },
    "z0u3y0_z1y0": {
        "00": 0.2483,
        "01": 0.2581
    },
    "z0u3y1_z0u3y0": {
        "00": 0.1195,
        "10": 0.1298,
        "11": 0.1307,
        "01": 0.1269
    },
    "z0u2y0_z1y1": {
        "10": 0.2529,
        "11": 0.2447
    },
    "z0u2y1_z0u3y1": {
        "00": 0.1222,
        "10": 0.1261,
        "11": 0.1272,
        "01": 0.1319
    },
    "z0u3y1_z0u2y1": {
        "00": 0.1278,
        "10": 0.1282,
        "11": 0.1254,
        "01": 0.1267
    },
    "z0u2y0_z0u3y0": {
        "00": 0.1311,
        "10": 0.1231,
        "11": 0.1328,
        "01": 0.1234
    },
    "z0u1y1_z0u3y0": {
        "10": 0.2437,
        "11": 0.2531
    },
    "z0u1y1_z0u3y1": {
        "10": 0.2473,
        "11": 0.2559
    },
    "z0u2y1_z0u3y0": {
        "00": 0.1259,
        "10": 0.1187,
        "11": 0.1264,
        "01": 0.1216
    },
    "z0u1y1_z1y1": {
        "10": 0.5094,
        "11": 0.4906
    },
    "z0u2y1_z0u1y0": {
        "00": 0.249,
        "01": 0.2489
    },
    "z1y1_z0u3y1": {
        "00": 0.12655,
        "10": 0.12315,
        "11": 0.1262,
        "01": 0.12725
    },
    "z1y0_z0u3y1": {
        "00": 0.12655,
        "10": 0.12315,
        "11": 0.1262,
        "01": 0.12725
    },
    "z0u1y0_z1y0": {
        "00": 0.4998,
        "01": 0.5002
    },
    "z0u1y1_z1y0": {},
    "z0u1y1_z0u2y1": {
        "10": 0.2485,
        "11": 0.2486
    },
    "z0u2y0_z0u1y0": {
        "00": 0.249,
        "01": 0.2542
    },
    "z0u1y0_z0u2y1": {
        "00": 0.2454,
        "01": 0.2483
    },
    "z1y1_z0u2y0": {
        "00": 0.12495,
        "10": 0.1243,
        "11": 0.1254,
        "01": 0.1248
    },
    "z0u2y0_z0u1y1": {
        "10": 0.249,
        "11": 0.2478
    },
    "z0u1y0_z0u2y0": {
        "00": 0.2528,
        "01": 0.2535
    },
    "z1y0_z0u1y1": {
        "10": 0.2531,
        "11": 0.2469
    },
    "z0u3y0_z0u2y1": {
        "00": 0.1234,
        "10": 0.1248,
        "11": 0.1297,
        "01": 0.1232
    },
    "z1y0_z1y1": {
        "10": 0.2521,
        "11": 0.2479
    },
    "z0u1y1_z0u1y0": {},
    "z0u3y1_z0u3y1": {
        "00": 0.13,
        "10": 0.1166,
        "11": 0.1222,
        "01": 0.1243
    },
    "z1y1_z1y0": {
        "00": 0.2556,
        "01": 0.2444
    },
    "z0u3y1_z0u1y0": {
        "00": 0.2546,
        "01": 0.2503
    },
    "z1y1_z0u1y1": {
        "10": 0.2531,
        "11": 0.2469
    },
    "z1y0_z1y0": {
        "00": 0.2556,
        "01": 0.2444
    },
    "z0u2y1_z1y1": {
        "10": 0.256,
        "11": 0.2474
    },
    "z0u1y1_z0u1y1": {
        "10": 0.4971,
        "11": 0.5029
    },
    "z0u2y1_z0u1y1": {
        "10": 0.2484,
        "11": 0.2537
    },
    "z0u3y1_z0u2y0": {
        "00": 0.1228,
        "10": 0.1184,
        "11": 0.1268,
        "01": 0.1239
    },
    "z1y1_z1y1": {
        "10": 0.2521,
        "11": 0.2479
    },
    "z0u3y0_z0u1y0": {
        "00": 0.2519,
        "01": 0.2419
    },
    "z0u2y0_z0u3y1": {
        "00": 0.1242,
        "10": 0.1256,
        "11": 0.1229,
        "01": 0.1169
    },
    "z0u3y0_z0u3y1": {
        "00": 0.1268,
        "10": 0.1186,
        "11": 0.1253,
        "01": 0.1251
    },
    "z0u3y0_z1y1": {
        "10": 0.2503,
        "11": 0.2433
    },
    "z1y0_z0u2y0": {
        "00": 0.12495,
        "10": 0.1243,
        "11": 0.1254,
        "01": 0.1248
    },
    "z1y0_z0u2y1": {
        "00": 0.12675,
        "10": 0.12675,
        "11": 0.12355,
        "01": 0.1235
    },
    "z0u1y1_z0u2y0": {
        "10": 0.2506,
        "11": 0.2523
    },
    "z0u3y0_z0u1y1": {
        "10": 0.2555,
        "11": 0.2507
    },
    "z0u2y0_z1y0": {
        "00": 0.2505,
        "01": 0.2519
    },
    "z0u3y1_z1y1": {
        "10": 0.2528,
        "11": 0.2463
    },
    "z0u1y0_z0u3y1": {
        "00": 0.2535,
        "01": 0.2518
    },
    "z0u2y1_z0u2y0": {
        "00": 0.1237,
        "10": 0.1299,
        "11": 0.1249,
        "01": 0.1237
    },
    "z0u2y1_z0u2y1": {
        "00": 0.1207,
        "10": 0.1286,
        "11": 0.1248,
        "01": 0.1237
    },
    "z0u1y0_z0u1y0": {
        "00": 0.5022,
        "01": 0.4978
    },
    "z0u2y0_z0u2y1": {
        "00": 0.1207,
        "10": 0.1234,
        "11": 0.1257,
        "01": 0.1256
    },
    "z0u3y1_z1y0": {
        "00": 0.2521,
        "01": 0.2488
    },
    "z0u2y1_z1y0": {
        "00": 0.2454,
        "01": 0.2512
    },
    "z1y1_z0u3y0": {
        "00": 0.12215,
        "10": 0.1219,
        "11": 0.12875,
        "01": 0.12405
    },
    "z1y0_z0u3y0": {
        "00": 0.12215,
        "10": 0.1219,
        "11": 0.12875,
        "01": 0.12405
    },
    "z1y1_z0u1y0": {
        "00": 0.2474,
        "01": 0.2526
    },
    "z0u3y0_z0u2y0": {
        "00": 0.1255,
        "10": 0.1274,
        "11": 0.1208,
        "01": 0.1252
    },
    "z0u1y0_z1y1": {},
    "z0u1y0_z0u3y0": {
        "00": 0.2472,
        "01": 0.2475
    }
}
