{
    "z0u3y1_z0u1y1": {
        "00": 0.1321,
        "10": 0.1248,
        "11": 0.1287,
        "01": 0.1235
    },
    "z0u2y0_z0u2y0": {
        "00": 0.1206,
        "10": 0.1314,
        "11": 0.1285,
        "01": 0.1241
    },
    "z1y1_z0u2y1": {
        "00": 0.1266,
        "10": 0.12175,
        "11": 0.12565,
        "01": 0.12375
    },
    "z0u1y0_z0u1y1": {},
    "z0u3y0_z0u3y0": {
        "00": 0.1224,
        "10": 0.1323,
        "11": 0.1191,
        "01": 0.1302
    },
    "z1y0_z0u1y0": {
        "00": 0.1223,
        "10": 0.12595,
        "11": 0.12515,
        "01": 0.1266
    },
    "z0u3y0_z1y0": {
        "00": 0.1284,
        "10": 0.1281,
        "11": 0.1291,
        "01": 0.1221
    },
    "z0u3y1_z0u3y0": {
        "00": 0.1263,
        "10": 0.1278,
        "11": 0.1217,
        "01": 0.1244
    },
    "z0u2y0_z1y1": {
        "00": 0.126,
        "10": 0.1232,
        "11": 0.1263,
        "01": 0.124
    },
    "z0u2y1_z0u3y1": {
        "00": 0.2437,
        "11": 0.2514
    },
    "z0u3y1_z0u2y1": {
        "10": 0.2472,
        "01": 0.2474
    },
    "z0u2y0_z0u3y0": {
        "00": 0.2453,
        "11": 0.2551
    },
    "z0u1y1_z0u3y0": {
        "00": 0.1267,
        "10": 0.125,
        "11": 0.1224,
        "01": 0.129
    },
    "z0u1y1_z0u3y1": {
        "00": 0.1243,
        "10": 0.1239,
        "11": 0.1229,
        "01": 0.1258
    },
    "z0u2y1_z0u3y0": {
        "10": 0.2528,
        "01": 0.2521
    },
    "z0u1y1_z1y1": {
        "00": 0.2502,
        "10": 0.2536,
        "11": 0.2475,
        "01": 0.2487
    },
    "z0u2y1_z0u1y0": {
        "00": 0.1248,
        "10": 0.1285,
        "11": 0.1219,
        "01": 0.1146
    },
    "z1y1_z0u3y1": {
        "00": 0.1239,
        "10": 0.1284,
        "11": 0.12695,
        "01": 0.1263
    },
    "z1y0_z0u3y1": {
        "00": 0.1239,
        "10": 0.1284,
        "11": 0.12695,
        "01": 0.1263
    },
    "z0u1y0_z1y0": {
        "00": 0.2509,
        "10": 0.2455,
        "11": 0.2547,
        "01": 0.2489
    },
    "z0u1y1_z1y0": {},
    "z0u1y1_z0u2y1": {
        "00": 0.1251,
        "10": 0.1212,
        "11": 0.1321,
        "01": 0.1236
    },
    "z0u2y0_z0u1y0": {
        "00": 0.1208,
        "10": 0.1239,
        "11": 0.1305,
        "01": 0.1252
    },
    "z0u1y0_z0u2y1": {
        "00": 0.1225,
        "10": 0.1282,
        "11": 0.1208,
        "01": 0.1271
    },
    "z1y1_z0u2y0": {
        "00": 0.1251,
        "10": 0.1283,
        "11": 0.1251,
        "01": 0.12375
    },
    "z0u2y0_z0u1y1": {
        "00": 0.1264,
        "10": 0.1277,
        "11": 0.1195,
        "01": 0.126
    },
    "z0u1y0_z0u2y0": {
        "00": 0.1255,
        "10": 0.1304,
        "11": 0.1172,
        "01": 0.1283
    },
    "z1y0_z0u1y1": {
        "00": 0.12385,
        "10": 0.1249,
        "11": 0.1269,
        "01": 0.12435
    },
    "z0u3y0_z0u2y1": {
        "00": 0.2535,
        "11": 0.2525
    },
    "z1y0_z1y1": {
        "00": 0.12405,
        "10": 0.1243,
        "11": 0.1247,
        "01": 0.12695
    },
    "z0u1y1_z0u1y0": {},
    "z0u3y1_z0u3y1": {
        "00": 0.1233,
        "10": 0.1319,
        "11": 0.1234,
        "01": 0.1212
    },
    "z1y1_z1y0": {
        "00": 0.1234,
        "10": 0.12585,
        "11": 0.1218,
        "01": 0.12895
    },
    "z0u3y1_z0u1y0": {
        "00": 0.1264,
        "10": 0.1216,
        "11": 0.1204,
        "01": 0.1225
    },
    "z1y1_z0u1y1": {
        "00": 0.12385,
        "10": 0.1249,
        "11": 0.1269,
        "01": 0.12435
    },
    "z1y0_z1y0": {
        "00": 0.1234,
        "10": 0.12585,
        "11": 0.1218,
        "01": 0.12895
    },
    "z0u2y1_z1y1": {
        "00": 0.1304,
        "10": 0.1247,
        "11": 0.123,
        "01": 0.123
    },
    "z0u1y1_z0u1y1": {
        "00": 0.2476,
        "10": 0.2551,
        "11": 0.2467,
        "01": 0.2506
    },
    "z0u2y1_z0u1y1": {
        "00": 0.1312,
        "10": 0.1278,
        "11": 0.1269,
        "01": 0.1243
    },
    "z0u3y1_z0u2y0": {
        "00": 0.2501,
        "11": 0.2553
    },
    "z1y1_z1y1": {
        "00": 0.12405,
        "10": 0.1243,
        "11": 0.1247,
        "01": 0.12695
    },
    "z0u3y0_z0u1y0": {
        "00": 0.123,
        "10": 0.1214,
        "11": 0.1212,
        "01": 0.1224
    },
    "z0u2y0_z0u3y1": {
        "10": 0.2504,
        "01": 0.2492
    },
    "z0u3y0_z0u3y1": {
        "00": 0.1247,
        "10": 0.12,
        "11": 0.1239,
        "01": 0.1274
    },
    "z0u3y0_z1y1": {
        "00": 0.1184,
        "10": 0.1267,
        "11": 0.1231,
        "01": 0.1241
    },
    "z1y0_z0u2y0": {
        "00": 0.1251,
        "10": 0.1283,
        "11": 0.1251,
        "01": 0.12375
    },
    "z1y0_z0u2y1": {
        "00": 0.1266,
        "10": 0.12175,
        "11": 0.12565,
        "01": 0.12375
    },
    "z0u1y1_z0u2y0": {
        "00": 0.1264,
        "10": 0.1217,
        "11": 0.1271,
        "01": 0.1228
    },
    "z0u3y0_z0u1y1": {
        "00": 0.1317,
        "10": 0.1246,
        "11": 0.1286,
        "01": 0.1271
    },
    "z0u2y0_z1y0": {
        "00": 0.1265,
        "10": 0.1282,
        "11": 0.1265,
        "01": 0.1193
    },
    "z0u3y1_z1y1": {
        "00": 0.1227,
        "10": 0.1213,
        "11": 0.1247,
        "01": 0.1287
    },
    "z0u1y0_z0u3y1": {
        "00": 0.1221,
        "10": 0.1253,
        "11": 0.1267,
        "01": 0.1279
    },
    "z0u2y1_z0u2y0": {
        "00": 0.1262,
        "10": 0.1235,
        "11": 0.1271,
        "01": 0.1229
    },
    "z0u2y1_z0u2y1": {
        "00": 0.1203,
        "10": 0.1254,
        "11": 0.1273,
        "01": 0.1273
    },
    "z0u1y0_z0u1y0": {
        "00": 0.2535,
        "10": 0.2497,
        "11": 0.2492,
        "01": 0.2476
    },
    "z0u2y0_z0u2y1": {
        "00": 0.1218,
        "10": 0.1274,
        "11": 0.1185,
        "01": 0.1277
    },
    "z0u3y1_z1y0": {
        "00": 0.1229,
        "10": 0.1302,
        "11": 0.1298,
        "01": 0.1197
    },
    "z0u2y1_z1y0": {
        "00": 0.1248,
        "10": 0.1231,
        "11": 0.1225,
        "01": 0.1285
    },
    "z1y1_z0u3y0": {
        "00": 0.12205,
        "10": 0.1233,
        "11": 0.1256,
        "01": 0.1235
    },
    "z1y0_z0u3y0": {
        "00": 0.12205,
        "10": 0.1233,
        "11": 0.1256,
        "01": 0.1235
    },
    "z1y1_z0u1y0": {
        "00": 0.1223,
        "10": 0.12595,
        "11": 0.12515,
        "01": 0.1266
    },
    "z0u3y0_z0u2y0": {
        "10": 0.2418,
        "01": 0.2522
    },
    "z0u1y0_z1y1": {},
    "z0u1y0_z0u3y0": {
        "00": 0.1258,
        "10": 0.1243,
        "11": 0.1226,
        "01": 0.1253
    }
}
