{
    "z0u3y1_z0u1y1": {
        "00": 0.12,
        "10": 0.123,
        "11": 0.1322,
        "01": 0.123
    },
    "z0u2y0_z0u2y0": {
        "00": 0.1235,
        "10": 0.1225,
        "11": 0.1228,
        "01": 0.1255
    },
    "z1y1_z0u2y1": {
        "00": 0.12365,
        "10": 0.12795,
        "11": 0.1235,
        "01": 0.1231
    },
    "z0u1y0_z0u1y1": {},
    "z0u3y0_z0u3y0": {
        "00": 0.1261,
        "10": 0.1218,
        "11": 0.1337,
        "01": 0.1257
    },
    "z1y0_z0u1y0": {
        "00": 0.1251,
        "10": 0.122,
        "11": 0.1276,
        "01": 0.1253
    },
    "z0u3y0_z1y0": {
        "00": 0.1268,
        "10": 0.1251,
        "11": 0.1312,
        "01": 0.1226
    },
    "z0u3y1_z0u3y0": {
        "00": 0.1296,
        "10": 0.1167,
        "11": 0.1238,
        "01": 0.1229
    },
    "z0u2y0_z1y1": {
        "00": 0.1247,
        "10": 0.1283,
        "11": 0.1331,
        "01": 0.1198
    },
    "z0u2y1_z0u3y1": {
        "00": 0.2517,
        "11": 0.2431
    },
    "z0u3y1_z0u2y1": {
        "10": 0.2511,
        "01": 0.251
    },
    "z0u2y0_z0u3y0": {
        "00": 0.2487,
        "11": 0.2515
    },
    "z0u1y1_z0u3y0": {
        "00": 0.1281,
        "10": 0.1281,
        "11": 0.1217,
        "01": 0.1273
    },
    "z0u1y1_z0u3y1": {
        "00": 0.1234,
        "10": 0.1253,
        "11": 0.1194,
        "01": 0.1267
    },
    "z0u2y1_z0u3y0": {
        "10": 0.2524,
        "01": 0.2528
    },
    "z0u1y1_z1y1": {
        "00": 0.2555,
        "10": 0.2495,
        "11": 0.2458,
        "01": 0.2492
    },
    "z0u2y1_z0u1y0": {
        "00": 0.1267,
        "10": 0.1238,
        "11": 0.1262,
        "01": 0.1228
    },
    "z1y1_z0u3y1": {
        "00": 0.12605,
        "10": 0.12685,
        "11": 0.12405,
        "01": 0.1212
    },
    "z1y0_z0u3y1": {
        "00": 0.12605,
        "10": 0.12685,
        "11": 0.12405,
        "01": 0.1212
    },
    "z0u1y0_z1y0": {
        "00": 0.2502,
        "10": 0.2514,
        "11": 0.2431,
        "01": 0.2553
    },
    "z0u1y1_z1y0": {},
    "z0u1y1_z0u2y1": {
        "00": 0.1309,
        "10": 0.1173,
        "11": 0.1297,
        "01": 0.1181
    },
    "z0u2y0_z0u1y0": {
        "00": 0.1222,
        "10": 0.1264,
        "11": 0.1213,
        "01": 0.1253
    },
    "z0u1y0_z0u2y1": {
        "00": 0.1184,
        "10": 0.1252,
        "11": 0.1254,
        "01": 0.1268
    },
    "z1y1_z0u2y0": {
        "00": 0.127,
        "10": 0.12615,
        "11": 0.12625,
        "01": 0.1224
    },
    "z0u2y0_z0u1y1": {
        "00": 0.1296,
        "10": 0.1241,
        "11": 0.1231,
        "01": 0.128
    },
    "z0u1y0_z0u2y0": {
        "00": 0.1204,
        "10": 0.1271,
        "11": 0.1265,
        "01": 0.1302
    },
    "z1y0_z0u1y1": {
        "00": 0.12675,
        "10": 0.12615,
        "11": 0.12405,
        "01": 0.12305
    },
    "z0u3y0_z0u2y1": {
        "00": 0.2513,
        "11": 0.2428
    },
    "z1y0_z1y1": {
        "00": 0.1248,
        "10": 0.12765,
        "11": 0.12405,
        "01": 0.1235
    },
    "z0u1y1_z0u1y0": {},
    "z0u3y1_z0u3y1": {
        "00": 0.1248,
        "10": 0.1275,
        "11": 0.1261,
        "01": 0.1286
    },
    "z1y1_z1y0": {
        "00": 0.12675,
        "10": 0.12505,
        "11": 0.12205,
        "01": 0.12615
    },
    "z0u3y1_z0u1y0": {
        "00": 0.1212,
        "10": 0.125,
        "11": 0.125,
        "01": 0.1306
    },
    "z1y1_z0u1y1": {
        "00": 0.12675,
        "10": 0.12615,
        "11": 0.12405,
        "01": 0.12305
    },
    "z1y0_z1y0": {
        "00": 0.12675,
        "10": 0.12505,
        "11": 0.12205,
        "01": 0.12615
    },
    "z0u2y1_z1y1": {
        "00": 0.1215,
        "10": 0.1232,
        "11": 0.1308,
        "01": 0.123
    },
    "z0u1y1_z0u1y1": {
        "00": 0.2461,
        "10": 0.2446,
        "11": 0.2582,
        "01": 0.2511
    },
    "z0u2y1_z0u1y1": {
        "00": 0.1244,
        "10": 0.1269,
        "11": 0.1225,
        "01": 0.1267
    },
    "z0u3y1_z0u2y0": {
        "00": 0.2505,
        "11": 0.2474
    },
    "z1y1_z1y1": {
        "00": 0.1248,
        "10": 0.12765,
        "11": 0.12405,
        "01": 0.1235
    },
    "z0u3y0_z0u1y0": {
        "00": 0.1313,
        "10": 0.1218,
        "11": 0.125,
        "01": 0.1279
    },
    "z0u2y0_z0u3y1": {
        "10": 0.2502,
        "01": 0.2496
    },
    "z0u3y0_z0u3y1": {
        "00": 0.1228,
        "10": 0.1211,
        "11": 0.1274,
        "01": 0.1214
    },
    "z0u3y0_z1y1": {
        "00": 0.1221,
        "10": 0.1296,
        "11": 0.1204,
        "01": 0.1222
    },
    "z1y0_z0u2y0": {
        "00": 0.127,
        "10": 0.12615,
        "11": 0.12625,
        "01": 0.1224
    },
    "z1y0_z0u2y1": {
        "00": 0.12365,
        "10": 0.12795,
        "11": 0.1235,
        "01": 0.1231
    },
    "z0u1y1_z0u2y0": {
        "00": 0.1312,
        "10": 0.1235,
        "11": 0.1243,
        "01": 0.125
    },
    "z0u3y0_z0u1y1": {
        "00": 0.1225,
        "10": 0.1222,
        "11": 0.125,
        "01": 0.1243
    },
    "z0u2y0_z1y0": {
        "00": 0.129,
        "10": 0.1254,
        "11": 0.1196,
        "01": 0.1201
    },
    "z0u3y1_z1y1": {
        "00": 0.1231,
        "10": 0.1227,
        "11": 0.1284,
        "01": 0.1266
    },
    "z0u1y0_z0u3y1": {
        "00": 0.1249,
        "10": 0.1243,
        "11": 0.1213,
        "01": 0.1289
    },
    "z0u2y1_z0u2y0": {
        "00": 0.1174,
        "10": 0.1251,
        "11": 0.1245,
        "01": 0.124
    },
    "z0u2y1_z0u2y1": {
        "00": 0.1254,
        "10": 0.1289,
        "11": 0.1265,
        "01": 0.1282
    },
    "z0u1y0_z0u1y0": {
        "00": 0.2502,
        "10": 0.2506,
        "11": 0.2477,
        "01": 0.2515
    },
    "z0u2y0_z0u2y1": {
        "00": 0.1252,
        "10": 0.1294,
        "11": 0.125,
        "01": 0.1261
    },
    "z0u3y1_z1y0": {
        "00": 0.1232,
        "10": 0.1264,
        "11": 0.1249,
        "01": 0.1247
    },
    "z0u2y1_z1y0": {
        "00": 0.1249,
        "10": 0.1258,
        "11": 0.1245,
        "01": 0.1263
    },
    "z1y1_z0u3y0": {
        "00": 0.12365,
        "10": 0.12625,
        "11": 0.1246,
        "01": 0.12735
    },
    "z1y0_z0u3y0": {
        "00": 0.12365,
        "10": 0.12625,
        "11": 0.1246,
        "01": 0.12735
    },
    "z1y1_z0u1y0": {
        "00": 0.1251,
        "10": 0.122,
        "11": 0.1276,
        "01": 0.1253
    },
    "z0u3y0_z0u2y0": {
        "10": 0.2511,
        "01": 0.2548
    },
    "z0u1y0_z1y1": {},
    "z0u1y0_z0u3y0": {
        "00": 0.1312,
        "10": 0.1251,
        "11": 0.1204,
        "01": 0.1239
    }
}
