{
    "z0u3y1_z0u1y1": {
        "11": 0.2541,
        "01": 0.2445
    },
    "z0u2y0_z0u2y0": {
        "00": 0.123,
        "10": 0.1238,
        "11": 0.1229,
        "01": 0.1287
    },
    "z1y1_z0u2y1": {
        "00": 0.12515,
        "10": 0.1242,
        "11": 0.1209,
        "01": 0.1263
    },
    "z0u1y0_z0u1y1": {},
    "z0u3y0_z0u3y0": {
        "00": 0.1218,
        "10": 0.123,
        "11": 0.1265,
        "01": 0.1237
    },
    "z1y0_z0u1y0": {
        "00": 0.24685,
        "10": 0.25315
    },
    "z0u3y0_z1y0": {
        "00": 0.2455,
        "10": 0.2508
    },
    "z0u3y1_z0u3y0": {
        "00": 0.1256,
        "10": 0.1266,
        "11": 0.1227,
        "01": 0.1231
    },
    "z0u2y0_z1y1": {
        "11": 0.2543,
        "01": 0.2474
    },
    "z0u2y1_z0u3y1": {
        "00": 0.1259,
        "10": 0.1334,
        "11": 0.1221,
        "01": 0.1202
    },
    "z0u3y1_z0u2y1": {
        "00": 0.1256,
        "10": 0.1241,
        "11": 0.1253,
        "01": 0.127
    },
    "z0u2y0_z0u3y0": {
        "00": 0.1219,
        "10": 0.1236,
        "11": 0.126,
        "01": 0.1272
    },
    "z0u1y1_z0u3y0": {
        "11": 0.246,
        "01": 0.2567
    },
    "z0u1y1_z0u3y1": {
        "11": 0.2481,
        "01": 0.2492
    },
    "z0u2y1_z0u3y0": {
        "00": 0.1283,
        "10": 0.1261,
        "11": 0.1249,
        "01": 0.1191
    },
    "z0u1y1_z1y1": {
        "11": 0.5052,
        "01": 0.4948
    },
    "z0u2y1_z0u1y0": {
        "00": 0.2419,
        "10": 0.2537
    },
    "z1y1_z0u3y1": {
        "00": 0.12505,
        "10": 0.12745,
        "11": 0.1241,
        "01": 0.12555
    },
    "z1y0_z0u3y1": {
        "00": 0.12505,
        "10": 0.12745,
        "11": 0.1241,
        "01": 0.12555
    },
    "z0u1y0_z1y0": {
        "00": 0.4935,
        "10": 0.5065
    },
    "z0u1y1_z1y0": {},
    "z0u1y1_z0u2y1": {
        "11": 0.2508,
        "01": 0.2527
    },
    "z0u2y0_z0u1y0": {
        "00": 0.2415,
        "10": 0.2547
    },
    "z0u1y0_z0u2y1": {
        "00": 0.2457,
        "10": 0.2512
    },
    "z1y1_z0u2y0": {
        "00": 0.1275,
        "10": 0.12315,
        "11": 0.12445,
        "01": 0.12835
    },
    "z0u2y0_z0u1y1": {
        "11": 0.2488,
        "01": 0.255
    },
    "z0u1y0_z0u2y0": {
        "00": 0.2592,
        "10": 0.2439
    },
    "z1y0_z0u1y1": {
        "11": 0.25085,
        "01": 0.24915
    },
    "z0u3y0_z0u2y1": {
        "00": 0.1245,
        "10": 0.1225,
        "11": 0.1252,
        "01": 0.1263
    },
    "z1y0_z1y1": {
        "11": 0.25245,
        "01": 0.24755
    },
    "z0u1y1_z0u1y0": {},
    "z0u3y1_z0u3y1": {
        "00": 0.1248,
        "10": 0.1263,
        "11": 0.1261,
        "01": 0.1248
    },
    "z1y1_z1y0": {
        "00": 0.2475,
        "10": 0.2525
    },
    "z0u3y1_z0u1y0": {
        "00": 0.2497,
        "10": 0.2517
    },
    "z1y1_z0u1y1": {
        "11": 0.25085,
        "01": 0.24915
    },
    "z1y0_z1y0": {
        "00": 0.2475,
        "10": 0.2525
    },
    "z0u2y1_z1y1": {
        "11": 0.2442,
        "01": 0.2499
    },
    "z0u1y1_z0u1y1": {
        "11": 0.505,
        "01": 0.495
    },
    "z0u2y1_z0u1y1": {
        "11": 0.2502,
        "01": 0.2542
    },
    "z0u3y1_z0u2y0": {
        "00": 0.1234,
        "10": 0.1192,
        "11": 0.1316,
        "01": 0.1238
    },
    "z1y1_z1y1": {
        "11": 0.25245,
        "01": 0.24755
    },
    "z0u3y0_z0u1y0": {
        "00": 0.2484,
        "10": 0.2585
    },
    "z0u2y0_z0u3y1": {
        "00": 0.1221,
        "10": 0.1266,
        "11": 0.1181,
        "01": 0.1345
    },
    "z0u3y0_z0u3y1": {
        "00": 0.1255,
        "10": 0.1282,
        "11": 0.1262,
        "01": 0.1251
    },
    "z0u3y0_z1y1": {
        "11": 0.2542,
        "01": 0.2495
    },
    "z1y0_z0u2y0": {
        "00": 0.1275,
        "10": 0.12315,
        "11": 0.12445,
        "01": 0.12835
    },
    "z1y0_z0u2y1": {
        "00": 0.12515,
        "10": 0.1242,
        "11": 0.1209,
        "01": 0.1263
    },
    "z0u1y1_z0u2y0": {
        "11": 0.2456,
        "01": 0.2509
    },
    "z0u3y0_z0u1y1": {
        "11": 0.2477,
        "01": 0.2454
    },
    "z0u2y0_z1y0": {
        "00": 0.246,
        "10": 0.2523
    },
    "z0u3y1_z1y1": {
        "11": 0.2529,
        "01": 0.2426
    },
    "z0u1y0_z0u3y1": {
        "00": 0.2533,
        "10": 0.2513
    },
    "z0u2y1_z0u2y0": {
        "00": 0.1333,
        "10": 0.1185,
        "11": 0.1253,
        "01": 0.1239
    },
    "z0u2y1_z0u2y1": {
        "00": 0.1203,
        "10": 0.1276,
        "11": 0.1219,
        "01": 0.1292
    },
    "z0u1y0_z0u1y0": {
        "00": 0.5044,
        "10": 0.4956
    },
    "z0u2y0_z0u2y1": {
        "00": 0.1244,
        "10": 0.1262,
        "11": 0.1216,
        "01": 0.1294
    },
    "z0u3y1_z1y0": {
        "00": 0.2523,
        "10": 0.2522
    },
    "z0u2y1_z1y0": {
        "00": 0.2574,
        "10": 0.2485
    },
    "z1y1_z0u3y0": {
        "00": 0.12245,
        "10": 0.12505,
        "11": 0.1251,
        "01": 0.12525
    },
    "z1y0_z0u3y0": {
        "00": 0.12245,
        "10": 0.12505,
        "11": 0.1251,
        "01": 0.12525
    },
    "z1y1_z0u1y0": {
        "00": 0.24685,
        "10": 0.25315
    },
    "z0u3y0_z0u2y0": {
        "00": 0.1291,
        "10": 0.1223,
        "11": 0.1219,
        "01": 0.1282
    },
    "z0u1y0_z1y1": {},
    "z0u1y0_z0u3y0": {
        "00": 0.2424,
        "10": 0.253
    }
}
