{
    "z0u3y1_z0u1y1": {
        "00": 0.1191,
        "10": 0.1239,
        "11": 0.1294,
        "01": 0.1272
    },
    "z0u2y0_z0u2y0": {
        "00": 0.26,
        "11": 0.2476
    },
    "z1y1_z0u2y1": {
        "00": 0.125,
        "10": 0.12485,
        "11": 0.12765,
        "01": 0.1216
    },
    "z0u1y0_z0u1y1": {},
    "z0u3y0_z0u3y0": {
        "00": 0.2548,
        "11": 0.2462
    },
    "z1y0_z0u1y0": {
        "00": 0.1191,
        "10": 0.12885,
        "11": 0.1248,
        "01": 0.12725
    },
    "z0u3y0_z1y0": {
        "00": 0.1252,
        "10": 0.1288,
        "11": 0.1275,
        "01": 0.1244
    },
    "z0u3y1_z0u3y0": {
        "10": 0.253,
        "01": 0.2472
    },
    "z0u2y0_z1y1": {
        "00": 0.1269,
        "10": 0.1228,
        "11": 0.1223,
        "01": 0.1266
    },
    "z0u2y1_z0u3y1": {
        "00": 0.1304,
        "10": 0.1238,
        "11": 0.1262,
        "01": 0.1245
    },
    "z0u3y1_z0u2y1": {
        "00": 0.1227,
        "10": 0.1281,
        "11": 0.1222,
        "01": 0.1229
    },
    "z0u2y0_z0u3y0": {
        "00": 0.1244,
        "10": 0.1287,
        "11": 0.1289,
        "01": 0.1207
    },
    "z0u1y1_z0u3y0": {
        "00": 0.1247,
        "10": 0.121,
        "11": 0.1274,
        "01": 0.1259
    },
    "z0u1y1_z0u3y1": {
        "00": 0.1228,
        "10": 0.1269,
        "11": 0.1227,
        "01": 0.1286
    },
    "z0u2y1_z0u3y0": {
        "00": 0.1201,
        "10": 0.1292,
        "11": 0.124,
        "01": 0.1218
    },
    "z0u1y1_z1y1": {
        "00": 0.2485,
        "10": 0.2484,
        "11": 0.2564,
        "01": 0.2467
    },
    "z0u2y1_z0u1y0": {
        "00": 0.1249,
        "10": 0.1298,
        "11": 0.126,
        "01": 0.1236
    },
    "z1y1_z0u3y1": {
        "00": 0.12295,
        "10": 0.12665,
        "11": 0.11975,
        "01": 0.126
    },
    "z1y0_z0u3y1": {
        "00": 0.12295,
        "10": 0.12665,
        "11": 0.11975,
        "01": 0.126
    },
    "z0u1y0_z1y0": {
        "00": 0.2532,
        "10": 0.2448,
        "11": 0.2491,
        "01": 0.2529
    },
    "z0u1y1_z1y0": {},
    "z0u1y1_z0u2y1": {
        "00": 0.1251,
        "10": 0.1203,
        "11": 0.1246,
        "01": 0.1274
    },
    "z0u2y0_z0u1y0": {
        "00": 0.124,
        "10": 0.1295,
        "11": 0.127,
        "01": 0.1301
    },
    "z0u1y0_z0u2y1": {
        "00": 0.1223,
        "10": 0.1256,
        "11": 0.1234,
        "01": 0.1235
    },
    "z1y1_z0u2y0": {
        "00": 0.1235,
        "10": 0.1283,
        "11": 0.1254,
        "01": 0.1237
    },
    "z0u2y0_z0u1y1": {
        "00": 0.1186,
        "10": 0.1268,
        "11": 0.1251,
        "01": 0.1189
    },
    "z0u1y0_z0u2y0": {
        "00": 0.1255,
        "10": 0.1304,
        "11": 0.1239,
        "01": 0.1254
    },
    "z1y0_z0u1y1": {
        "00": 0.12445,
        "10": 0.1216,
        "11": 0.12605,
        "01": 0.1279
    },
    "z0u3y0_z0u2y1": {
        "00": 0.1218,
        "10": 0.1247,
        "11": 0.1218,
        "01": 0.1246
    },
    "z1y0_z1y1": {
        "00": 0.12585,
        "10": 0.12375,
        "11": 0.1285,
        "01": 0.1219
    },
    "z0u1y1_z0u1y0": {},
    "z0u3y1_z0u3y1": {
        "00": 0.2551,
        "11": 0.2447
    },
    "z1y1_z1y0": {
        "00": 0.1259,
        "10": 0.12485,
        "11": 0.124,
        "01": 0.12525
    },
    "z0u3y1_z0u1y0": {
        "00": 0.1234,
        "10": 0.1288,
        "11": 0.1237,
        "01": 0.1245
    },
    "z1y1_z0u1y1": {
        "00": 0.12445,
        "10": 0.1216,
        "11": 0.12605,
        "01": 0.1279
    },
    "z1y0_z1y0": {
        "00": 0.1259,
        "10": 0.12485,
        "11": 0.124,
        "01": 0.12525
    },
    "z0u2y1_z1y1": {
        "00": 0.1217,
        "10": 0.1257,
        "11": 0.1229,
        "01": 0.1186
    },
    "z0u1y1_z0u1y1": {
        "00": 0.2491,
        "10": 0.2489,
        "11": 0.2451,
        "01": 0.2569
    },
    "z0u2y1_z0u1y1": {
        "00": 0.1286,
        "10": 0.1227,
        "11": 0.1241,
        "01": 0.1203
    },
    "z0u3y1_z0u2y0": {
        "00": 0.1247,
        "10": 0.1295,
        "11": 0.1255,
        "01": 0.1244
    },
    "z1y1_z1y1": {
        "00": 0.12585,
        "10": 0.12375,
        "11": 0.1285,
        "01": 0.1219
    },
    "z0u3y0_z0u1y0": {
        "00": 0.128,
        "10": 0.1264,
        "11": 0.1283,
        "01": 0.1174
    },
    "z0u2y0_z0u3y1": {
        "00": 0.1232,
        "10": 0.124,
        "11": 0.1225,
        "01": 0.1276
    },
    "z0u3y0_z0u3y1": {
        "10": 0.25,
        "01": 0.249
    },
    "z0u3y0_z1y1": {
        "00": 0.117,
        "10": 0.131,
        "11": 0.121,
        "01": 0.1251
    },
    "z1y0_z0u2y0": {
        "00": 0.1235,
        "10": 0.1283,
        "11": 0.1254,
        "01": 0.1237
    },
    "z1y0_z0u2y1": {
        "00": 0.125,
        "10": 0.12485,
        "11": 0.12765,
        "01": 0.1216
    },
    "z0u1y1_z0u2y0": {
        "00": 0.1277,
        "10": 0.1256,
        "11": 0.1232,
        "01": 0.1261
    },
    "z0u3y0_z0u1y1": {
        "00": 0.1265,
        "10": 0.1285,
        "11": 0.1175,
        "01": 0.1274
    },
    "z0u2y0_z1y0": {
        "00": 0.1273,
        "10": 0.1252,
        "11": 0.1237,
        "01": 0.1252
    },
    "z0u3y1_z1y1": {
        "00": 0.1288,
        "10": 0.1287,
        "11": 0.1216,
        "01": 0.1203
    },
    "z0u1y0_z0u3y1": {
        "00": 0.1239,
        "10": 0.1298,
        "11": 0.1208,
        "01": 0.1214
    },
    "z0u2y1_z0u2y0": {
        "10": 0.2549,
        "01": 0.2457
    },
    "z0u2y1_z0u2y1": {
        "00": 0.2485,
        "11": 0.2509
    },
    "z0u1y0_z0u1y0": {
        "00": 0.2495,
        "10": 0.2515,
        "11": 0.2542,
        "01": 0.2448
    },
    "z0u2y0_z0u2y1": {
        "10": 0.2468,
        "01": 0.2456
    },
    "z0u3y1_z1y0": {
        "00": 0.1323,
        "10": 0.118,
        "11": 0.125,
        "01": 0.1253
    },
    "z0u2y1_z1y0": {
        "00": 0.125,
        "10": 0.1314,
        "11": 0.1262,
        "01": 0.1285
    },
    "z1y1_z0u3y0": {
        "00": 0.12965,
        "10": 0.126,
        "11": 0.12465,
        "01": 0.12435
    },
    "z1y0_z0u3y0": {
        "00": 0.12965,
        "10": 0.126,
        "11": 0.12465,
        "01": 0.12435
    },
    "z1y1_z0u1y0": {
        "00": 0.1191,
        "10": 0.12885,
        "11": 0.1248,
        "01": 0.12725
    },
    "z0u3y0_z0u2y0": {
        "00": 0.1255,
        "10": 0.1312,
        "11": 0.1279,
        "01": 0.1225
    },
    "z0u1y0_z1y1": {},
    "z0u1y0_z0u3y0": {
        "00": 0.1266,
        "10": 0.1288,
        "11": 0.1259,
        "01": 0.1228
    }
}
