{
    "z0u3y1_z0u1y1": {
        "00": 0.1259,
        "10": 0.1233,
        "11": 0.1245,
        "01": 0.1329
    },
    "z0u2y0_z0u2y0": {
        "10": 0.2517,
        "01": 0.2516
    },
    "z1y1_z0u2y1": {
        "00": 0.12065,
        "10": 0.12715,
        "11": 0.1222,
        "01": 0.1258
    },
    "z0u1y0_z0u1y1": {},
    "z0u3y0_z0u3y0": {
        "10": 0.2544,
        "01": 0.2483
    },
    "z1y0_z0u1y0": {
        "00": 0.1255,
        "10": 0.12225,
        "11": 0.1259,
        "01": 0.12635
    },
    "z0u3y0_z1y0": {
        "00": 0.1231,
        "10": 0.1215,
        "11": 0.1295,
        "01": 0.1229
    },
    "z0u3y1_z0u3y0": {
        "00": 0.2479,
        "11": 0.2542
    },
    "z0u2y0_z1y1": {
        "00": 0.1297,
        "10": 0.126,
        "11": 0.1266,
        "01": 0.1263
    },
    "z0u2y1_z0u3y1": {
        "00": 0.129,
        "10": 0.1234,
        "11": 0.1252,
        "01": 0.1192
    },
    "z0u3y1_z0u2y1": {
        "00": 0.1202,
        "10": 0.1271,
        "11": 0.1244,
        "01": 0.121
    },
    "z0u2y0_z0u3y0": {
        "00": 0.1214,
        "10": 0.1245,
        "11": 0.1268,
        "01": 0.1238
    },
    "z0u1y1_z0u3y0": {
        "00": 0.1205,
        "10": 0.1324,
        "11": 0.1217,
        "01": 0.1256
    },
    "z0u1y1_z0u3y1": {
        "00": 0.1287,
        "10": 0.1254,
        "11": 0.1243,
        "01": 0.1214
    },
    "z0u2y1_z0u3y0": {
        "00": 0.1243,
        "10": 0.1228,
        "11": 0.1332,
        "01": 0.1229
    },
    "z0u1y1_z1y1": {
        "00": 0.2532,
        "10": 0.2499,
        "11": 0.2403,
        "01": 0.2566
    },
    "z0u2y1_z0u1y0": {
        "00": 0.1231,
        "10": 0.1241,
        "11": 0.1293,
        "01": 0.1213
    },
    "z1y1_z0u3y1": {
        "00": 0.1231,
        "10": 0.1209,
        "11": 0.12935,
        "01": 0.12415
    },
    "z1y0_z0u3y1": {
        "00": 0.1231,
        "10": 0.1209,
        "11": 0.12935,
        "01": 0.12415
    },
    "z0u1y0_z1y0": {
        "00": 0.2545,
        "10": 0.2572,
        "11": 0.2415,
        "01": 0.2468
    },
    "z0u1y1_z1y0": {},
    "z0u1y1_z0u2y1": {
        "00": 0.1256,
        "10": 0.1263,
        "11": 0.1203,
        "01": 0.1268
    },
    "z0u2y0_z0u1y0": {
        "00": 0.1298,
        "10": 0.1222,
        "11": 0.1237,
        "01": 0.1236
    },
    "z0u1y0_z0u2y1": {
        "00": 0.1263,
        "10": 0.1263,
        "11": 0.1255,
        "01": 0.1246
    },
    "z1y1_z0u2y0": {
        "00": 0.1276,
        "10": 0.12515,
        "11": 0.1233,
        "01": 0.12815
    },
    "z0u2y0_z0u1y1": {
        "00": 0.1243,
        "10": 0.13,
        "11": 0.1282,
        "01": 0.1182
    },
    "z0u1y0_z0u2y0": {
        "00": 0.1226,
        "10": 0.123,
        "11": 0.1229,
        "01": 0.1288
    },
    "z1y0_z0u1y1": {
        "00": 0.12615,
        "10": 0.12245,
        "11": 0.124,
        "01": 0.1274
    },
    "z0u3y0_z0u2y1": {
        "00": 0.128,
        "10": 0.1233,
        "11": 0.1207,
        "01": 0.1255
    },
    "z1y0_z1y1": {
        "00": 0.1289,
        "10": 0.12625,
        "11": 0.1234,
        "01": 0.12145
    },
    "z0u1y1_z0u1y0": {},
    "z0u3y1_z0u3y1": {
        "10": 0.2525,
        "01": 0.2454
    },
    "z1y1_z1y0": {
        "00": 0.12725,
        "10": 0.12565,
        "11": 0.12295,
        "01": 0.12415
    },
    "z0u3y1_z0u1y0": {
        "00": 0.1226,
        "10": 0.1269,
        "11": 0.1233,
        "01": 0.1206
    },
    "z1y1_z0u1y1": {
        "00": 0.12615,
        "10": 0.12245,
        "11": 0.124,
        "01": 0.1274
    },
    "z1y0_z1y0": {
        "00": 0.12725,
        "10": 0.12565,
        "11": 0.12295,
        "01": 0.12415
    },
    "z0u2y1_z1y1": {
        "00": 0.1248,
        "10": 0.1212,
        "11": 0.13,
        "01": 0.1222
    },
    "z0u1y1_z0u1y1": {
        "00": 0.2489,
        "10": 0.2595,
        "11": 0.2465,
        "01": 0.2451
    },
    "z0u2y1_z0u1y1": {
        "00": 0.1241,
        "10": 0.125,
        "11": 0.1268,
        "01": 0.1263
    },
    "z0u3y1_z0u2y0": {
        "00": 0.1316,
        "10": 0.1276,
        "11": 0.1266,
        "01": 0.1215
    },
    "z1y1_z1y1": {
        "00": 0.1289,
        "10": 0.12625,
        "11": 0.1234,
        "01": 0.12145
    },
    "z0u3y0_z0u1y0": {
        "00": 0.1174,
        "10": 0.1283,
        "11": 0.123,
        "01": 0.1353
    },
    "z0u2y0_z0u3y1": {
        "00": 0.12,
        "10": 0.1267,
        "11": 0.1277,
        "01": 0.1291
    },
    "z0u3y0_z0u3y1": {
        "00": 0.2533,
        "11": 0.244
    },
    "z0u3y0_z1y1": {
        "00": 0.1228,
        "10": 0.1294,
        "11": 0.1264,
        "01": 0.1244
    },
    "z1y0_z0u2y0": {
        "00": 0.1276,
        "10": 0.12515,
        "11": 0.1233,
        "01": 0.12815
    },
    "z1y0_z0u2y1": {
        "00": 0.12065,
        "10": 0.12715,
        "11": 0.1222,
        "01": 0.1258
    },
    "z0u1y1_z0u2y0": {
        "00": 0.1305,
        "10": 0.1232,
        "11": 0.1258,
        "01": 0.1215
    },
    "z0u3y0_z0u1y1": {
        "00": 0.1234,
        "10": 0.1307,
        "11": 0.1216,
        "01": 0.1203
    },
    "z0u2y0_z1y0": {
        "00": 0.1213,
        "10": 0.1199,
        "11": 0.1223,
        "01": 0.1279
    },
    "z0u3y1_z1y1": {
        "00": 0.1243,
        "10": 0.1281,
        "11": 0.1267,
        "01": 0.1232
    },
    "z0u1y0_z0u3y1": {
        "00": 0.1192,
        "10": 0.128,
        "11": 0.1264,
        "01": 0.1255
    },
    "z0u2y1_z0u2y0": {
        "00": 0.254,
        "11": 0.2472
    },
    "z0u2y1_z0u2y1": {
        "10": 0.2462,
        "01": 0.2526
    },
    "z0u1y0_z0u1y0": {
        "00": 0.2472,
        "10": 0.2508,
        "11": 0.2537,
        "01": 0.2483
    },
    "z0u2y0_z0u2y1": {
        "00": 0.2471,
        "11": 0.2496
    },
    "z0u3y1_z1y0": {
        "00": 0.1224,
        "10": 0.1276,
        "11": 0.1247,
        "01": 0.123
    },
    "z0u2y1_z1y0": {
        "00": 0.1241,
        "10": 0.1276,
        "11": 0.1267,
        "01": 0.1234
    },
    "z1y1_z0u3y0": {
        "00": 0.1279,
        "10": 0.12105,
        "11": 0.12735,
        "01": 0.1262
    },
    "z1y0_z0u3y0": {
        "00": 0.1279,
        "10": 0.12105,
        "11": 0.12735,
        "01": 0.1262
    },
    "z1y1_z0u1y0": {
        "00": 0.1255,
        "10": 0.12225,
        "11": 0.1259,
        "01": 0.12635
    },
    "z0u3y0_z0u2y0": {
        "00": 0.133,
        "10": 0.1259,
        "11": 0.1238,
        "01": 0.1198
    },
    "z0u1y0_z1y1": {},
    "z0u1y0_z0u3y0": {
        "00": 0.122,
        "10": 0.1246,
        "11": 0.1256,
        "01": 0.1287
    }
}
