{
    "z0u3y1_z0u1y1": {
        "11": 0.2459,
        "01": 0.2495
    },
    "z0u2y0_z0u2y0": {
        "00": 0.1296,
        "10": 0.1158,
        "11": 0.1294,
        "01": 0.1238
    },
    "z1y1_z0u2y1": {
        "00": 0.12565,
        "10": 0.12625,
        "11": 0.12645,
        "01": 0.1262
    },
    "z0u1y0_z0u1y1": {},
    "z0u3y0_z0u3y0": {
        "00": 0.1312,
        "10": 0.1295,
        "11": 0.1269,
        "01": 0.1214
    },
    "z1y0_z0u1y0": {
        "00": 0.24945,
        "10": 0.25055
    },
    "z0u3y0_z1y0": {
        "00": 0.2515,
        "10": 0.2489
    },
    "z0u3y1_z0u3y0": {
        "00": 0.1247,
        "10": 0.1301,
        "11": 0.1192,
        "01": 0.123
    },
    "z0u2y0_z1y1": {
        "11": 0.2598,
        "01": 0.2426
    },
    "z0u2y1_z0u3y1": {
        "00": 0.1242,
        "10": 0.1195,
        "11": 0.1238,
        "01": 0.126
    },
    "z0u3y1_z0u2y1": {
        "00": 0.1278,
        "10": 0.1256,
        "11": 0.1198,
        "01": 0.1249
    },
    "z0u2y0_z0u3y0": {
        "00": 0.1269,
        "10": 0.1211,
        "11": 0.1252,
        "01": 0.1258
    },
    "z0u1y1_z0u3y0": {
        "11": 0.2558,
        "01": 0.2467
    },
    "z0u1y1_z0u3y1": {
        "11": 0.2496,
        "01": 0.2479
    },
    "z0u2y1_z0u3y0": {
        "00": 0.1243,
        "10": 0.1274,
        "11": 0.123,
        "01": 0.1318
    },
    "z0u1y1_z1y1": {
        "11": 0.5046,
        "01": 0.4954
    },
    "z0u2y1_z0u1y0": {
        "00": 0.2463,
        "10": 0.2433
    },
    "z1y1_z0u3y1": {
        "00": 0.1249,
        "10": 0.12475,
        "11": 0.1266,
        "01": 0.12755
    },
    "z1y0_z0u3y1": {
        "00": 0.1249,
        "10": 0.12475,
        "11": 0.1266,
        "01": 0.12755
    },
    "z0u1y0_z1y0": {
        "00": 0.5045,
        "10": 0.4955
    },
    "z0u1y1_z1y0": {},
    "z0u1y1_z0u2y1": {
        "11": 0.2491,
        "01": 0.2476
    },
    "z0u2y0_z0u1y0": {
        "00": 0.2506,
        "10": 0.2456
    },
    "z0u1y0_z0u2y1": {
        "00": 0.2514,
        "10": 0.2575
    },
    "z1y1_z0u2y0": {
        "00": 0.1278,
        "10": 0.1203,
        "11": 0.12055,
        "01": 0.1268
    },
    "z0u2y0_z0u1y1": {
        "11": 0.2482,
        "01": 0.2556
    },
    "z0u1y0_z0u2y0": {
        "00": 0.2444,
        "10": 0.2467
    },
    "z1y0_z0u1y1": {
        "11": 0.24805,
        "01": 0.25195
    },
    "z0u3y0_z0u2y1": {
        "00": 0.1223,
        "10": 0.1232,
        "11": 0.1271,
        "01": 0.1296
    },
    "z1y0_z1y1": {
        "11": 0.2521,
        "01": 0.2479
    },
    "z0u1y1_z0u1y0": {},
    "z0u3y1_z0u3y1": {
        "00": 0.1291,
        "10": 0.1289,
        "11": 0.1244,
        "01": 0.1206
    },
    "z1y1_z1y0": {
        "00": 0.2518,
        "10": 0.2482
    },
    "z0u3y1_z0u1y0": {
        "00": 0.2453,
        "10": 0.2593
    },
    "z1y1_z0u1y1": {
        "11": 0.24805,
        "01": 0.25195
    },
    "z1y0_z1y0": {
        "00": 0.2518,
        "10": 0.2482
    },
    "z0u2y1_z1y1": {
        "11": 0.2474,
        "01": 0.2479
    },
    "z0u1y1_z0u1y1": {
        "11": 0.4982,
        "01": 0.5018
    },
    "z0u2y1_z0u1y1": {
        "11": 0.2499,
        "01": 0.2605
    },
    "z0u3y1_z0u2y0": {
        "00": 0.1295,
        "10": 0.1185,
        "11": 0.1289,
        "01": 0.125
    },
    "z1y1_z1y1": {
        "11": 0.2521,
        "01": 0.2479
    },
    "z0u3y0_z0u1y0": {
        "00": 0.251,
        "10": 0.2518
    },
    "z0u2y0_z0u3y1": {
        "00": 0.1216,
        "10": 0.1239,
        "11": 0.1288,
        "01": 0.1267
    },
    "z0u3y0_z0u3y1": {
        "00": 0.1214,
        "10": 0.1206,
        "11": 0.1283,
        "01": 0.1207
    },
    "z0u3y0_z1y1": {
        "11": 0.2477,
        "01": 0.2519
    },
    "z1y0_z0u2y0": {
        "00": 0.1278,
        "10": 0.1203,
        "11": 0.12055,
        "01": 0.1268
    },
    "z1y0_z0u2y1": {
        "00": 0.12565,
        "10": 0.12625,
        "11": 0.12645,
        "01": 0.1262
    },
    "z0u1y1_z0u2y0": {
        "11": 0.2456,
        "01": 0.2577
    },
    "z0u3y0_z0u1y1": {
        "11": 0.2519,
        "01": 0.2453
    },
    "z0u2y0_z1y0": {
        "00": 0.2514,
        "10": 0.2462
    },
    "z0u3y1_z1y1": {
        "11": 0.2493,
        "01": 0.251
    },
    "z0u1y0_z0u3y1": {
        "00": 0.2589,
        "10": 0.2479
    },
    "z0u2y1_z0u2y0": {
        "00": 0.1218,
        "10": 0.1238,
        "11": 0.1321,
        "01": 0.124
    },
    "z0u2y1_z0u2y1": {
        "00": 0.1266,
        "10": 0.1249,
        "11": 0.1258,
        "01": 0.121
    },
    "z0u1y0_z0u1y0": {
        "00": 0.4962,
        "10": 0.5038
    },
    "z0u2y0_z0u2y1": {
        "00": 0.1234,
        "10": 0.1248,
        "11": 0.1255,
        "01": 0.1277
    },
    "z0u3y1_z1y0": {
        "00": 0.2557,
        "10": 0.244
    },
    "z0u2y1_z1y0": {
        "00": 0.2465,
        "10": 0.2582
    },
    "z1y1_z0u3y0": {
        "00": 0.1273,
        "10": 0.12305,
        "11": 0.12115,
        "01": 0.1247
    },
    "z1y0_z0u3y0": {
        "00": 0.1273,
        "10": 0.12305,
        "11": 0.12115,
        "01": 0.1247
    },
    "z1y1_z0u1y0": {
        "00": 0.24945,
        "10": 0.25055
    },
    "z0u3y0_z0u2y0": {
        "00": 0.127,
        "10": 0.1206,
        "11": 0.1232,
        "01": 0.127
    },
    "z0u1y0_z1y1": {},
    "z0u1y0_z0u3y0": {
        "00": 0.2488,
        "10": 0.2444
    }
}
