{
    "z0u3y1_z0u1y1": {
        "00": 0.1261,
        "10": 0.1303,
        "11": 0.1249,
        "01": 0.1206
    },
    "z0u2y0_z0u2y0": {
        "00": 0.12,
        "10": 0.1235,
        "11": 0.1316,
        "01": 0.1295
    },
    "z1y1_z0u2y1": {
        "00": 0.1288,
        "10": 0.1244,
        "11": 0.12465,
        "01": 0.1245
    },
    "z0u1y0_z0u1y1": {},
    "z0u3y0_z0u3y0": {
        "00": 0.123,
        "10": 0.1223,
        "11": 0.1267,
        "01": 0.1245
    },
    "z1y0_z0u1y0": {
        "00": 0.1243,
        "10": 0.1299,
        "11": 0.12255,
        "01": 0.12325
    },
    "z0u3y0_z1y0": {
        "00": 0.1308,
        "10": 0.1252,
        "11": 0.1255,
        "01": 0.1255
    },
    "z0u3y1_z0u3y0": {
        "00": 0.1269,
        "10": 0.1255,
        "11": 0.1182,
        "01": 0.1256
    },
    "z0u2y0_z1y1": {
        "00": 0.1216,
        "10": 0.1338,
        "11": 0.1277,
        "01": 0.1277
    },
    "z0u2y1_z0u3y1": {
        "00": 0.245,
        "11": 0.2473
    },
    "z0u3y1_z0u2y1": {
        "10": 0.2514,
        "01": 0.2494
    },
    "z0u2y0_z0u3y0": {
        "00": 0.2494,
        "11": 0.2445
    },
    "z0u1y1_z0u3y0": {
        "00": 0.1267,
        "10": 0.1206,
        "11": 0.12,
        "01": 0.1248
    },
    "z0u1y1_z0u3y1": {
        "00": 0.1265,
        "10": 0.1262,
        "11": 0.1295,
        "01": 0.1257
    },
    "z0u2y1_z0u3y0": {
        "10": 0.2574,
        "01": 0.2503
    },
    "z0u1y1_z1y1": {
        "00": 0.252,
        "10": 0.2512,
        "11": 0.2522,
        "01": 0.2446
    },
    "z0u2y1_z0u1y0": {
        "00": 0.1239,
        "10": 0.1295,
        "11": 0.1245,
        "01": 0.1254
    },
    "z1y1_z0u3y1": {
        "00": 0.1243,
        "10": 0.12455,
        "11": 0.1264,
        "01": 0.1235
    },
    "z1y0_z0u3y1": {
        "00": 0.1243,
        "10": 0.12455,
        "11": 0.1264,
        "01": 0.1235
    },
    "z0u1y0_z1y0": {
        "00": 0.2511,
        "10": 0.2514,
        "11": 0.2556,
        "01": 0.2419
    },
    "z0u1y1_z1y0": {},
    "z0u1y1_z0u2y1": {
        "00": 0.1216,
        "10": 0.1217,
        "11": 0.1296,
        "01": 0.13
    },
    "z0u2y0_z0u1y0": {
        "00": 0.1264,
        "10": 0.1284,
        "11": 0.1243,
        "01": 0.1265
    },
    "z0u1y0_z0u2y1": {
        "00": 0.1304,
        "10": 0.1205,
        "11": 0.1242,
        "01": 0.1219
    },
    "z1y1_z0u2y0": {
        "00": 0.12495,
        "10": 0.12265,
        "11": 0.12635,
        "01": 0.1237
    },
    "z0u2y0_z0u1y1": {
        "00": 0.1266,
        "10": 0.1237,
        "11": 0.1173,
        "01": 0.1268
    },
    "z0u1y0_z0u2y0": {
        "00": 0.1233,
        "10": 0.1258,
        "11": 0.1241,
        "01": 0.1298
    },
    "z1y0_z0u1y1": {
        "00": 0.1221,
        "10": 0.1247,
        "11": 0.12745,
        "01": 0.12575
    },
    "z0u3y0_z0u2y1": {
        "00": 0.2549,
        "11": 0.2501
    },
    "z1y0_z1y1": {
        "00": 0.12445,
        "10": 0.12325,
        "11": 0.1246,
        "01": 0.1277
    },
    "z0u1y1_z0u1y0": {},
    "z0u3y1_z0u3y1": {
        "00": 0.1282,
        "10": 0.1286,
        "11": 0.1235,
        "01": 0.1235
    },
    "z1y1_z1y0": {
        "00": 0.12965,
        "10": 0.12075,
        "11": 0.1249,
        "01": 0.1247
    },
    "z0u3y1_z0u1y0": {
        "00": 0.128,
        "10": 0.1186,
        "11": 0.123,
        "01": 0.1285
    },
    "z1y1_z0u1y1": {
        "00": 0.1221,
        "10": 0.1247,
        "11": 0.12745,
        "01": 0.12575
    },
    "z1y0_z1y0": {
        "00": 0.12965,
        "10": 0.12075,
        "11": 0.1249,
        "01": 0.1247
    },
    "z0u2y1_z1y1": {
        "00": 0.1267,
        "10": 0.1273,
        "11": 0.1236,
        "01": 0.1216
    },
    "z0u1y1_z0u1y1": {
        "00": 0.2522,
        "10": 0.2556,
        "11": 0.2447,
        "01": 0.2475
    },
    "z0u2y1_z0u1y1": {
        "00": 0.1271,
        "10": 0.1162,
        "11": 0.1253,
        "01": 0.1281
    },
    "z0u3y1_z0u2y0": {
        "00": 0.2463,
        "11": 0.2529
    },
    "z1y1_z1y1": {
        "00": 0.12445,
        "10": 0.12325,
        "11": 0.1246,
        "01": 0.1277
    },
    "z0u3y0_z0u1y0": {
        "00": 0.1195,
        "10": 0.1267,
        "11": 0.124,
        "01": 0.1321
    },
    "z0u2y0_z0u3y1": {
        "10": 0.254,
        "01": 0.2521
    },
    "z0u3y0_z0u3y1": {
        "00": 0.1251,
        "10": 0.1288,
        "11": 0.1275,
        "01": 0.1221
    },
    "z0u3y0_z1y1": {
        "00": 0.1247,
        "10": 0.1215,
        "11": 0.1227,
        "01": 0.1241
    },
    "z1y0_z0u2y0": {
        "00": 0.12495,
        "10": 0.12265,
        "11": 0.12635,
        "01": 0.1237
    },
    "z1y0_z0u2y1": {
        "00": 0.1288,
        "10": 0.1244,
        "11": 0.12465,
        "01": 0.1245
    },
    "z0u1y1_z0u2y0": {
        "00": 0.1272,
        "10": 0.1187,
        "11": 0.1289,
        "01": 0.1223
    },
    "z0u3y0_z0u1y1": {
        "00": 0.1238,
        "10": 0.1251,
        "11": 0.1278,
        "01": 0.121
    },
    "z0u2y0_z1y0": {
        "00": 0.1236,
        "10": 0.1235,
        "11": 0.1224,
        "01": 0.1197
    },
    "z0u3y1_z1y1": {
        "00": 0.1307,
        "10": 0.124,
        "11": 0.1263,
        "01": 0.1264
    },
    "z0u1y0_z0u3y1": {
        "00": 0.1297,
        "10": 0.1206,
        "11": 0.1189,
        "01": 0.125
    },
    "z0u2y1_z0u2y0": {
        "00": 0.1211,
        "10": 0.13,
        "11": 0.1222,
        "01": 0.1261
    },
    "z0u2y1_z0u2y1": {
        "00": 0.1185,
        "10": 0.1302,
        "11": 0.1239,
        "01": 0.128
    },
    "z0u1y0_z0u1y0": {
        "00": 0.2547,
        "10": 0.2542,
        "11": 0.2438,
        "01": 0.2473
    },
    "z0u2y0_z0u2y1": {
        "00": 0.1227,
        "10": 0.1223,
        "11": 0.1262,
        "01": 0.1242
    },
    "z0u3y1_z1y0": {
        "00": 0.1262,
        "10": 0.1165,
        "11": 0.1247,
        "01": 0.1252
    },
    "z0u2y1_z1y0": {
        "00": 0.1291,
        "10": 0.122,
        "11": 0.1274,
        "01": 0.1223
    },
    "z1y1_z0u3y0": {
        "00": 0.1303,
        "10": 0.1278,
        "11": 0.12015,
        "01": 0.123
    },
    "z1y0_z0u3y0": {
        "00": 0.1303,
        "10": 0.1278,
        "11": 0.12015,
        "01": 0.123
    },
    "z1y1_z0u1y0": {
        "00": 0.1243,
        "10": 0.1299,
        "11": 0.12255,
        "01": 0.12325
    },
    "z0u3y0_z0u2y0": {
        "10": 0.2446,
        "01": 0.2504
    },
    "z0u1y0_z1y1": {},
    "z0u1y0_z0u3y0": {
        "00": 0.1252,
        "10": 0.1291,
        "11": 0.1235,
        "01": 0.128
    }
}
