{
    "z0u3y1_z0u1y1": {
        "00": 0.1255,
        "10": 0.1266,
        "11": 0.1244,
        "01": 0.1242
    },
    "z0u2y0_z0u2y0": {
        "10": 0.2544,
        "01": 0.2484
    },
    "z1y1_z0u2y1": {
        "00": 0.1239,
        "10": 0.1226,
        "11": 0.1263,
        "01": 0.1254
    },
    "z0u1y0_z0u1y1": {},
    "z0u3y0_z0u3y0": {
        "10": 0.2425,
        "01": 0.251
    },
    "z1y0_z0u1y0": {
        "00": 0.1277,
        "10": 0.1276,
        "11": 0.1204,
        "01": 0.1243
    },
    "z0u3y0_z1y0": {
        "00": 0.1251,
        "10": 0.1212,
        "11": 0.1237,
        "01": 0.1258
    },
    "z0u3y1_z0u3y0": {
        "00": 0.2449,
        "11": 0.2613
    },
    "z0u2y0_z1y1": {
        "00": 0.1255,
        "10": 0.1306,
        "11": 0.121,
        "01": 0.1201
    },
    "z0u2y1_z0u3y1": {
        "00": 0.1207,
        "10": 0.1278,
        "11": 0.1234,
        "01": 0.1369
    },
    "z0u3y1_z0u2y1": {
        "00": 0.1196,
        "10": 0.1296,
        "11": 0.1261,
        "01": 0.129
    },
    "z0u2y0_z0u3y0": {
        "00": 0.1242,
        "10": 0.1299,
        "11": 0.1218,
        "01": 0.1265
    },
    "z0u1y1_z0u3y0": {
        "00": 0.1234,
        "10": 0.1234,
        "11": 0.1286,
        "01": 0.1208
    },
    "z0u1y1_z0u3y1": {
        "00": 0.1232,
        "10": 0.1275,
        "11": 0.1291,
        "01": 0.124
    },
    "z0u2y1_z0u3y0": {
        "00": 0.1177,
        "10": 0.1214,
        "11": 0.127,
        "01": 0.1251
    },
    "z0u1y1_z1y1": {
        "00": 0.2464,
        "10": 0.2509,
        "11": 0.2442,
        "01": 0.2585
    },
    "z0u2y1_z0u1y0": {
        "00": 0.1201,
        "10": 0.1239,
        "11": 0.1275,
        "01": 0.1178
    },
    "z1y1_z0u3y1": {
        "00": 0.12685,
        "10": 0.1242,
        "11": 0.1237,
        "01": 0.12415
    },
    "z1y0_z0u3y1": {
        "00": 0.12685,
        "10": 0.1242,
        "11": 0.1237,
        "01": 0.12415
    },
    "z0u1y0_z1y0": {
        "00": 0.2468,
        "10": 0.2601,
        "11": 0.2468,
        "01": 0.2463
    },
    "z0u1y1_z1y0": {},
    "z0u1y1_z0u2y1": {
        "00": 0.125,
        "10": 0.1243,
        "11": 0.1194,
        "01": 0.1231
    },
    "z0u2y0_z0u1y0": {
        "00": 0.1212,
        "10": 0.1297,
        "11": 0.123,
        "01": 0.1221
    },
    "z0u1y0_z0u2y1": {
        "00": 0.1284,
        "10": 0.1304,
        "11": 0.1264,
        "01": 0.1183
    },
    "z1y1_z0u2y0": {
        "00": 0.1255,
        "10": 0.1259,
        "11": 0.1254,
        "01": 0.125
    },
    "z0u2y0_z0u1y1": {
        "00": 0.1234,
        "10": 0.1235,
        "11": 0.1271,
        "01": 0.13
    },
    "z0u1y0_z0u2y0": {
        "00": 0.1223,
        "10": 0.1213,
        "11": 0.1261,
        "01": 0.1268
    },
    "z1y0_z0u1y1": {
        "00": 0.1256,
        "10": 0.127,
        "11": 0.12365,
        "01": 0.12375
    },
    "z0u3y0_z0u2y1": {
        "00": 0.1255,
        "10": 0.1274,
        "11": 0.1262,
        "01": 0.1272
    },
    "z1y0_z1y1": {
        "00": 0.1251,
        "10": 0.1273,
        "11": 0.1232,
        "01": 0.1244
    },
    "z0u1y1_z0u1y0": {},
    "z0u3y1_z0u3y1": {
        "10": 0.2481,
        "01": 0.2457
    },
    "z1y1_z1y0": {
        "00": 0.1232,
        "10": 0.12185,
        "11": 0.13125,
        "01": 0.1237
    },
    "z0u3y1_z0u1y0": {
        "00": 0.1234,
        "10": 0.1277,
        "11": 0.1233,
        "01": 0.1249
    },
    "z1y1_z0u1y1": {
        "00": 0.1256,
        "10": 0.127,
        "11": 0.12365,
        "01": 0.12375
    },
    "z1y0_z1y0": {
        "00": 0.1232,
        "10": 0.12185,
        "11": 0.13125,
        "01": 0.1237
    },
    "z0u2y1_z1y1": {
        "00": 0.1276,
        "10": 0.1284,
        "11": 0.1179,
        "01": 0.1268
    },
    "z0u1y1_z0u1y1": {
        "00": 0.2559,
        "10": 0.2411,
        "11": 0.2518,
        "01": 0.2512
    },
    "z0u2y1_z0u1y1": {
        "00": 0.1288,
        "10": 0.1297,
        "11": 0.1249,
        "01": 0.1273
    },
    "z0u3y1_z0u2y0": {
        "00": 0.1279,
        "10": 0.1236,
        "11": 0.125,
        "01": 0.1192
    },
    "z1y1_z1y1": {
        "00": 0.1251,
        "10": 0.1273,
        "11": 0.1232,
        "01": 0.1244
    },
    "z0u3y0_z0u1y0": {
        "00": 0.1269,
        "10": 0.1245,
        "11": 0.124,
        "01": 0.1253
    },
    "z0u2y0_z0u3y1": {
        "00": 0.1249,
        "10": 0.1235,
        "11": 0.1293,
        "01": 0.1199
    },
    "z0u3y0_z0u3y1": {
        "00": 0.2516,
        "11": 0.2549
    },
    "z0u3y0_z1y1": {
        "00": 0.1304,
        "10": 0.1219,
        "11": 0.1284,
        "01": 0.1235
    },
    "z1y0_z0u2y0": {
        "00": 0.1255,
        "10": 0.1259,
        "11": 0.1254,
        "01": 0.125
    },
    "z1y0_z0u2y1": {
        "00": 0.1239,
        "10": 0.1226,
        "11": 0.1263,
        "01": 0.1254
    },
    "z0u1y1_z0u2y0": {
        "00": 0.123,
        "10": 0.1318,
        "11": 0.126,
        "01": 0.1274
    },
    "z0u3y0_z0u1y1": {
        "00": 0.1261,
        "10": 0.1231,
        "11": 0.1239,
        "01": 0.1262
    },
    "z0u2y0_z1y0": {
        "00": 0.1198,
        "10": 0.1268,
        "11": 0.1259,
        "01": 0.1303
    },
    "z0u3y1_z1y1": {
        "00": 0.1292,
        "10": 0.1331,
        "11": 0.1236,
        "01": 0.1292
    },
    "z0u1y0_z0u3y1": {
        "00": 0.127,
        "10": 0.1314,
        "11": 0.1208,
        "01": 0.1185
    },
    "z0u2y1_z0u2y0": {
        "00": 0.2561,
        "11": 0.2528
    },
    "z0u2y1_z0u2y1": {
        "10": 0.2416,
        "01": 0.2495
    },
    "z0u1y0_z0u1y0": {
        "00": 0.2526,
        "10": 0.2437,
        "11": 0.2495,
        "01": 0.2542
    },
    "z0u2y0_z0u2y1": {
        "00": 0.2535,
        "11": 0.2437
    },
    "z0u3y1_z1y0": {
        "00": 0.1212,
        "10": 0.1165,
        "11": 0.1229,
        "01": 0.1243
    },
    "z0u2y1_z1y0": {
        "00": 0.1287,
        "10": 0.1224,
        "11": 0.1253,
        "01": 0.1229
    },
    "z1y1_z0u3y0": {
        "00": 0.1304,
        "10": 0.12495,
        "11": 0.1201,
        "01": 0.12565
    },
    "z1y0_z0u3y0": {
        "00": 0.1304,
        "10": 0.12495,
        "11": 0.1201,
        "01": 0.12565
    },
    "z1y1_z0u1y0": {
        "00": 0.1277,
        "10": 0.1276,
        "11": 0.1204,
        "01": 0.1243
    },
    "z0u3y0_z0u2y0": {
        "00": 0.122,
        "10": 0.1274,
        "11": 0.123,
        "01": 0.1213
    },
    "z0u1y0_z1y1": {},
    "z0u1y0_z0u3y0": {
        "00": 0.1271,
        "10": 0.121,
        "11": 0.1272,
        "01": 0.127
    }
}
