{
    "z0u3y1_z0u1y1": {
        "00": 0.1255,
        "10": 0.1243,
        "11": 0.1254,
        "01": 0.1314
    },
    "z0u2y0_z0u2y0": {
        "00": 0.1225,
        "10": 0.123,
        "11": 0.1223,
        "01": 0.1264
    },
    "z1y1_z0u2y1": {
        "00": 0.12475,
        "10": 0.1228,
        "11": 0.1248,
        "01": 0.13055
    },
    "z0u1y0_z0u1y1": {},
    "z0u3y0_z0u3y0": {
        "00": 0.1284,
        "10": 0.1273,
        "11": 0.1235,
        "01": 0.1252
    },
    "z1y0_z0u1y0": {
        "00": 0.1261,
        "10": 0.1229,
        "11": 0.1248,
        "01": 0.1262
    },
    "z0u3y0_z1y0": {
        "00": 0.1281,
        "10": 0.1218,
        "11": 0.1221,
        "01": 0.1284
    },
    "z0u3y1_z0u3y0": {
        "00": 0.1209,
        "10": 0.1267,
        "11": 0.1223,
        "01": 0.1263
    },
    "z0u2y0_z1y1": {
        "00": 0.1245,
        "10": 0.1311,
        "11": 0.1294,
        "01": 0.1195
    },
    "z0u2y1_z0u3y1": {
        "00": 0.2485,
        "11": 0.2486
    },
    "z0u3y1_z0u2y1": {
        "10": 0.245,
        "01": 0.2565
    },
    "z0u2y0_z0u3y0": {
        "00": 0.2423,
        "11": 0.2535
    },
    "z0u1y1_z0u3y0": {
        "00": 0.1245,
        "10": 0.1203,
        "11": 0.1299,
        "01": 0.1263
    },
    "z0u1y1_z0u3y1": {
        "00": 0.1245,
        "10": 0.127,
        "11": 0.1245,
        "01": 0.123
    },
    "z0u2y1_z0u3y0": {
        "10": 0.2551,
        "01": 0.2478
    },
    "z0u1y1_z1y1": {
        "00": 0.2431,
        "10": 0.252,
        "11": 0.2541,
        "01": 0.2508
    },
    "z0u2y1_z0u1y0": {
        "00": 0.1287,
        "10": 0.1264,
        "11": 0.1213,
        "01": 0.1233
    },
    "z1y1_z0u3y1": {
        "00": 0.1274,
        "10": 0.12745,
        "11": 0.1253,
        "01": 0.12355
    },
    "z1y0_z0u3y1": {
        "00": 0.1274,
        "10": 0.12745,
        "11": 0.1253,
        "01": 0.12355
    },
    "z0u1y0_z1y0": {
        "00": 0.2447,
        "10": 0.2504,
        "11": 0.2553,
        "01": 0.2496
    },
    "z0u1y1_z1y0": {},
    "z0u1y1_z0u2y1": {
        "00": 0.1199,
        "10": 0.128,
        "11": 0.1273,
        "01": 0.1243
    },
    "z0u2y0_z0u1y0": {
        "00": 0.1257,
        "10": 0.1277,
        "11": 0.1242,
        "01": 0.1245
    },
    "z0u1y0_z0u2y1": {
        "00": 0.1261,
        "10": 0.1255,
        "11": 0.1197,
        "01": 0.1238
    },
    "z1y1_z0u2y0": {
        "00": 0.1263,
        "10": 0.1233,
        "11": 0.12375,
        "01": 0.12375
    },
    "z0u2y0_z0u1y1": {
        "00": 0.1272,
        "10": 0.1235,
        "11": 0.1235,
        "01": 0.1237
    },
    "z0u1y0_z0u2y0": {
        "00": 0.1296,
        "10": 0.1241,
        "11": 0.1243,
        "01": 0.1269
    },
    "z1y0_z0u1y1": {
        "00": 0.1223,
        "10": 0.12695,
        "11": 0.1249,
        "01": 0.12585
    },
    "z0u3y0_z0u2y1": {
        "00": 0.2539,
        "11": 0.2474
    },
    "z1y0_z1y1": {
        "00": 0.12085,
        "10": 0.12555,
        "11": 0.1274,
        "01": 0.1262
    },
    "z0u1y1_z0u1y0": {},
    "z0u3y1_z0u3y1": {
        "00": 0.1205,
        "10": 0.1301,
        "11": 0.1255,
        "01": 0.1277
    },
    "z1y1_z1y0": {
        "00": 0.12445,
        "10": 0.126,
        "11": 0.1263,
        "01": 0.12325
    },
    "z0u3y1_z0u1y0": {
        "00": 0.125,
        "10": 0.1209,
        "11": 0.124,
        "01": 0.1235
    },
    "z1y1_z0u1y1": {
        "00": 0.1223,
        "10": 0.12695,
        "11": 0.1249,
        "01": 0.12585
    },
    "z1y0_z1y0": {
        "00": 0.12445,
        "10": 0.126,
        "11": 0.1263,
        "01": 0.12325
    },
    "z0u2y1_z1y1": {
        "00": 0.1253,
        "10": 0.1234,
        "11": 0.1253,
        "01": 0.1313
    },
    "z0u1y1_z0u1y1": {
        "00": 0.2509,
        "10": 0.2493,
        "11": 0.2505,
        "01": 0.2493
    },
    "z0u2y1_z0u1y1": {
        "00": 0.1275,
        "10": 0.1185,
        "11": 0.1284,
        "01": 0.1259
    },
    "z0u3y1_z0u2y0": {
        "00": 0.2491,
        "11": 0.2494
    },
    "z1y1_z1y1": {
        "00": 0.12085,
        "10": 0.12555,
        "11": 0.1274,
        "01": 0.1262
    },
    "z0u3y0_z0u1y0": {
        "00": 0.1302,
        "10": 0.1259,
        "11": 0.1219,
        "01": 0.1217
    },
    "z0u2y0_z0u3y1": {
        "10": 0.2526,
        "01": 0.2516
    },
    "z0u3y0_z0u3y1": {
        "00": 0.1227,
        "10": 0.1182,
        "11": 0.1248,
        "01": 0.1299
    },
    "z0u3y0_z1y1": {
        "00": 0.1255,
        "10": 0.1233,
        "11": 0.127,
        "01": 0.1238
    },
    "z1y0_z0u2y0": {
        "00": 0.1263,
        "10": 0.1233,
        "11": 0.12375,
        "01": 0.12375
    },
    "z1y0_z0u2y1": {
        "00": 0.12475,
        "10": 0.1228,
        "11": 0.1248,
        "01": 0.13055
    },
    "z0u1y1_z0u2y0": {
        "00": 0.1209,
        "10": 0.1262,
        "11": 0.1239,
        "01": 0.1295
    },
    "z0u3y0_z0u1y1": {
        "00": 0.1186,
        "10": 0.1264,
        "11": 0.1252,
        "01": 0.1301
    },
    "z0u2y0_z1y0": {
        "00": 0.129,
        "10": 0.1233,
        "11": 0.1224,
        "01": 0.1208
    },
    "z0u3y1_z1y1": {
        "00": 0.1261,
        "10": 0.1221,
        "11": 0.122,
        "01": 0.129
    },
    "z0u1y0_z0u3y1": {
        "00": 0.1223,
        "10": 0.1278,
        "11": 0.1268,
        "01": 0.1214
    },
    "z0u2y1_z0u2y0": {
        "00": 0.1231,
        "10": 0.129,
        "11": 0.1205,
        "01": 0.1262
    },
    "z0u2y1_z0u2y1": {
        "00": 0.1295,
        "10": 0.1246,
        "11": 0.1227,
        "01": 0.1244
    },
    "z0u1y0_z0u1y0": {
        "00": 0.2557,
        "10": 0.2524,
        "11": 0.2413,
        "01": 0.2506
    },
    "z0u2y0_z0u2y1": {
        "00": 0.1242,
        "10": 0.1327,
        "11": 0.1276,
        "01": 0.1213
    },
    "z0u3y1_z1y0": {
        "00": 0.1216,
        "10": 0.1223,
        "11": 0.1334,
        "01": 0.1235
    },
    "z0u2y1_z1y0": {
        "00": 0.1241,
        "10": 0.1263,
        "11": 0.1218,
        "01": 0.1225
    },
    "z1y1_z0u3y0": {
        "00": 0.1196,
        "10": 0.12515,
        "11": 0.1263,
        "01": 0.12525
    },
    "z1y0_z0u3y0": {
        "00": 0.1196,
        "10": 0.12515,
        "11": 0.1263,
        "01": 0.12525
    },
    "z1y1_z0u1y0": {
        "00": 0.1261,
        "10": 0.1229,
        "11": 0.1248,
        "01": 0.1262
    },
    "z0u3y0_z0u2y0": {
        "10": 0.2475,
        "01": 0.2512
    },
    "z0u1y0_z1y1": {},
    "z0u1y0_z0u3y0": {
        "00": 0.1214,
        "10": 0.1257,
        "11": 0.1275,
        "01": 0.1271
    }
}
