{
    "z0u3y1_z0u1y1": {
        "00": 0.1275,
        "10": 0.1242,
        "11": 0.1184,
        "01": 0.1256
    },
    "z0u2y0_z0u2y0": {
        "00": 0.1266,
        "10": 0.1247,
        "11": 0.1248,
        "01": 0.1257
    },
    "z1y1_z0u2y1": {
        "00": 0.12415,
        "10": 0.12575,
        "11": 0.1221,
        "01": 0.12805
    },
    "z0u1y0_z0u1y1": {},
    "z0u3y0_z0u3y0": {
        "00": 0.1251,
        "10": 0.1264,
        "11": 0.1225,
        "01": 0.1274
    },
    "z1y0_z0u1y0": {
        "00": 0.12255,
        "10": 0.12445,
        "11": 0.1259,
        "01": 0.1271
    },
    "z0u3y0_z1y0": {
        "00": 0.1278,
        "10": 0.1225,
        "11": 0.1185,
        "01": 0.1289
    },
    "z0u3y1_z0u3y0": {
        "00": 0.1223,
        "10": 0.1222,
        "11": 0.1257,
        "01": 0.126
    },
    "z0u2y0_z1y1": {
        "00": 0.1173,
        "10": 0.1299,
        "11": 0.1296,
        "01": 0.1291
    },
    "z0u2y1_z0u3y1": {
        "00": 0.2532,
        "11": 0.2513
    },
    "z0u3y1_z0u2y1": {
        "10": 0.2586,
        "01": 0.2446
    },
    "z0u2y0_z0u3y0": {
        "00": 0.2486,
        "11": 0.2578
    },
    "z0u1y1_z0u3y0": {
        "00": 0.1291,
        "10": 0.1236,
        "11": 0.1279,
        "01": 0.1182
    },
    "z0u1y1_z0u3y1": {
        "00": 0.126,
        "10": 0.1242,
        "11": 0.1289,
        "01": 0.1221
    },
    "z0u2y1_z0u3y0": {
        "10": 0.2445,
        "01": 0.251
    },
    "z0u1y1_z1y1": {
        "00": 0.2481,
        "10": 0.2518,
        "11": 0.2497,
        "01": 0.2504
    },
    "z0u2y1_z0u1y0": {
        "00": 0.1264,
        "10": 0.1243,
        "11": 0.125,
        "01": 0.1255
    },
    "z1y1_z0u3y1": {
        "00": 0.1219,
        "10": 0.12895,
        "11": 0.1213,
        "01": 0.125
    },
    "z1y0_z0u3y1": {
        "00": 0.1219,
        "10": 0.12895,
        "11": 0.1213,
        "01": 0.125
    },
    "z0u1y0_z1y0": {
        "00": 0.2475,
        "10": 0.2564,
        "11": 0.2525,
        "01": 0.2436
    },
    "z0u1y1_z1y0": {},
    "z0u1y1_z0u2y1": {
        "00": 0.1274,
        "10": 0.1223,
        "11": 0.1233,
        "01": 0.1291
    },
    "z0u2y0_z0u1y0": {
        "00": 0.1203,
        "10": 0.125,
        "11": 0.1329,
        "01": 0.125
    },
    "z0u1y0_z0u2y1": {
        "00": 0.129,
        "10": 0.124,
        "11": 0.1252,
        "01": 0.1249
    },
    "z1y1_z0u2y0": {
        "00": 0.12475,
        "10": 0.12315,
        "11": 0.129,
        "01": 0.12305
    },
    "z0u2y0_z0u1y1": {
        "00": 0.1267,
        "10": 0.1207,
        "11": 0.1259,
        "01": 0.1235
    },
    "z0u1y0_z0u2y0": {
        "00": 0.1264,
        "10": 0.1262,
        "11": 0.1185,
        "01": 0.1258
    },
    "z1y0_z0u1y1": {
        "00": 0.12265,
        "10": 0.1258,
        "11": 0.12375,
        "01": 0.1278
    },
    "z0u3y0_z0u2y1": {
        "00": 0.2526,
        "11": 0.2554
    },
    "z1y0_z1y1": {
        "00": 0.1235,
        "10": 0.12525,
        "11": 0.1243,
        "01": 0.12695
    },
    "z0u1y1_z0u1y0": {},
    "z0u3y1_z0u3y1": {
        "00": 0.1252,
        "10": 0.129,
        "11": 0.1268,
        "01": 0.1228
    },
    "z1y1_z1y0": {
        "00": 0.1225,
        "10": 0.12815,
        "11": 0.12425,
        "01": 0.1251
    },
    "z0u3y1_z0u1y0": {
        "00": 0.1247,
        "10": 0.1185,
        "11": 0.1309,
        "01": 0.1302
    },
    "z1y1_z0u1y1": {
        "00": 0.12265,
        "10": 0.1258,
        "11": 0.12375,
        "01": 0.1278
    },
    "z1y0_z1y0": {
        "00": 0.1225,
        "10": 0.12815,
        "11": 0.12425,
        "01": 0.1251
    },
    "z0u2y1_z1y1": {
        "00": 0.1209,
        "10": 0.1263,
        "11": 0.1252,
        "01": 0.121
    },
    "z0u1y1_z0u1y1": {
        "00": 0.2502,
        "10": 0.2581,
        "11": 0.2479,
        "01": 0.2438
    },
    "z0u2y1_z0u1y1": {
        "00": 0.1255,
        "10": 0.1238,
        "11": 0.1222,
        "01": 0.1273
    },
    "z0u3y1_z0u2y0": {
        "00": 0.2483,
        "11": 0.2485
    },
    "z1y1_z1y1": {
        "00": 0.1235,
        "10": 0.12525,
        "11": 0.1243,
        "01": 0.12695
    },
    "z0u3y0_z0u1y0": {
        "00": 0.1261,
        "10": 0.1217,
        "11": 0.124,
        "01": 0.1259
    },
    "z0u2y0_z0u3y1": {
        "10": 0.2478,
        "01": 0.2458
    },
    "z0u3y0_z0u3y1": {
        "00": 0.1282,
        "10": 0.1288,
        "11": 0.1156,
        "01": 0.126
    },
    "z0u3y0_z1y1": {
        "00": 0.127,
        "10": 0.13,
        "11": 0.1238,
        "01": 0.1215
    },
    "z1y0_z0u2y0": {
        "00": 0.12475,
        "10": 0.12315,
        "11": 0.129,
        "01": 0.12305
    },
    "z1y0_z0u2y1": {
        "00": 0.12415,
        "10": 0.12575,
        "11": 0.1221,
        "01": 0.12805
    },
    "z0u1y1_z0u2y0": {
        "00": 0.1229,
        "10": 0.1257,
        "11": 0.1234,
        "01": 0.1259
    },
    "z0u3y0_z0u1y1": {
        "00": 0.1225,
        "10": 0.1292,
        "11": 0.1213,
        "01": 0.1293
    },
    "z0u2y0_z1y0": {
        "00": 0.1261,
        "10": 0.1237,
        "11": 0.122,
        "01": 0.1223
    },
    "z0u3y1_z1y1": {
        "00": 0.1211,
        "10": 0.1249,
        "11": 0.1248,
        "01": 0.1222
    },
    "z0u1y0_z0u3y1": {
        "00": 0.1241,
        "10": 0.1257,
        "11": 0.1227,
        "01": 0.126
    },
    "z0u2y1_z0u2y0": {
        "00": 0.1344,
        "10": 0.1282,
        "11": 0.1226,
        "01": 0.127
    },
    "z0u2y1_z0u2y1": {
        "00": 0.1248,
        "10": 0.12,
        "11": 0.1241,
        "01": 0.1189
    },
    "z0u1y0_z0u1y0": {
        "00": 0.2503,
        "10": 0.2476,
        "11": 0.2579,
        "01": 0.2442
    },
    "z0u2y0_z0u2y1": {
        "00": 0.1211,
        "10": 0.1275,
        "11": 0.1243,
        "01": 0.1253
    },
    "z0u3y1_z1y0": {
        "00": 0.131,
        "10": 0.1279,
        "11": 0.1276,
        "01": 0.1205
    },
    "z0u2y1_z1y0": {
        "00": 0.1211,
        "10": 0.1241,
        "11": 0.1295,
        "01": 0.1319
    },
    "z1y1_z0u3y0": {
        "00": 0.12495,
        "10": 0.12625,
        "11": 0.1263,
        "01": 0.12535
    },
    "z1y0_z0u3y0": {
        "00": 0.12495,
        "10": 0.12625,
        "11": 0.1263,
        "01": 0.12535
    },
    "z1y1_z0u1y0": {
        "00": 0.12255,
        "10": 0.12445,
        "11": 0.1259,
        "01": 0.1271
    },
    "z0u3y0_z0u2y0": {
        "10": 0.2492,
        "01": 0.2428
    },
    "z0u1y0_z1y1": {},
    "z0u1y0_z0u3y0": {
        "00": 0.1303,
        "10": 0.1259,
        "11": 0.122,
        "01": 0.1233
    }
}
