{
    "z0u3y1_z0u1y1": {
        "11": 0.5003
    },
    "z0u2y0_z0u2y0": {
        "00": 0.2494,
        "11": 0.2555
    },
    "z1y1_z0u2y1": {
        "00": 0.2471,
        "11": 0.25125
    },
    "z0u1y0_z0u1y1": {},
    "z0u3y0_z0u3y0": {
        "00": 0.2496,
        "11": 0.2517
    },
    "z1y0_z0u1y0": {
        "00": 0.5
    },
    "z0u3y0_z1y0": {
        "00": 0.4943
    },
    "z0u3y1_z0u3y0": {
        "00": 0.2444,
        "11": 0.2522
    },
    "z0u2y0_z1y1": {
        "11": 0.5036
    },
    "z0u2y1_z0u3y1": {
        "00": 0.2507,
        "11": 0.2481
    },
    "z0u3y1_z0u2y1": {
        "00": 0.2519,
        "11": 0.2545
    },
    "z0u2y0_z0u3y0": {
        "00": 0.2524,
        "11": 0.2527
    },
    "z0u1y1_z0u3y0": {
        "11": 0.4987
    },
    "z0u1y1_z0u3y1": {
        "11": 0.5013
    },
    "z0u2y1_z0u3y0": {
        "00": 0.2518,
        "11": 0.2494
    },
    "z0u1y1_z1y1": {
        "11": 1.0
    },
    "z0u2y1_z0u1y0": {
        "00": 0.4985
    },
    "z1y1_z0u3y1": {
        "00": 0.25495,
        "11": 0.2487
    },
    "z1y0_z0u3y1": {
        "00": 0.25495,
        "11": 0.2487
    },
    "z0u1y0_z1y0": {
        "00": 1.0
    },
    "z0u1y1_z1y0": {},
    "z0u1y1_z0u2y1": {
        "11": 0.499
    },
    "z0u2y0_z0u1y0": {
        "00": 0.4991
    },
    "z0u1y0_z0u2y1": {
        "00": 0.5024
    },
    "z1y1_z0u2y0": {
        "00": 0.2529,
        "11": 0.24875
    },
    "z0u2y0_z0u1y1": {
        "11": 0.5009
    },
    "z0u1y0_z0u2y0": {
        "00": 0.4976
    },
    "z1y0_z0u1y1": {
        "11": 0.5
    },
    "z0u3y0_z0u2y1": {
        "00": 0.2495,
        "11": 0.2561
    },
    "z1y0_z1y1": {
        "11": 0.5
    },
    "z0u1y1_z0u1y0": {},
    "z0u3y1_z0u3y1": {
        "00": 0.2578,
        "11": 0.2456
    },
    "z1y1_z1y0": {
        "00": 0.5
    },
    "z0u3y1_z0u1y0": {
        "00": 0.4997
    },
    "z1y1_z0u1y1": {
        "11": 0.5
    },
    "z1y0_z1y0": {
        "00": 0.5
    },
    "z0u2y1_z1y1": {
        "11": 0.4936
    },
    "z0u1y1_z0u1y1": {
        "11": 1.0
    },
    "z0u2y1_z0u1y1": {
        "11": 0.5015
    },
    "z0u3y1_z0u2y0": {
        "00": 0.2454,
        "11": 0.2482
    },
    "z1y1_z1y1": {
        "11": 0.5
    },
    "z0u3y0_z0u1y0": {
        "00": 0.5004
    },
    "z0u2y0_z0u3y1": {
        "00": 0.246,
        "11": 0.2489
    },
    "z0u3y0_z0u3y1": {
        "00": 0.2456,
        "11": 0.2531
    },
    "z0u3y0_z1y1": {
        "11": 0.5057
    },
    "z1y0_z0u2y0": {
        "00": 0.2529,
        "11": 0.24875
    },
    "z1y0_z0u2y1": {
        "00": 0.2471,
        "11": 0.25125
    },
    "z0u1y1_z0u2y0": {
        "11": 0.501
    },
    "z0u3y0_z0u1y1": {
        "11": 0.4996
    },
    "z0u2y0_z1y0": {
        "00": 0.4964
    },
    "z0u3y1_z1y1": {
        "11": 0.4995
    },
    "z0u1y0_z0u3y1": {
        "00": 0.5057
    },
    "z0u2y1_z0u2y0": {
        "00": 0.2521,
        "11": 0.2499
    },
    "z0u2y1_z0u2y1": {
        "00": 0.2494,
        "11": 0.2486
    },
    "z0u1y0_z0u1y0": {
        "00": 1.0
    },
    "z0u2y0_z0u2y1": {
        "00": 0.2498,
        "11": 0.2453
    },
    "z0u3y1_z1y0": {
        "00": 0.5005
    },
    "z0u2y1_z1y0": {
        "00": 0.5064
    },
    "z1y1_z0u3y0": {
        "00": 0.24505,
        "11": 0.2513
    },
    "z1y0_z0u3y0": {
        "00": 0.24505,
        "11": 0.2513
    },
    "z1y1_z0u1y0": {
        "00": 0.5
    },
    "z0u3y0_z0u2y0": {
        "00": 0.246,
        "11": 0.2484
    },
    "z0u1y0_z1y1": {},
    "z0u1y0_z0u3y0": {
        "00": 0.4943
    }
}
