{
    "z0u3y1_z0u1y1": {
        "11": 0.5029
    },
    "z0u2y0_z0u2y0": {
        "00": 0.2548,
        "11": 0.2442
    },
    "z1y1_z0u2y1": {
        "00": 0.25145,
        "11": 0.25475
    },
    "z0u1y0_z0u1y1": {},
    "z0u3y0_z0u3y0": {
        "00": 0.2458,
        "11": 0.2576
    },
    "z1y0_z0u1y0": {
        "00": 0.5
    },
    "z0u3y0_z1y0": {
        "00": 0.4993
    },
    "z0u3y1_z0u3y0": {
        "00": 0.256,
        "11": 0.2532
    },
    "z0u2y0_z1y1": {
        "11": 0.5001
    },
    "z0u2y1_z0u3y1": {
        "00": 0.2426,
        "11": 0.2506
    },
    "z0u3y1_z0u2y1": {
        "00": 0.2525,
        "11": 0.2441
    },
    "z0u2y0_z0u3y0": {
        "00": 0.2466,
        "11": 0.2607
    },
    "z0u1y1_z0u3y0": {
        "11": 0.5032
    },
    "z0u1y1_z0u3y1": {
        "11": 0.4968
    },
    "z0u2y1_z0u3y0": {
        "00": 0.2529,
        "11": 0.2539
    },
    "z0u1y1_z1y1": {
        "11": 1.0
    },
    "z0u2y1_z0u1y0": {
        "00": 0.5023
    },
    "z1y1_z0u3y1": {
        "00": 0.25215,
        "11": 0.25175
    },
    "z1y0_z0u3y1": {
        "00": 0.25215,
        "11": 0.25175
    },
    "z0u1y0_z1y0": {
        "00": 1.0
    },
    "z0u1y1_z1y0": {},
    "z0u1y1_z0u2y1": {
        "11": 0.5024
    },
    "z0u2y0_z0u1y0": {
        "00": 0.5042
    },
    "z0u1y0_z0u2y1": {
        "00": 0.4946
    },
    "z1y1_z0u2y0": {
        "00": 0.24855,
        "11": 0.24525
    },
    "z0u2y0_z0u1y1": {
        "11": 0.4958
    },
    "z0u1y0_z0u2y0": {
        "00": 0.5054
    },
    "z1y0_z0u1y1": {
        "11": 0.5
    },
    "z0u3y0_z0u2y1": {
        "00": 0.2492,
        "11": 0.2522
    },
    "z1y0_z1y1": {
        "11": 0.5
    },
    "z0u1y1_z0u1y0": {},
    "z0u3y1_z0u3y1": {
        "00": 0.2442,
        "11": 0.2466
    },
    "z1y1_z1y0": {
        "00": 0.5
    },
    "z0u3y1_z0u1y0": {
        "00": 0.4971
    },
    "z1y1_z0u1y1": {
        "11": 0.5
    },
    "z1y0_z1y0": {
        "00": 0.5
    },
    "z0u2y1_z1y1": {
        "11": 0.4961
    },
    "z0u1y1_z0u1y1": {
        "11": 1.0
    },
    "z0u2y1_z0u1y1": {
        "11": 0.4977
    },
    "z0u3y1_z0u2y0": {
        "00": 0.2505,
        "11": 0.2529
    },
    "z1y1_z1y1": {
        "11": 0.5
    },
    "z0u3y0_z0u1y0": {
        "00": 0.4966
    },
    "z0u2y0_z0u3y1": {
        "00": 0.2484,
        "11": 0.2443
    },
    "z0u3y0_z0u3y1": {
        "00": 0.2509,
        "11": 0.2457
    },
    "z0u3y0_z1y1": {
        "11": 0.5007
    },
    "z1y0_z0u2y0": {
        "00": 0.24855,
        "11": 0.24525
    },
    "z1y0_z0u2y1": {
        "00": 0.25145,
        "11": 0.25475
    },
    "z0u1y1_z0u2y0": {
        "11": 0.4976
    },
    "z0u3y0_z0u1y1": {
        "11": 0.5034
    },
    "z0u2y0_z1y0": {
        "00": 0.4999
    },
    "z0u3y1_z1y1": {
        "11": 0.4979
    },
    "z0u1y0_z0u3y1": {
        "00": 0.4972
    },
    "z0u2y1_z0u2y0": {
        "00": 0.256,
        "11": 0.2452
    },
    "z0u2y1_z0u2y1": {
        "00": 0.2505,
        "11": 0.2483
    },
    "z0u1y0_z0u1y0": {
        "00": 1.0
    },
    "z0u2y0_z0u2y1": {
        "00": 0.2438,
        "11": 0.2572
    },
    "z0u3y1_z1y0": {
        "00": 0.5021
    },
    "z0u2y1_z1y0": {
        "00": 0.5039
    },
    "z1y1_z0u3y0": {
        "00": 0.24785,
        "11": 0.24825
    },
    "z1y0_z0u3y0": {
        "00": 0.24785,
        "11": 0.24825
    },
    "z1y1_z0u1y0": {
        "00": 0.5
    },
    "z0u3y0_z0u2y0": {
        "00": 0.2431,
        "11": 0.2555
    },
    "z0u1y0_z1y1": {},
    "z0u1y0_z0u3y0": {
        "00": 0.5028
    }
}
