{
    "z0u3y1_z0u1y1": {
        "00": 0.1241,
        "10": 0.122,
        "11": 0.1244,
        "01": 0.1238
    },
    "z0u2y0_z0u2y0": {
        "00": 0.247,
        "11": 0.2521
    },
    "z1y1_z0u2y1": {
        "00": 0.12525,
        "10": 0.1243,
        "11": 0.1254,
        "01": 0.12485
    },
    "z0u1y0_z0u1y1": {},
    "z0u3y0_z0u3y0": {
        "00": 0.2523,
        "11": 0.2528
    },
    "z1y0_z0u1y0": {
        "00": 0.1215,
        "10": 0.1271,
        "11": 0.12355,
        "01": 0.12785
    },
    "z0u3y0_z1y0": {
        "00": 0.1261,
        "10": 0.126,
        "11": 0.1223,
        "01": 0.1244
    },
    "z0u3y1_z0u3y0": {
        "10": 0.2432,
        "01": 0.2516
    },
    "z0u2y0_z1y1": {
        "00": 0.1228,
        "10": 0.1202,
        "11": 0.127,
        "01": 0.1306
    },
    "z0u2y1_z0u3y1": {
        "00": 0.132,
        "10": 0.1226,
        "11": 0.1222,
        "01": 0.1248
    },
    "z0u3y1_z0u2y1": {
        "00": 0.1234,
        "10": 0.1252,
        "11": 0.1281,
        "01": 0.1295
    },
    "z0u2y0_z0u3y0": {
        "00": 0.1279,
        "10": 0.1222,
        "11": 0.1265,
        "01": 0.1251
    },
    "z0u1y1_z0u3y0": {
        "00": 0.1309,
        "10": 0.1286,
        "11": 0.121,
        "01": 0.1258
    },
    "z0u1y1_z0u3y1": {
        "00": 0.1178,
        "10": 0.1279,
        "11": 0.1251,
        "01": 0.1229
    },
    "z0u2y1_z0u3y0": {
        "00": 0.125,
        "10": 0.1214,
        "11": 0.1268,
        "01": 0.1252
    },
    "z0u1y1_z1y1": {
        "00": 0.2447,
        "10": 0.2486,
        "11": 0.249,
        "01": 0.2577
    },
    "z0u2y1_z0u1y0": {
        "00": 0.122,
        "10": 0.1252,
        "11": 0.1266,
        "01": 0.1225
    },
    "z1y1_z0u3y1": {
        "00": 0.1277,
        "10": 0.1286,
        "11": 0.1241,
        "01": 0.1256
    },
    "z1y0_z0u3y1": {
        "00": 0.1277,
        "10": 0.1286,
        "11": 0.1241,
        "01": 0.1256
    },
    "z0u1y0_z1y0": {
        "00": 0.2456,
        "10": 0.2524,
        "11": 0.2476,
        "01": 0.2544
    },
    "z0u1y1_z1y0": {},
    "z0u1y1_z0u2y1": {
        "00": 0.1257,
        "10": 0.1256,
        "11": 0.1235,
        "01": 0.1198
    },
    "z0u2y0_z0u1y0": {
        "00": 0.1232,
        "10": 0.1238,
        "11": 0.1317,
        "01": 0.1283
    },
    "z0u1y0_z0u2y1": {
        "00": 0.1242,
        "10": 0.1276,
        "11": 0.1218,
        "01": 0.1327
    },
    "z1y1_z0u2y0": {
        "00": 0.12395,
        "10": 0.1276,
        "11": 0.1238,
        "01": 0.12485
    },
    "z0u2y0_z0u1y1": {
        "00": 0.1225,
        "10": 0.1213,
        "11": 0.1236,
        "01": 0.1256
    },
    "z0u1y0_z0u2y0": {
        "00": 0.1233,
        "10": 0.1255,
        "11": 0.1266,
        "01": 0.1183
    },
    "z1y0_z0u1y1": {
        "00": 0.1207,
        "10": 0.1266,
        "11": 0.1235,
        "01": 0.1292
    },
    "z0u3y0_z0u2y1": {
        "00": 0.1262,
        "10": 0.1257,
        "11": 0.1256,
        "01": 0.1252
    },
    "z1y0_z1y1": {
        "00": 0.12615,
        "10": 0.1253,
        "11": 0.1245,
        "01": 0.12405
    },
    "z0u1y1_z0u1y0": {},
    "z0u3y1_z0u3y1": {
        "00": 0.248,
        "11": 0.2572
    },
    "z1y1_z1y0": {
        "00": 0.12685,
        "10": 0.12465,
        "11": 0.12475,
        "01": 0.12375
    },
    "z0u3y1_z0u1y0": {
        "00": 0.1292,
        "10": 0.1233,
        "11": 0.1281,
        "01": 0.1251
    },
    "z1y1_z0u1y1": {
        "00": 0.1207,
        "10": 0.1266,
        "11": 0.1235,
        "01": 0.1292
    },
    "z1y0_z1y0": {
        "00": 0.12685,
        "10": 0.12465,
        "11": 0.12475,
        "01": 0.12375
    },
    "z0u2y1_z1y1": {
        "00": 0.1187,
        "10": 0.1265,
        "11": 0.1203,
        "01": 0.1244
    },
    "z0u1y1_z0u1y1": {
        "00": 0.2505,
        "10": 0.2432,
        "11": 0.2584,
        "01": 0.2479
    },
    "z0u2y1_z0u1y1": {
        "00": 0.1289,
        "10": 0.12,
        "11": 0.1283,
        "01": 0.1265
    },
    "z0u3y1_z0u2y0": {
        "00": 0.1258,
        "10": 0.1256,
        "11": 0.1186,
        "01": 0.1238
    },
    "z1y1_z1y1": {
        "00": 0.12615,
        "10": 0.1253,
        "11": 0.1245,
        "01": 0.12405
    },
    "z0u3y0_z0u1y0": {
        "00": 0.1281,
        "10": 0.1202,
        "11": 0.1238,
        "01": 0.1251
    },
    "z0u2y0_z0u3y1": {
        "00": 0.1285,
        "10": 0.123,
        "11": 0.1263,
        "01": 0.1205
    },
    "z0u3y0_z0u3y1": {
        "10": 0.2493,
        "01": 0.2456
    },
    "z0u3y0_z1y1": {
        "00": 0.1269,
        "10": 0.1287,
        "11": 0.1221,
        "01": 0.1235
    },
    "z1y0_z0u2y0": {
        "00": 0.12395,
        "10": 0.1276,
        "11": 0.1238,
        "01": 0.12485
    },
    "z1y0_z0u2y1": {
        "00": 0.12525,
        "10": 0.1243,
        "11": 0.1254,
        "01": 0.12485
    },
    "z0u1y1_z0u2y0": {
        "00": 0.1274,
        "10": 0.1221,
        "11": 0.1265,
        "01": 0.1294
    },
    "z0u3y0_z0u1y1": {
        "00": 0.1234,
        "10": 0.1256,
        "11": 0.1274,
        "01": 0.1264
    },
    "z0u2y0_z1y0": {
        "00": 0.1282,
        "10": 0.124,
        "11": 0.1248,
        "01": 0.1224
    },
    "z0u3y1_z1y1": {
        "00": 0.1292,
        "10": 0.121,
        "11": 0.1238,
        "01": 0.1243
    },
    "z0u1y0_z0u3y1": {
        "00": 0.1232,
        "10": 0.128,
        "11": 0.1255,
        "01": 0.1241
    },
    "z0u2y1_z0u2y0": {
        "10": 0.2574,
        "01": 0.2473
    },
    "z0u2y1_z0u2y1": {
        "00": 0.2494,
        "11": 0.2459
    },
    "z0u1y0_z0u1y0": {
        "00": 0.2529,
        "10": 0.2506,
        "11": 0.2428,
        "01": 0.2537
    },
    "z0u2y0_z0u2y1": {
        "10": 0.2457,
        "01": 0.2552
    },
    "z0u3y1_z1y0": {
        "00": 0.1258,
        "10": 0.1316,
        "11": 0.1243,
        "01": 0.12
    },
    "z0u2y1_z1y0": {
        "00": 0.1263,
        "10": 0.1296,
        "11": 0.1227,
        "01": 0.1315
    },
    "z1y1_z0u3y0": {
        "00": 0.1266,
        "10": 0.1227,
        "11": 0.126,
        "01": 0.1187
    },
    "z1y0_z0u3y0": {
        "00": 0.1266,
        "10": 0.1227,
        "11": 0.126,
        "01": 0.1187
    },
    "z1y1_z0u1y0": {
        "00": 0.1215,
        "10": 0.1271,
        "11": 0.12355,
        "01": 0.12785
    },
    "z0u3y0_z0u2y0": {
        "00": 0.1273,
        "10": 0.1206,
        "11": 0.1259,
        "01": 0.1235
    },
    "z0u1y0_z1y1": {},
    "z0u1y0_z0u3y0": {
        "00": 0.1227,
        "10": 0.1279,
        "11": 0.1232,
        "01": 0.1254
    }
}
