{
    "z0u3y1_z0u1y1": {
        "00": 0.1311,
        "10": 0.122,
        "11": 0.1214,
        "01": 0.1278
    },
    "z0u2y0_z0u2y0": {
        "00": 0.2523,
        "11": 0.2493
    },
    "z1y1_z0u2y1": {
        "00": 0.12515,
        "10": 0.12735,
        "11": 0.1249,
        "01": 0.12355
    },
    "z0u1y0_z0u1y1": {},
    "z0u3y0_z0u3y0": {
        "00": 0.2529,
        "11": 0.2468
    },
    "z1y0_z0u1y0": {
        "00": 0.12455,
        "10": 0.1259,
        "11": 0.1246,
        "01": 0.12495
    },
    "z0u3y0_z1y0": {
        "00": 0.1279,
        "10": 0.1245,
        "11": 0.1248,
        "01": 0.1284
    },
    "z0u3y1_z0u3y0": {
        "10": 0.2442,
        "01": 0.2578
    },
    "z0u2y0_z1y1": {
        "00": 0.1243,
        "10": 0.1298,
        "11": 0.1217,
        "01": 0.1215
    },
    "z0u2y1_z0u3y1": {
        "00": 0.122,
        "10": 0.1209,
        "11": 0.1293,
        "01": 0.1282
    },
    "z0u3y1_z0u2y1": {
        "00": 0.1244,
        "10": 0.1257,
        "11": 0.1277,
        "01": 0.1274
    },
    "z0u2y0_z0u3y0": {
        "00": 0.1279,
        "10": 0.1253,
        "11": 0.1254,
        "01": 0.1254
    },
    "z0u1y1_z0u3y0": {
        "00": 0.1191,
        "10": 0.1273,
        "11": 0.1228,
        "01": 0.128
    },
    "z0u1y1_z0u3y1": {
        "00": 0.1283,
        "10": 0.1198,
        "11": 0.124,
        "01": 0.1307
    },
    "z0u2y1_z0u3y0": {
        "00": 0.1255,
        "10": 0.1305,
        "11": 0.1193,
        "01": 0.1243
    },
    "z0u1y1_z1y1": {
        "00": 0.2477,
        "10": 0.2514,
        "11": 0.2476,
        "01": 0.2533
    },
    "z0u2y1_z0u1y0": {
        "00": 0.1228,
        "10": 0.119,
        "11": 0.124,
        "01": 0.1306
    },
    "z1y1_z0u3y1": {
        "00": 0.124,
        "10": 0.12485,
        "11": 0.1239,
        "01": 0.1266
    },
    "z1y0_z0u3y1": {
        "00": 0.124,
        "10": 0.12485,
        "11": 0.1239,
        "01": 0.1266
    },
    "z0u1y0_z1y0": {
        "00": 0.2532,
        "10": 0.2421,
        "11": 0.2517,
        "01": 0.253
    },
    "z0u1y1_z1y0": {},
    "z0u1y1_z0u2y1": {
        "00": 0.1273,
        "10": 0.1287,
        "11": 0.1229,
        "01": 0.1217
    },
    "z0u2y0_z0u1y0": {
        "00": 0.1275,
        "10": 0.1242,
        "11": 0.1183,
        "01": 0.1264
    },
    "z0u1y0_z0u2y1": {
        "00": 0.124,
        "10": 0.1163,
        "11": 0.1299,
        "01": 0.1268
    },
    "z1y1_z0u2y0": {
        "00": 0.1264,
        "10": 0.1219,
        "11": 0.12715,
        "01": 0.1236
    },
    "z0u2y0_z0u1y1": {
        "00": 0.123,
        "10": 0.1277,
        "11": 0.1292,
        "01": 0.1237
    },
    "z0u1y0_z0u2y0": {
        "00": 0.1249,
        "10": 0.1248,
        "11": 0.1268,
        "01": 0.1265
    },
    "z1y0_z0u1y1": {
        "00": 0.12545,
        "10": 0.12215,
        "11": 0.1252,
        "01": 0.1272
    },
    "z0u3y0_z0u2y1": {
        "00": 0.1265,
        "10": 0.1303,
        "11": 0.1229,
        "01": 0.1252
    },
    "z1y0_z1y1": {
        "00": 0.1249,
        "10": 0.12445,
        "11": 0.126,
        "01": 0.12465
    },
    "z0u1y1_z0u1y0": {},
    "z0u3y1_z0u3y1": {
        "00": 0.2441,
        "11": 0.2539
    },
    "z1y1_z1y0": {
        "00": 0.12285,
        "10": 0.126,
        "11": 0.1255,
        "01": 0.12565
    },
    "z0u3y1_z0u1y0": {
        "00": 0.121,
        "10": 0.1185,
        "11": 0.1303,
        "01": 0.1279
    },
    "z1y1_z0u1y1": {
        "00": 0.12545,
        "10": 0.12215,
        "11": 0.1252,
        "01": 0.1272
    },
    "z1y0_z1y0": {
        "00": 0.12285,
        "10": 0.126,
        "11": 0.1255,
        "01": 0.12565
    },
    "z0u2y1_z1y1": {
        "00": 0.1273,
        "10": 0.1246,
        "11": 0.1217,
        "01": 0.1236
    },
    "z0u1y1_z0u1y1": {
        "00": 0.2504,
        "10": 0.2561,
        "11": 0.2483,
        "01": 0.2452
    },
    "z0u2y1_z0u1y1": {
        "00": 0.1278,
        "10": 0.1265,
        "11": 0.123,
        "01": 0.1263
    },
    "z0u3y1_z0u2y0": {
        "00": 0.1212,
        "10": 0.1268,
        "11": 0.123,
        "01": 0.1238
    },
    "z1y1_z1y1": {
        "00": 0.1249,
        "10": 0.12445,
        "11": 0.126,
        "01": 0.12465
    },
    "z0u3y0_z0u1y0": {
        "00": 0.127,
        "10": 0.1249,
        "11": 0.1231,
        "01": 0.1182
    },
    "z0u2y0_z0u3y1": {
        "00": 0.1182,
        "10": 0.1259,
        "11": 0.1285,
        "01": 0.1234
    },
    "z0u3y0_z0u3y1": {
        "10": 0.2443,
        "01": 0.256
    },
    "z0u3y0_z1y1": {
        "00": 0.1231,
        "10": 0.1214,
        "11": 0.1311,
        "01": 0.1188
    },
    "z1y0_z0u2y0": {
        "00": 0.1264,
        "10": 0.1219,
        "11": 0.12715,
        "01": 0.1236
    },
    "z1y0_z0u2y1": {
        "00": 0.12515,
        "10": 0.12735,
        "11": 0.1249,
        "01": 0.12355
    },
    "z0u1y1_z0u2y0": {
        "00": 0.1229,
        "10": 0.1271,
        "11": 0.1262,
        "01": 0.1232
    },
    "z0u3y0_z0u1y1": {
        "00": 0.1282,
        "10": 0.1264,
        "11": 0.1263,
        "01": 0.1259
    },
    "z0u2y0_z1y0": {
        "00": 0.1261,
        "10": 0.1241,
        "11": 0.1246,
        "01": 0.1279
    },
    "z0u3y1_z1y1": {
        "00": 0.1253,
        "10": 0.1236,
        "11": 0.1218,
        "01": 0.1224
    },
    "z0u1y0_z0u3y1": {
        "00": 0.1236,
        "10": 0.1223,
        "11": 0.1262,
        "01": 0.1277
    },
    "z0u2y1_z0u2y0": {
        "10": 0.2452,
        "01": 0.2559
    },
    "z0u2y1_z0u2y1": {
        "00": 0.248,
        "11": 0.2509
    },
    "z0u1y0_z0u1y0": {
        "00": 0.2448,
        "10": 0.2497,
        "11": 0.2518,
        "01": 0.2537
    },
    "z0u2y0_z0u2y1": {
        "10": 0.2472,
        "01": 0.2512
    },
    "z0u3y1_z1y0": {
        "00": 0.1256,
        "10": 0.1202,
        "11": 0.1347,
        "01": 0.1264
    },
    "z0u2y1_z1y0": {
        "00": 0.1262,
        "10": 0.1226,
        "11": 0.1226,
        "01": 0.1314
    },
    "z1y1_z0u3y0": {
        "00": 0.1252,
        "10": 0.1256,
        "11": 0.1254,
        "01": 0.12445
    },
    "z1y0_z0u3y0": {
        "00": 0.1252,
        "10": 0.1256,
        "11": 0.1254,
        "01": 0.12445
    },
    "z1y1_z0u1y0": {
        "00": 0.12455,
        "10": 0.1259,
        "11": 0.1246,
        "01": 0.12495
    },
    "z0u3y0_z0u2y0": {
        "00": 0.1256,
        "10": 0.1222,
        "11": 0.1227,
        "01": 0.1246
    },
    "z0u1y0_z1y1": {},
    "z0u1y0_z0u3y0": {
        "00": 0.1252,
        "10": 0.1235,
        "11": 0.1287,
        "01": 0.1228
    }
}
