{
    "z0u3y1_z0u1y1": {
        "00": 0.1299,
        "10": 0.1208,
        "11": 0.1294,
        "01": 0.1224
    },
    "z0u2y0_z0u2y0": {
        "00": 0.1277,
        "10": 0.12,
        "11": 0.1203,
        "01": 0.1266
    },
    "z1y1_z0u2y1": {
        "00": 0.1296,
        "10": 0.12525,
        "11": 0.12415,
        "01": 0.12465
    },
    "z0u1y0_z0u1y1": {},
    "z0u3y0_z0u3y0": {
        "00": 0.1221,
        "10": 0.1233,
        "11": 0.1252,
        "01": 0.1226
    },
    "z1y0_z0u1y0": {
        "00": 0.1259,
        "10": 0.1217,
        "11": 0.1252,
        "01": 0.1272
    },
    "z0u3y0_z1y0": {
        "00": 0.1221,
        "10": 0.1302,
        "11": 0.1298,
        "01": 0.1244
    },
    "z0u3y1_z0u3y0": {
        "00": 0.13,
        "10": 0.1281,
        "11": 0.1214,
        "01": 0.1223
    },
    "z0u2y0_z1y1": {
        "00": 0.1289,
        "10": 0.1281,
        "11": 0.119,
        "01": 0.1194
    },
    "z0u2y1_z0u3y1": {
        "00": 0.2524,
        "11": 0.2502
    },
    "z0u3y1_z0u2y1": {
        "10": 0.2515,
        "01": 0.2532
    },
    "z0u2y0_z0u3y0": {
        "00": 0.252,
        "11": 0.2488
    },
    "z0u1y1_z0u3y0": {
        "00": 0.1271,
        "10": 0.127,
        "11": 0.1285,
        "01": 0.125
    },
    "z0u1y1_z0u3y1": {
        "00": 0.1201,
        "10": 0.1247,
        "11": 0.1239,
        "01": 0.1237
    },
    "z0u2y1_z0u3y0": {
        "10": 0.2471,
        "01": 0.2503
    },
    "z0u1y1_z1y1": {
        "00": 0.2445,
        "10": 0.254,
        "11": 0.2514,
        "01": 0.2501
    },
    "z0u2y1_z0u1y0": {
        "00": 0.1267,
        "10": 0.1294,
        "11": 0.1276,
        "01": 0.1291
    },
    "z1y1_z0u3y1": {
        "00": 0.12725,
        "10": 0.12205,
        "11": 0.12995,
        "01": 0.1218
    },
    "z1y0_z0u3y1": {
        "00": 0.12725,
        "10": 0.12205,
        "11": 0.12995,
        "01": 0.1218
    },
    "z0u1y0_z1y0": {
        "00": 0.2607,
        "10": 0.2504,
        "11": 0.246,
        "01": 0.2429
    },
    "z0u1y1_z1y0": {},
    "z0u1y1_z0u2y1": {
        "00": 0.1225,
        "10": 0.1232,
        "11": 0.1283,
        "01": 0.124
    },
    "z0u2y0_z0u1y0": {
        "00": 0.1297,
        "10": 0.1262,
        "11": 0.1211,
        "01": 0.1249
    },
    "z0u1y0_z0u2y1": {
        "00": 0.1274,
        "10": 0.1242,
        "11": 0.1227,
        "01": 0.1263
    },
    "z1y1_z0u2y0": {
        "00": 0.12385,
        "10": 0.12665,
        "11": 0.12285,
        "01": 0.123
    },
    "z0u2y0_z0u1y1": {
        "00": 0.1201,
        "10": 0.1207,
        "11": 0.1237,
        "01": 0.1336
    },
    "z0u1y0_z0u2y0": {
        "00": 0.125,
        "10": 0.1253,
        "11": 0.1253,
        "01": 0.1238
    },
    "z1y0_z0u1y1": {
        "00": 0.1227,
        "10": 0.1234,
        "11": 0.12615,
        "01": 0.12775
    },
    "z0u3y0_z0u2y1": {
        "00": 0.2497,
        "11": 0.2477
    },
    "z1y0_z1y1": {
        "00": 0.12295,
        "10": 0.1239,
        "11": 0.12835,
        "01": 0.1248
    },
    "z0u1y1_z0u1y0": {},
    "z0u3y1_z0u3y1": {
        "00": 0.126,
        "10": 0.1277,
        "11": 0.1252,
        "01": 0.1193
    },
    "z1y1_z1y0": {
        "00": 0.12575,
        "10": 0.12465,
        "11": 0.1235,
        "01": 0.1261
    },
    "z0u3y1_z0u1y0": {
        "00": 0.1257,
        "10": 0.1291,
        "11": 0.121,
        "01": 0.1217
    },
    "z1y1_z0u1y1": {
        "00": 0.1227,
        "10": 0.1234,
        "11": 0.12615,
        "01": 0.12775
    },
    "z1y0_z1y0": {
        "00": 0.12575,
        "10": 0.12465,
        "11": 0.1235,
        "01": 0.1261
    },
    "z0u2y1_z1y1": {
        "00": 0.1281,
        "10": 0.1279,
        "11": 0.1307,
        "01": 0.1264
    },
    "z0u1y1_z0u1y1": {
        "00": 0.2503,
        "10": 0.2556,
        "11": 0.2471,
        "01": 0.247
    },
    "z0u2y1_z0u1y1": {
        "00": 0.1235,
        "10": 0.1214,
        "11": 0.1196,
        "01": 0.1227
    },
    "z0u3y1_z0u2y0": {
        "00": 0.2501,
        "11": 0.2452
    },
    "z1y1_z1y1": {
        "00": 0.12295,
        "10": 0.1239,
        "11": 0.12835,
        "01": 0.1248
    },
    "z0u3y0_z0u1y0": {
        "00": 0.1235,
        "10": 0.1274,
        "11": 0.1286,
        "01": 0.1238
    },
    "z0u2y0_z0u3y1": {
        "10": 0.2486,
        "01": 0.2506
    },
    "z0u3y0_z0u3y1": {
        "00": 0.1256,
        "10": 0.1326,
        "11": 0.1214,
        "01": 0.1272
    },
    "z0u3y0_z1y1": {
        "00": 0.124,
        "10": 0.1227,
        "11": 0.124,
        "01": 0.1228
    },
    "z1y0_z0u2y0": {
        "00": 0.12385,
        "10": 0.12665,
        "11": 0.12285,
        "01": 0.123
    },
    "z1y0_z0u2y1": {
        "00": 0.1296,
        "10": 0.12525,
        "11": 0.12415,
        "01": 0.12465
    },
    "z0u1y1_z0u2y0": {
        "00": 0.1244,
        "10": 0.1252,
        "11": 0.125,
        "01": 0.1274
    },
    "z0u3y0_z0u1y1": {
        "00": 0.1269,
        "10": 0.1241,
        "11": 0.1245,
        "01": 0.1212
    },
    "z0u2y0_z1y0": {
        "00": 0.1309,
        "10": 0.1255,
        "11": 0.1234,
        "01": 0.1248
    },
    "z0u3y1_z1y1": {
        "00": 0.1224,
        "10": 0.1225,
        "11": 0.1262,
        "01": 0.1253
    },
    "z0u1y0_z0u3y1": {
        "00": 0.1259,
        "10": 0.1277,
        "11": 0.1254,
        "01": 0.1279
    },
    "z0u2y1_z0u2y0": {
        "00": 0.1201,
        "10": 0.1273,
        "11": 0.1242,
        "01": 0.1182
    },
    "z0u2y1_z0u2y1": {
        "00": 0.1255,
        "10": 0.1246,
        "11": 0.127,
        "01": 0.1331
    },
    "z0u1y0_z0u1y0": {
        "00": 0.2463,
        "10": 0.2538,
        "11": 0.2506,
        "01": 0.2493
    },
    "z0u2y0_z0u2y1": {
        "00": 0.1282,
        "10": 0.1285,
        "11": 0.1261,
        "01": 0.1226
    },
    "z0u3y1_z1y0": {
        "00": 0.125,
        "10": 0.1298,
        "11": 0.1223,
        "01": 0.1265
    },
    "z0u2y1_z1y0": {
        "00": 0.1258,
        "10": 0.1209,
        "11": 0.1174,
        "01": 0.1228
    },
    "z1y1_z0u3y0": {
        "00": 0.1232,
        "10": 0.124,
        "11": 0.1232,
        "01": 0.12855
    },
    "z1y0_z0u3y0": {
        "00": 0.1232,
        "10": 0.124,
        "11": 0.1232,
        "01": 0.12855
    },
    "z1y1_z0u1y0": {
        "00": 0.1259,
        "10": 0.1217,
        "11": 0.1252,
        "01": 0.1272
    },
    "z0u3y0_z0u2y0": {
        "10": 0.2514,
        "01": 0.2512
    },
    "z0u1y0_z1y1": {},
    "z0u1y0_z0u3y0": {
        "00": 0.1228,
        "10": 0.1256,
        "11": 0.1225,
        "01": 0.1222
    }
}
