{
    "z0u3y1_z0u1y1": {
        "00": 0.1295,
        "10": 0.1245,
        "11": 0.1277,
        "01": 0.1236
    },
    "z0u2y0_z0u2y0": {
        "00": 0.2488,
        "11": 0.2442
    },
    "z1y1_z0u2y1": {
        "00": 0.1244,
        "10": 0.1213,
        "11": 0.12675,
        "01": 0.12815
    },
    "z0u1y0_z0u1y1": {},
    "z0u3y0_z0u3y0": {
        "00": 0.252,
        "11": 0.2467
    },
    "z1y0_z0u1y0": {
        "00": 0.12415,
        "10": 0.12585,
        "11": 0.1259,
        "01": 0.1241
    },
    "z0u3y0_z1y0": {
        "00": 0.1278,
        "10": 0.1231,
        "11": 0.126,
        "01": 0.121
    },
    "z0u3y1_z0u3y0": {
        "10": 0.2491,
        "01": 0.2446
    },
    "z0u2y0_z1y1": {
        "00": 0.1316,
        "10": 0.1335,
        "11": 0.1279,
        "01": 0.1184
    },
    "z0u2y1_z0u3y1": {
        "00": 0.1252,
        "10": 0.1287,
        "11": 0.1305,
        "01": 0.1252
    },
    "z0u3y1_z0u2y1": {
        "00": 0.1245,
        "10": 0.1248,
        "11": 0.1225,
        "01": 0.1257
    },
    "z0u2y0_z0u3y0": {
        "00": 0.1213,
        "10": 0.1287,
        "11": 0.1224,
        "01": 0.1195
    },
    "z0u1y1_z0u3y0": {
        "00": 0.1261,
        "10": 0.1226,
        "11": 0.1234,
        "01": 0.1271
    },
    "z0u1y1_z0u3y1": {
        "00": 0.1268,
        "10": 0.1216,
        "11": 0.1245,
        "01": 0.1279
    },
    "z0u2y1_z0u3y0": {
        "00": 0.1218,
        "10": 0.1248,
        "11": 0.1229,
        "01": 0.1209
    },
    "z0u1y1_z1y1": {
        "00": 0.2498,
        "10": 0.2467,
        "11": 0.2515,
        "01": 0.252
    },
    "z0u2y1_z0u1y0": {
        "00": 0.1247,
        "10": 0.1312,
        "11": 0.1248,
        "01": 0.1269
    },
    "z1y1_z0u3y1": {
        "00": 0.12645,
        "10": 0.12315,
        "11": 0.1252,
        "01": 0.1213
    },
    "z1y0_z0u3y1": {
        "00": 0.12645,
        "10": 0.12315,
        "11": 0.1252,
        "01": 0.1213
    },
    "z0u1y0_z1y0": {
        "00": 0.2502,
        "10": 0.2439,
        "11": 0.256,
        "01": 0.2499
    },
    "z0u1y1_z1y0": {},
    "z0u1y1_z0u2y1": {
        "00": 0.1201,
        "10": 0.1184,
        "11": 0.1322,
        "01": 0.1244
    },
    "z0u2y0_z0u1y0": {
        "00": 0.1262,
        "10": 0.1256,
        "11": 0.1211,
        "01": 0.1248
    },
    "z0u1y0_z0u2y1": {
        "00": 0.1255,
        "10": 0.1267,
        "11": 0.1222,
        "01": 0.1233
    },
    "z1y1_z0u2y0": {
        "00": 0.12405,
        "10": 0.1277,
        "11": 0.12535,
        "01": 0.1223
    },
    "z0u2y0_z0u1y1": {
        "00": 0.1268,
        "10": 0.1312,
        "11": 0.1214,
        "01": 0.1229
    },
    "z0u1y0_z0u2y0": {
        "00": 0.1262,
        "10": 0.1232,
        "11": 0.1262,
        "01": 0.1267
    },
    "z1y0_z0u1y1": {
        "00": 0.1254,
        "10": 0.12365,
        "11": 0.1244,
        "01": 0.12655
    },
    "z0u3y0_z0u2y1": {
        "00": 0.1289,
        "10": 0.1278,
        "11": 0.1213,
        "01": 0.1306
    },
    "z1y0_z1y1": {
        "00": 0.1235,
        "10": 0.12405,
        "11": 0.12455,
        "01": 0.1279
    },
    "z0u1y1_z0u1y0": {},
    "z0u3y1_z0u3y1": {
        "00": 0.2493,
        "11": 0.257
    },
    "z1y1_z1y0": {
        "00": 0.12475,
        "10": 0.1219,
        "11": 0.12595,
        "01": 0.1274
    },
    "z0u3y1_z0u1y0": {
        "00": 0.1216,
        "10": 0.1245,
        "11": 0.1235,
        "01": 0.1251
    },
    "z1y1_z0u1y1": {
        "00": 0.1254,
        "10": 0.12365,
        "11": 0.1244,
        "01": 0.12655
    },
    "z1y0_z1y0": {
        "00": 0.12475,
        "10": 0.1219,
        "11": 0.12595,
        "01": 0.1274
    },
    "z0u2y1_z1y1": {
        "00": 0.1304,
        "10": 0.1223,
        "11": 0.1244,
        "01": 0.1256
    },
    "z0u1y1_z0u1y1": {
        "00": 0.2481,
        "10": 0.2545,
        "11": 0.2494,
        "01": 0.248
    },
    "z0u2y1_z0u1y1": {
        "00": 0.1212,
        "10": 0.1254,
        "11": 0.1222,
        "01": 0.1236
    },
    "z0u3y1_z0u2y0": {
        "00": 0.1247,
        "10": 0.124,
        "11": 0.1312,
        "01": 0.1226
    },
    "z1y1_z1y1": {
        "00": 0.1235,
        "10": 0.12405,
        "11": 0.12455,
        "01": 0.1279
    },
    "z0u3y0_z0u1y0": {
        "00": 0.1264,
        "10": 0.1239,
        "11": 0.1203,
        "01": 0.1311
    },
    "z0u2y0_z0u3y1": {
        "00": 0.1248,
        "10": 0.1295,
        "11": 0.1282,
        "01": 0.1256
    },
    "z0u3y0_z0u3y1": {
        "10": 0.2508,
        "01": 0.2505
    },
    "z0u3y0_z1y1": {
        "00": 0.125,
        "10": 0.1287,
        "11": 0.126,
        "01": 0.1224
    },
    "z1y0_z0u2y0": {
        "00": 0.12405,
        "10": 0.1277,
        "11": 0.12535,
        "01": 0.1223
    },
    "z1y0_z0u2y1": {
        "00": 0.1244,
        "10": 0.1213,
        "11": 0.12675,
        "01": 0.12815
    },
    "z0u1y1_z0u2y0": {
        "00": 0.1252,
        "10": 0.1263,
        "11": 0.1248,
        "01": 0.1286
    },
    "z0u3y0_z0u1y1": {
        "00": 0.1225,
        "10": 0.1289,
        "11": 0.1229,
        "01": 0.124
    },
    "z0u2y0_z1y0": {
        "00": 0.1241,
        "10": 0.1208,
        "11": 0.1234,
        "01": 0.1203
    },
    "z0u3y1_z1y1": {
        "00": 0.1258,
        "10": 0.126,
        "11": 0.1263,
        "01": 0.1282
    },
    "z0u1y0_z0u3y1": {
        "00": 0.127,
        "10": 0.1255,
        "11": 0.1273,
        "01": 0.1222
    },
    "z0u2y1_z0u2y0": {
        "10": 0.2545,
        "01": 0.2501
    },
    "z0u2y1_z0u2y1": {
        "00": 0.2461,
        "11": 0.2493
    },
    "z0u1y0_z0u1y0": {
        "00": 0.2469,
        "10": 0.2434,
        "11": 0.2575,
        "01": 0.2522
    },
    "z0u2y0_z0u2y1": {
        "10": 0.2518,
        "01": 0.2552
    },
    "z0u3y1_z1y0": {
        "00": 0.1248,
        "10": 0.119,
        "11": 0.126,
        "01": 0.1239
    },
    "z0u2y1_z1y0": {
        "00": 0.1236,
        "10": 0.1277,
        "11": 0.1265,
        "01": 0.1195
    },
    "z1y1_z0u3y0": {
        "00": 0.12905,
        "10": 0.1268,
        "11": 0.12755,
        "01": 0.1205
    },
    "z1y0_z0u3y0": {
        "00": 0.12905,
        "10": 0.1268,
        "11": 0.12755,
        "01": 0.1205
    },
    "z1y1_z0u1y0": {
        "00": 0.12415,
        "10": 0.12585,
        "11": 0.1259,
        "01": 0.1241
    },
    "z0u3y0_z0u2y0": {
        "00": 0.1223,
        "10": 0.1263,
        "11": 0.1237,
        "01": 0.1191
    },
    "z0u1y0_z1y1": {},
    "z0u1y0_z0u3y0": {
        "00": 0.1281,
        "10": 0.13,
        "11": 0.1154,
        "01": 0.1245
    }
}
