{
    "z0u3y1_z0u1y1": {
        "10": 0.2536,
        "11": 0.2502
    },
    "z0u2y0_z0u2y0": {
        "00": 0.1225,
        "10": 0.1205,
        "11": 0.1254,
        "01": 0.126
    },
    "z1y1_z0u2y1": {
        "00": 0.1221,
        "10": 0.12085,
        "11": 0.1267,
        "01": 0.12415
    },
    "z0u1y0_z0u1y1": {},
    "z0u3y0_z0u3y0": {
        "00": 0.1261,
        "10": 0.1192,
        "11": 0.1227,
        "01": 0.1262
    },
    "z1y0_z0u1y0": {
        "00": 0.25145,
        "01": 0.24855
    },
    "z0u3y0_z1y0": {
        "00": 0.2515,
        "01": 0.2502
    },
    "z0u3y1_z0u3y0": {
        "00": 0.1243,
        "10": 0.1244,
        "11": 0.1263,
        "01": 0.1241
    },
    "z0u2y0_z1y1": {
        "10": 0.2492,
        "11": 0.2473
    },
    "z0u2y1_z0u3y1": {
        "00": 0.124,
        "10": 0.1202,
        "11": 0.1238,
        "01": 0.1279
    },
    "z0u3y1_z0u2y1": {
        "00": 0.1191,
        "10": 0.1273,
        "11": 0.1259,
        "01": 0.1333
    },
    "z0u2y0_z0u3y0": {
        "00": 0.1236,
        "10": 0.1186,
        "11": 0.1242,
        "01": 0.1243
    },
    "z0u1y1_z0u3y0": {
        "10": 0.2537,
        "11": 0.2462
    },
    "z0u1y1_z0u3y1": {
        "10": 0.2456,
        "11": 0.2545
    },
    "z0u2y1_z0u3y0": {
        "00": 0.1216,
        "10": 0.1314,
        "11": 0.1246,
        "01": 0.1265
    },
    "z0u1y1_z1y1": {
        "10": 0.4961,
        "11": 0.5039
    },
    "z0u2y1_z0u1y0": {
        "00": 0.2486,
        "01": 0.2524
    },
    "z1y1_z0u3y1": {
        "00": 0.12855,
        "10": 0.1252,
        "11": 0.1259,
        "01": 0.1256
    },
    "z1y0_z0u3y1": {
        "00": 0.12855,
        "10": 0.1252,
        "11": 0.1259,
        "01": 0.1256
    },
    "z0u1y0_z1y0": {
        "00": 0.5076,
        "01": 0.4924
    },
    "z0u1y1_z1y0": {},
    "z0u1y1_z0u2y1": {
        "10": 0.2477,
        "11": 0.2429
    },
    "z0u2y0_z0u1y0": {
        "00": 0.2501,
        "01": 0.2491
    },
    "z0u1y0_z0u2y1": {
        "00": 0.2509,
        "01": 0.2493
    },
    "z1y1_z0u2y0": {
        "00": 0.1271,
        "10": 0.12325,
        "11": 0.1292,
        "01": 0.12665
    },
    "z0u2y0_z0u1y1": {
        "10": 0.2515,
        "11": 0.2493
    },
    "z0u1y0_z0u2y0": {
        "00": 0.2456,
        "01": 0.2542
    },
    "z1y0_z0u1y1": {
        "10": 0.2454,
        "11": 0.2546
    },
    "z0u3y0_z0u2y1": {
        "00": 0.1224,
        "10": 0.1261,
        "11": 0.1227,
        "01": 0.1265
    },
    "z1y0_z1y1": {
        "10": 0.24845,
        "11": 0.25155
    },
    "z0u1y1_z0u1y0": {},
    "z0u3y1_z0u3y1": {
        "00": 0.1234,
        "10": 0.1262,
        "11": 0.1225,
        "01": 0.1288
    },
    "z1y1_z1y0": {
        "00": 0.2486,
        "01": 0.2514
    },
    "z0u3y1_z0u1y0": {
        "00": 0.252,
        "01": 0.2442
    },
    "z1y1_z0u1y1": {
        "10": 0.2454,
        "11": 0.2546
    },
    "z1y0_z1y0": {
        "00": 0.2486,
        "01": 0.2514
    },
    "z0u2y1_z1y1": {
        "10": 0.2468,
        "11": 0.2546
    },
    "z0u1y1_z0u1y1": {
        "10": 0.5009,
        "11": 0.4991
    },
    "z0u2y1_z0u1y1": {
        "10": 0.2471,
        "11": 0.2519
    },
    "z0u3y1_z0u2y0": {
        "00": 0.1227,
        "10": 0.1248,
        "11": 0.1268,
        "01": 0.1201
    },
    "z1y1_z1y1": {
        "10": 0.24845,
        "11": 0.25155
    },
    "z0u3y0_z0u1y0": {
        "00": 0.2518,
        "01": 0.2569
    },
    "z0u2y0_z0u3y1": {
        "00": 0.1339,
        "10": 0.127,
        "11": 0.1256,
        "01": 0.1228
    },
    "z0u3y0_z0u3y1": {
        "00": 0.1269,
        "10": 0.1257,
        "11": 0.1244,
        "01": 0.1288
    },
    "z0u3y0_z1y1": {
        "10": 0.2488,
        "11": 0.2495
    },
    "z1y0_z0u2y0": {
        "00": 0.1271,
        "10": 0.12325,
        "11": 0.1292,
        "01": 0.12665
    },
    "z1y0_z0u2y1": {
        "00": 0.1221,
        "10": 0.12085,
        "11": 0.1267,
        "01": 0.12415
    },
    "z0u1y1_z0u2y0": {
        "10": 0.2544,
        "11": 0.255
    },
    "z0u3y0_z0u1y1": {
        "10": 0.2454,
        "11": 0.2459
    },
    "z0u2y0_z1y0": {
        "00": 0.2497,
        "01": 0.2538
    },
    "z0u3y1_z1y1": {
        "10": 0.2418,
        "11": 0.2553
    },
    "z0u1y0_z0u3y1": {
        "00": 0.2456,
        "01": 0.2474
    },
    "z0u2y1_z0u2y0": {
        "00": 0.1198,
        "10": 0.1294,
        "11": 0.1309,
        "01": 0.1213
    },
    "z0u2y1_z0u2y1": {
        "00": 0.124,
        "10": 0.124,
        "11": 0.1243,
        "01": 0.1263
    },
    "z0u1y0_z0u1y0": {
        "00": 0.4998,
        "01": 0.5002
    },
    "z0u2y0_z0u2y1": {
        "00": 0.1244,
        "10": 0.1241,
        "11": 0.1297,
        "01": 0.1274
    },
    "z0u3y1_z1y0": {
        "00": 0.2544,
        "01": 0.2485
    },
    "z0u2y1_z1y0": {
        "00": 0.2511,
        "01": 0.2475
    },
    "z1y1_z0u3y0": {
        "00": 0.12245,
        "10": 0.12305,
        "11": 0.12585,
        "01": 0.1234
    },
    "z1y0_z0u3y0": {
        "00": 0.12245,
        "10": 0.12305,
        "11": 0.12585,
        "01": 0.1234
    },
    "z1y1_z0u1y0": {
        "00": 0.25145,
        "01": 0.24855
    },
    "z0u3y0_z0u2y0": {
        "00": 0.1288,
        "10": 0.1219,
        "11": 0.1253,
        "01": 0.1263
    },
    "z0u1y0_z1y1": {},
    "z0u1y0_z0u3y0": {
        "00": 0.2485,
        "01": 0.2585
    }
}
