{
    "z0u3y1_z0u1y1": {
        "11": 0.4955
    },
    "z0u2y0_z0u2y0": {
        "00": 0.2538,
        "11": 0.2466
    },
    "z1y1_z0u2y1": {
        "00": 0.2512,
        "11": 0.24855
    },
    "z0u1y0_z0u1y1": {},
    "z0u3y0_z0u3y0": {
        "00": 0.255,
        "11": 0.2516
    },
    "z1y0_z0u1y0": {
        "00": 0.5
    },
    "z0u3y0_z1y0": {
        "00": 0.5
    },
    "z0u3y1_z0u3y0": {
        "00": 0.246,
        "11": 0.2427
    },
    "z0u2y0_z1y1": {
        "11": 0.4941
    },
    "z0u2y1_z0u3y1": {
        "00": 0.2481,
        "11": 0.2506
    },
    "z0u3y1_z0u2y1": {
        "00": 0.2528,
        "11": 0.2544
    },
    "z0u2y0_z0u3y0": {
        "00": 0.2448,
        "11": 0.2553
    },
    "z0u1y1_z0u3y0": {
        "11": 0.4929
    },
    "z0u1y1_z0u3y1": {
        "11": 0.5071
    },
    "z0u2y1_z0u3y0": {
        "00": 0.2463,
        "11": 0.255
    },
    "z0u1y1_z1y1": {
        "11": 1.0
    },
    "z0u2y1_z0u1y0": {
        "00": 0.4968
    },
    "z1y1_z0u3y1": {
        "00": 0.2503,
        "11": 0.25175
    },
    "z1y0_z0u3y1": {
        "00": 0.2503,
        "11": 0.25175
    },
    "z0u1y0_z1y0": {
        "00": 1.0
    },
    "z0u1y1_z1y0": {},
    "z0u1y1_z0u2y1": {
        "11": 0.5028
    },
    "z0u2y0_z0u1y0": {
        "00": 0.5006
    },
    "z0u1y0_z0u2y1": {
        "00": 0.4913
    },
    "z1y1_z0u2y0": {
        "00": 0.2488,
        "11": 0.25145
    },
    "z0u2y0_z0u1y1": {
        "11": 0.4994
    },
    "z0u1y0_z0u2y0": {
        "00": 0.5087
    },
    "z1y0_z0u1y1": {
        "11": 0.5
    },
    "z0u3y0_z0u2y1": {
        "00": 0.255,
        "11": 0.2504
    },
    "z1y0_z1y1": {
        "11": 0.5
    },
    "z0u1y1_z0u1y0": {},
    "z0u3y1_z0u3y1": {
        "00": 0.2531,
        "11": 0.2582
    },
    "z1y1_z1y0": {
        "00": 0.5
    },
    "z0u3y1_z0u1y0": {
        "00": 0.5045
    },
    "z1y1_z0u1y1": {
        "11": 0.5
    },
    "z1y0_z1y0": {
        "00": 0.5
    },
    "z0u2y1_z1y1": {
        "11": 0.5046
    },
    "z0u1y1_z0u1y1": {
        "11": 1.0
    },
    "z0u2y1_z0u1y1": {
        "11": 0.5032
    },
    "z0u3y1_z0u2y0": {
        "00": 0.2494,
        "11": 0.2434
    },
    "z1y1_z1y1": {
        "11": 0.5
    },
    "z0u3y0_z0u1y0": {
        "00": 0.4975
    },
    "z0u2y0_z0u3y1": {
        "00": 0.2477,
        "11": 0.2522
    },
    "z0u3y0_z0u3y1": {
        "00": 0.2463,
        "11": 0.2471
    },
    "z0u3y0_z1y1": {
        "11": 0.5
    },
    "z1y0_z0u2y0": {
        "00": 0.2488,
        "11": 0.25145
    },
    "z1y0_z0u2y1": {
        "00": 0.2512,
        "11": 0.24855
    },
    "z0u1y1_z0u2y0": {
        "11": 0.4972
    },
    "z0u3y0_z0u1y1": {
        "11": 0.5025
    },
    "z0u2y0_z1y0": {
        "00": 0.5059
    },
    "z0u3y1_z1y1": {
        "11": 0.5014
    },
    "z0u1y0_z0u3y1": {
        "00": 0.5036
    },
    "z0u2y1_z0u2y0": {
        "00": 0.2495,
        "11": 0.2566
    },
    "z0u2y1_z0u2y1": {
        "00": 0.2549,
        "11": 0.239
    },
    "z0u1y0_z0u1y0": {
        "00": 1.0
    },
    "z0u2y0_z0u2y1": {
        "00": 0.2473,
        "11": 0.2523
    },
    "z0u3y1_z1y0": {
        "00": 0.4986
    },
    "z0u2y1_z1y0": {
        "00": 0.4954
    },
    "z1y1_z0u3y0": {
        "00": 0.2497,
        "11": 0.24825
    },
    "z1y0_z0u3y0": {
        "00": 0.2497,
        "11": 0.24825
    },
    "z1y1_z0u1y0": {
        "00": 0.5
    },
    "z0u3y0_z0u2y0": {
        "00": 0.247,
        "11": 0.2476
    },
    "z0u1y0_z1y1": {},
    "z0u1y0_z0u3y0": {
        "00": 0.4964
    }
}
