{
    "z0u3y1_z0u1y1": {
        "11": 0.4979
    },
    "z0u2y0_z0u2y0": {
        "00": 0.2506,
        "11": 0.2454
    },
    "z1y1_z0u2y1": {
        "00": 0.24755,
        "11": 0.25035
    },
    "z0u1y0_z0u1y1": {},
    "z0u3y0_z0u3y0": {
        "00": 0.2524,
        "11": 0.2495
    },
    "z1y0_z0u1y0": {
        "00": 0.5
    },
    "z0u3y0_z1y0": {
        "00": 0.5052
    },
    "z0u3y1_z0u3y0": {
        "00": 0.2484,
        "11": 0.257
    },
    "z0u2y0_z1y1": {
        "11": 0.4958
    },
    "z0u2y1_z0u3y1": {
        "00": 0.2532,
        "11": 0.2519
    },
    "z0u3y1_z0u2y1": {
        "00": 0.2484,
        "11": 0.2534
    },
    "z0u2y0_z0u3y0": {
        "00": 0.2553,
        "11": 0.2464
    },
    "z0u1y1_z0u3y0": {
        "11": 0.4987
    },
    "z0u1y1_z0u3y1": {
        "11": 0.5013
    },
    "z0u2y1_z0u3y0": {
        "00": 0.2457,
        "11": 0.2492
    },
    "z0u1y1_z1y1": {
        "11": 1.0
    },
    "z0u2y1_z0u1y0": {
        "00": 0.4992
    },
    "z1y1_z0u3y1": {
        "00": 0.2469,
        "11": 0.2512
    },
    "z1y0_z0u3y1": {
        "00": 0.2469,
        "11": 0.2512
    },
    "z0u1y0_z1y0": {
        "00": 1.0
    },
    "z0u1y1_z1y0": {},
    "z0u1y1_z0u2y1": {
        "11": 0.5052
    },
    "z0u2y0_z0u1y0": {
        "00": 0.4975
    },
    "z0u1y0_z0u2y1": {
        "00": 0.4883
    },
    "z1y1_z0u2y0": {
        "00": 0.25245,
        "11": 0.24965
    },
    "z0u2y0_z0u1y1": {
        "11": 0.5025
    },
    "z0u1y0_z0u2y0": {
        "00": 0.5117
    },
    "z1y0_z0u1y1": {
        "11": 0.5
    },
    "z0u3y0_z0u2y1": {
        "00": 0.2518,
        "11": 0.2472
    },
    "z1y0_z1y1": {
        "11": 0.5
    },
    "z0u1y1_z0u1y0": {},
    "z0u3y1_z0u3y1": {
        "00": 0.2485,
        "11": 0.2461
    },
    "z1y1_z1y0": {
        "00": 0.5
    },
    "z0u3y1_z0u1y0": {
        "00": 0.5021
    },
    "z1y1_z0u1y1": {
        "11": 0.5
    },
    "z1y0_z1y0": {
        "00": 0.5
    },
    "z0u2y1_z1y1": {
        "11": 0.4938
    },
    "z0u1y1_z0u1y1": {
        "11": 1.0
    },
    "z0u2y1_z0u1y1": {
        "11": 0.5008
    },
    "z0u3y1_z0u2y0": {
        "00": 0.2453,
        "11": 0.2529
    },
    "z1y1_z1y1": {
        "11": 0.5
    },
    "z0u3y0_z0u1y0": {
        "00": 0.5041
    },
    "z0u2y0_z0u3y1": {
        "00": 0.2484,
        "11": 0.2499
    },
    "z0u3y0_z0u3y1": {
        "00": 0.2508,
        "11": 0.2473
    },
    "z0u3y0_z1y1": {
        "11": 0.4948
    },
    "z1y0_z0u2y0": {
        "00": 0.25245,
        "11": 0.24965
    },
    "z1y0_z0u2y1": {
        "00": 0.24755,
        "11": 0.25035
    },
    "z0u1y1_z0u2y0": {
        "11": 0.4948
    },
    "z0u3y0_z0u1y1": {
        "11": 0.4959
    },
    "z0u2y0_z1y0": {
        "00": 0.5042
    },
    "z0u3y1_z1y1": {
        "11": 0.5006
    },
    "z0u1y0_z0u3y1": {
        "00": 0.4968
    },
    "z0u2y1_z0u2y0": {
        "00": 0.2559,
        "11": 0.2536
    },
    "z0u2y1_z0u2y1": {
        "00": 0.2397,
        "11": 0.2508
    },
    "z0u1y0_z0u1y0": {
        "00": 1.0
    },
    "z0u2y0_z0u2y1": {
        "00": 0.2498,
        "11": 0.2542
    },
    "z0u3y1_z1y0": {
        "00": 0.4994
    },
    "z0u2y1_z1y0": {
        "00": 0.5062
    },
    "z1y1_z0u3y0": {
        "00": 0.2531,
        "11": 0.2488
    },
    "z1y0_z0u3y0": {
        "00": 0.2531,
        "11": 0.2488
    },
    "z1y1_z0u1y0": {
        "00": 0.5
    },
    "z0u3y0_z0u2y0": {
        "00": 0.2467,
        "11": 0.2543
    },
    "z0u1y0_z1y1": {},
    "z0u1y0_z0u3y0": {
        "00": 0.5032
    }
}
