{
    "z0u3y1_z0u1y1": {
        "00": 0.1253,
        "10": 0.1279,
        "11": 0.1294,
        "01": 0.1239
    },
    "z0u2y0_z0u2y0": {
        "00": 0.125,
        "10": 0.1224,
        "11": 0.1273,
        "01": 0.1233
    },
    "z1y1_z0u2y1": {
        "00": 0.12525,
        "10": 0.12585,
        "11": 0.1264,
        "01": 0.12455
    },
    "z0u1y0_z0u1y1": {},
    "z0u3y0_z0u3y0": {
        "00": 0.1265,
        "10": 0.1255,
        "11": 0.1315,
        "01": 0.1241
    },
    "z1y0_z0u1y0": {
        "00": 0.1251,
        "10": 0.12625,
        "11": 0.1248,
        "01": 0.12385
    },
    "z0u3y0_z1y0": {
        "00": 0.1265,
        "10": 0.1262,
        "11": 0.1282,
        "01": 0.126
    },
    "z0u3y1_z0u3y0": {
        "00": 0.1228,
        "10": 0.1324,
        "11": 0.1222,
        "01": 0.124
    },
    "z0u2y0_z1y1": {
        "00": 0.1237,
        "10": 0.1311,
        "11": 0.114,
        "01": 0.1259
    },
    "z0u2y1_z0u3y1": {
        "00": 0.2501,
        "11": 0.2474
    },
    "z0u3y1_z0u2y1": {
        "10": 0.249,
        "01": 0.2429
    },
    "z0u2y0_z0u3y0": {
        "00": 0.2535,
        "11": 0.247
    },
    "z0u1y1_z0u3y0": {
        "00": 0.1287,
        "10": 0.12,
        "11": 0.1305,
        "01": 0.1249
    },
    "z0u1y1_z0u3y1": {
        "00": 0.1271,
        "10": 0.123,
        "11": 0.1251,
        "01": 0.1207
    },
    "z0u2y1_z0u3y0": {
        "10": 0.2492,
        "01": 0.2533
    },
    "z0u1y1_z1y1": {
        "00": 0.2459,
        "10": 0.2505,
        "11": 0.2513,
        "01": 0.2523
    },
    "z0u2y1_z0u1y0": {
        "00": 0.1253,
        "10": 0.1236,
        "11": 0.1216,
        "01": 0.1283
    },
    "z1y1_z0u3y1": {
        "00": 0.12675,
        "10": 0.1232,
        "11": 0.1276,
        "01": 0.12595
    },
    "z1y0_z0u3y1": {
        "00": 0.12675,
        "10": 0.1232,
        "11": 0.1276,
        "01": 0.12595
    },
    "z0u1y0_z1y0": {
        "00": 0.2409,
        "10": 0.2561,
        "11": 0.2512,
        "01": 0.2518
    },
    "z0u1y1_z1y0": {},
    "z0u1y1_z0u2y1": {
        "00": 0.1275,
        "10": 0.1275,
        "11": 0.1242,
        "01": 0.1253
    },
    "z0u2y0_z0u1y0": {
        "00": 0.1268,
        "10": 0.1299,
        "11": 0.1234,
        "01": 0.1281
    },
    "z0u1y0_z0u2y1": {
        "00": 0.1299,
        "10": 0.1272,
        "11": 0.1265,
        "01": 0.1191
    },
    "z1y1_z0u2y0": {
        "00": 0.12255,
        "10": 0.1247,
        "11": 0.1269,
        "01": 0.1238
    },
    "z0u2y0_z0u1y1": {
        "00": 0.1208,
        "10": 0.12,
        "11": 0.1258,
        "01": 0.1252
    },
    "z0u1y0_z0u2y0": {
        "00": 0.1273,
        "10": 0.1222,
        "11": 0.1244,
        "01": 0.1234
    },
    "z1y0_z0u1y1": {
        "00": 0.12355,
        "10": 0.12915,
        "11": 0.123,
        "01": 0.1243
    },
    "z0u3y0_z0u2y1": {
        "00": 0.2483,
        "11": 0.2498
    },
    "z1y0_z1y1": {
        "00": 0.12775,
        "10": 0.12265,
        "11": 0.12675,
        "01": 0.12285
    },
    "z0u1y1_z0u1y0": {},
    "z0u3y1_z0u3y1": {
        "00": 0.1265,
        "10": 0.1247,
        "11": 0.1231,
        "01": 0.1243
    },
    "z1y1_z1y0": {
        "00": 0.12435,
        "10": 0.1266,
        "11": 0.1258,
        "01": 0.12325
    },
    "z0u3y1_z0u1y0": {
        "00": 0.123,
        "10": 0.1256,
        "11": 0.1201,
        "01": 0.1248
    },
    "z1y1_z0u1y1": {
        "00": 0.12355,
        "10": 0.12915,
        "11": 0.123,
        "01": 0.1243
    },
    "z1y0_z1y0": {
        "00": 0.12435,
        "10": 0.1266,
        "11": 0.1258,
        "01": 0.12325
    },
    "z0u2y1_z1y1": {
        "00": 0.1304,
        "10": 0.1261,
        "11": 0.1255,
        "01": 0.125
    },
    "z0u1y1_z0u1y1": {
        "00": 0.2488,
        "10": 0.2503,
        "11": 0.2505,
        "01": 0.2504
    },
    "z0u2y1_z0u1y1": {
        "00": 0.1294,
        "10": 0.1226,
        "11": 0.1305,
        "01": 0.1187
    },
    "z0u3y1_z0u2y0": {
        "00": 0.2521,
        "11": 0.256
    },
    "z1y1_z1y1": {
        "00": 0.12775,
        "10": 0.12265,
        "11": 0.12675,
        "01": 0.12285
    },
    "z0u3y0_z0u1y0": {
        "00": 0.1303,
        "10": 0.1236,
        "11": 0.1242,
        "01": 0.1287
    },
    "z0u2y0_z0u3y1": {
        "10": 0.2527,
        "01": 0.2468
    },
    "z0u3y0_z0u3y1": {
        "00": 0.1194,
        "10": 0.1257,
        "11": 0.1221,
        "01": 0.1252
    },
    "z0u3y0_z1y1": {
        "00": 0.1187,
        "10": 0.1275,
        "11": 0.1232,
        "01": 0.1237
    },
    "z1y0_z0u2y0": {
        "00": 0.12255,
        "10": 0.1247,
        "11": 0.1269,
        "01": 0.1238
    },
    "z1y0_z0u2y1": {
        "00": 0.12525,
        "10": 0.12585,
        "11": 0.1264,
        "01": 0.12455
    },
    "z0u1y1_z0u2y0": {
        "00": 0.1208,
        "10": 0.124,
        "11": 0.1258,
        "01": 0.1249
    },
    "z0u3y0_z0u1y1": {
        "00": 0.1214,
        "10": 0.1286,
        "11": 0.1235,
        "01": 0.1197
    },
    "z0u2y0_z1y0": {
        "00": 0.1266,
        "10": 0.1286,
        "11": 0.123,
        "01": 0.1271
    },
    "z0u3y1_z1y1": {
        "00": 0.1201,
        "10": 0.1234,
        "11": 0.1202,
        "01": 0.1238
    },
    "z0u1y0_z0u3y1": {
        "00": 0.134,
        "10": 0.1174,
        "11": 0.124,
        "01": 0.1193
    },
    "z0u2y1_z0u2y0": {
        "00": 0.1299,
        "10": 0.126,
        "11": 0.1256,
        "01": 0.1224
    },
    "z0u2y1_z0u2y1": {
        "00": 0.1203,
        "10": 0.1257,
        "11": 0.1249,
        "01": 0.1252
    },
    "z0u1y0_z0u1y0": {
        "00": 0.2597,
        "10": 0.2516,
        "11": 0.2495,
        "01": 0.2392
    },
    "z0u2y0_z0u2y1": {
        "00": 0.1231,
        "10": 0.1259,
        "11": 0.1262,
        "01": 0.1268
    },
    "z0u3y1_z1y0": {
        "00": 0.1284,
        "10": 0.1284,
        "11": 0.1243,
        "01": 0.1314
    },
    "z0u2y1_z1y0": {
        "00": 0.1188,
        "10": 0.123,
        "11": 0.1231,
        "01": 0.1281
    },
    "z1y1_z0u3y0": {
        "00": 0.12165,
        "10": 0.1266,
        "11": 0.12575,
        "01": 0.1225
    },
    "z1y0_z0u3y0": {
        "00": 0.12165,
        "10": 0.1266,
        "11": 0.12575,
        "01": 0.1225
    },
    "z1y1_z0u1y0": {
        "00": 0.1251,
        "10": 0.12625,
        "11": 0.1248,
        "01": 0.12385
    },
    "z0u3y0_z0u2y0": {
        "10": 0.2479,
        "01": 0.254
    },
    "z0u1y0_z1y1": {},
    "z0u1y0_z0u3y0": {
        "00": 0.1282,
        "10": 0.1287,
        "11": 0.1252,
        "01": 0.1232
    }
}
