{
    "z0u3y1_z0u1y1": {
        "00": 0.1256,
        "10": 0.1242,
        "11": 0.1265,
        "01": 0.1283
    },
    "z0u2y0_z0u2y0": {
        "00": 0.1231,
        "10": 0.1261,
        "11": 0.1261,
        "01": 0.1225
    },
    "z1y1_z0u2y1": {
        "00": 0.12805,
        "10": 0.12655,
        "11": 0.12415,
        "01": 0.12415
    },
    "z0u1y0_z0u1y1": {},
    "z0u3y0_z0u3y0": {
        "00": 0.1267,
        "10": 0.1228,
        "11": 0.1281,
        "01": 0.1261
    },
    "z1y0_z0u1y0": {
        "00": 0.1268,
        "10": 0.12595,
        "11": 0.1237,
        "01": 0.12355
    },
    "z0u3y0_z1y0": {
        "00": 0.1247,
        "10": 0.1281,
        "11": 0.1326,
        "01": 0.1227
    },
    "z0u3y1_z0u3y0": {
        "00": 0.1316,
        "10": 0.127,
        "11": 0.1278,
        "01": 0.128
    },
    "z0u2y0_z1y1": {
        "00": 0.1226,
        "10": 0.1258,
        "11": 0.1219,
        "01": 0.1252
    },
    "z0u2y1_z0u3y1": {
        "00": 0.243,
        "11": 0.2458
    },
    "z0u3y1_z0u2y1": {
        "10": 0.2485,
        "01": 0.247
    },
    "z0u2y0_z0u3y0": {
        "00": 0.2487,
        "11": 0.255
    },
    "z0u1y1_z0u3y0": {
        "00": 0.1223,
        "10": 0.1233,
        "11": 0.1222,
        "01": 0.126
    },
    "z0u1y1_z0u3y1": {
        "00": 0.129,
        "10": 0.1268,
        "11": 0.1264,
        "01": 0.124
    },
    "z0u2y1_z0u3y0": {
        "10": 0.2533,
        "01": 0.2579
    },
    "z0u1y1_z1y1": {
        "00": 0.2526,
        "10": 0.2448,
        "11": 0.2552,
        "01": 0.2474
    },
    "z0u2y1_z0u1y0": {
        "00": 0.123,
        "10": 0.1268,
        "11": 0.1245,
        "01": 0.1232
    },
    "z1y1_z0u3y1": {
        "00": 0.12605,
        "10": 0.12395,
        "11": 0.12635,
        "01": 0.12505
    },
    "z1y0_z0u3y1": {
        "00": 0.12605,
        "10": 0.12395,
        "11": 0.12635,
        "01": 0.12505
    },
    "z0u1y0_z1y0": {
        "00": 0.2478,
        "10": 0.2481,
        "11": 0.2481,
        "01": 0.256
    },
    "z0u1y1_z1y0": {},
    "z0u1y1_z0u2y1": {
        "00": 0.1281,
        "10": 0.1254,
        "11": 0.1219,
        "01": 0.1231
    },
    "z0u2y0_z0u1y0": {
        "00": 0.1222,
        "10": 0.1266,
        "11": 0.1259,
        "01": 0.1305
    },
    "z0u1y0_z0u2y1": {
        "00": 0.1229,
        "10": 0.1289,
        "11": 0.1268,
        "01": 0.1276
    },
    "z1y1_z0u2y0": {
        "00": 0.1246,
        "10": 0.12595,
        "11": 0.12225,
        "01": 0.1243
    },
    "z0u2y0_z0u1y1": {
        "00": 0.1234,
        "10": 0.1225,
        "11": 0.1252,
        "01": 0.1237
    },
    "z0u1y0_z0u2y0": {
        "00": 0.1223,
        "10": 0.128,
        "11": 0.1192,
        "01": 0.1243
    },
    "z1y0_z0u1y1": {
        "00": 0.12395,
        "10": 0.12545,
        "11": 0.1254,
        "01": 0.1252
    },
    "z0u3y0_z0u2y1": {
        "00": 0.2432,
        "11": 0.2525
    },
    "z1y0_z1y1": {
        "00": 0.1241,
        "10": 0.1316,
        "11": 0.12175,
        "01": 0.12255
    },
    "z0u1y1_z0u1y0": {},
    "z0u3y1_z0u3y1": {
        "00": 0.1217,
        "10": 0.1215,
        "11": 0.1218,
        "01": 0.1206
    },
    "z1y1_z1y0": {
        "00": 0.12425,
        "10": 0.12685,
        "11": 0.1214,
        "01": 0.1275
    },
    "z0u3y1_z0u1y0": {
        "00": 0.1257,
        "10": 0.1269,
        "11": 0.1186,
        "01": 0.1242
    },
    "z1y1_z0u1y1": {
        "00": 0.12395,
        "10": 0.12545,
        "11": 0.1254,
        "01": 0.1252
    },
    "z1y0_z1y0": {
        "00": 0.12425,
        "10": 0.12685,
        "11": 0.1214,
        "01": 0.1275
    },
    "z0u2y1_z1y1": {
        "00": 0.1203,
        "10": 0.1244,
        "11": 0.1283,
        "01": 0.1285
    },
    "z0u1y1_z0u1y1": {
        "00": 0.2517,
        "10": 0.2443,
        "11": 0.2523,
        "01": 0.2517
    },
    "z0u2y1_z0u1y1": {
        "00": 0.1227,
        "10": 0.1269,
        "11": 0.1222,
        "01": 0.1307
    },
    "z0u3y1_z0u2y0": {
        "00": 0.2506,
        "11": 0.2539
    },
    "z1y1_z1y1": {
        "00": 0.1241,
        "10": 0.1316,
        "11": 0.12175,
        "01": 0.12255
    },
    "z0u3y0_z0u1y0": {
        "00": 0.1248,
        "10": 0.1272,
        "11": 0.126,
        "01": 0.1304
    },
    "z0u2y0_z0u3y1": {
        "10": 0.2437,
        "01": 0.2526
    },
    "z0u3y0_z0u3y1": {
        "00": 0.1246,
        "10": 0.1289,
        "11": 0.1244,
        "01": 0.1184
    },
    "z0u3y0_z1y1": {
        "00": 0.1213,
        "10": 0.1221,
        "11": 0.1222,
        "01": 0.1263
    },
    "z1y0_z0u2y0": {
        "00": 0.1246,
        "10": 0.12595,
        "11": 0.12225,
        "01": 0.1243
    },
    "z1y0_z0u2y1": {
        "00": 0.12805,
        "10": 0.12655,
        "11": 0.12415,
        "01": 0.12415
    },
    "z0u1y1_z0u2y0": {
        "00": 0.1268,
        "10": 0.1251,
        "11": 0.1235,
        "01": 0.1261
    },
    "z0u3y0_z0u1y1": {
        "00": 0.1147,
        "10": 0.1261,
        "11": 0.1247,
        "01": 0.1261
    },
    "z0u2y0_z1y0": {
        "00": 0.125,
        "10": 0.1231,
        "11": 0.1264,
        "01": 0.13
    },
    "z0u3y1_z1y1": {
        "00": 0.1257,
        "10": 0.1252,
        "11": 0.1204,
        "01": 0.1307
    },
    "z0u1y0_z0u3y1": {
        "00": 0.1227,
        "10": 0.1253,
        "11": 0.1249,
        "01": 0.1227
    },
    "z0u2y1_z0u2y0": {
        "00": 0.1234,
        "10": 0.1269,
        "11": 0.1251,
        "01": 0.1255
    },
    "z0u2y1_z0u2y1": {
        "00": 0.1216,
        "10": 0.1234,
        "11": 0.1242,
        "01": 0.1299
    },
    "z0u1y0_z0u1y0": {
        "00": 0.2466,
        "10": 0.2493,
        "11": 0.2545,
        "01": 0.2496
    },
    "z0u2y0_z0u2y1": {
        "00": 0.1221,
        "10": 0.1313,
        "11": 0.1217,
        "01": 0.1271
    },
    "z0u3y1_z1y0": {
        "00": 0.1194,
        "10": 0.1309,
        "11": 0.1239,
        "01": 0.1238
    },
    "z0u2y1_z1y0": {
        "00": 0.122,
        "10": 0.1229,
        "11": 0.1293,
        "01": 0.1243
    },
    "z1y1_z0u3y0": {
        "00": 0.12325,
        "10": 0.1227,
        "11": 0.125,
        "01": 0.12765
    },
    "z1y0_z0u3y0": {
        "00": 0.12325,
        "10": 0.1227,
        "11": 0.125,
        "01": 0.12765
    },
    "z1y1_z0u1y0": {
        "00": 0.1268,
        "10": 0.12595,
        "11": 0.1237,
        "01": 0.12355
    },
    "z0u3y0_z0u2y0": {
        "10": 0.247,
        "01": 0.2573
    },
    "z0u1y0_z1y1": {},
    "z0u1y0_z0u3y0": {
        "00": 0.1298,
        "10": 0.1249,
        "11": 0.1215,
        "01": 0.1282
    }
}
