{
    "z0u3y1_z0u1y1": {
        "00": 0.1266,
        "10": 0.1301,
        "11": 0.1277,
        "01": 0.1248
    },
    "z0u2y0_z0u2y0": {
        "00": 0.1231,
        "10": 0.1269,
        "11": 0.1239,
        "01": 0.1297
    },
    "z1y1_z0u2y1": {
        "00": 0.12685,
        "10": 0.1238,
        "11": 0.1233,
        "01": 0.1252
    },
    "z0u1y0_z0u1y1": {},
    "z0u3y0_z0u3y0": {
        "00": 0.1218,
        "10": 0.1257,
        "11": 0.1241,
        "01": 0.1269
    },
    "z1y0_z0u1y0": {
        "00": 0.12245,
        "10": 0.1226,
        "11": 0.1299,
        "01": 0.12505
    },
    "z0u3y0_z1y0": {
        "00": 0.125,
        "10": 0.122,
        "11": 0.127,
        "01": 0.1216
    },
    "z0u3y1_z0u3y0": {
        "00": 0.1267,
        "10": 0.1214,
        "11": 0.1233,
        "01": 0.1216
    },
    "z0u2y0_z1y1": {
        "00": 0.1266,
        "10": 0.1231,
        "11": 0.1238,
        "01": 0.121
    },
    "z0u2y1_z0u3y1": {
        "00": 0.2556,
        "11": 0.2482
    },
    "z0u3y1_z0u2y1": {
        "10": 0.2522,
        "01": 0.2514
    },
    "z0u2y0_z0u3y0": {
        "00": 0.2496,
        "11": 0.2614
    },
    "z0u1y1_z0u3y0": {
        "00": 0.1258,
        "10": 0.1232,
        "11": 0.1246,
        "01": 0.1283
    },
    "z0u1y1_z0u3y1": {
        "00": 0.1187,
        "10": 0.1224,
        "11": 0.1293,
        "01": 0.1277
    },
    "z0u2y1_z0u3y0": {
        "10": 0.2467,
        "01": 0.2495
    },
    "z0u1y1_z1y1": {
        "00": 0.2462,
        "10": 0.2545,
        "11": 0.2498,
        "01": 0.2495
    },
    "z0u2y1_z0u1y0": {
        "00": 0.1219,
        "10": 0.1189,
        "11": 0.13,
        "01": 0.1289
    },
    "z1y1_z0u3y1": {
        "00": 0.1252,
        "10": 0.12235,
        "11": 0.1248,
        "01": 0.12775
    },
    "z1y0_z0u3y1": {
        "00": 0.1252,
        "10": 0.12235,
        "11": 0.1248,
        "01": 0.12775
    },
    "z0u1y0_z1y0": {
        "00": 0.2427,
        "10": 0.2475,
        "11": 0.2585,
        "01": 0.2513
    },
    "z0u1y1_z1y0": {},
    "z0u1y1_z0u2y1": {
        "00": 0.122,
        "10": 0.1244,
        "11": 0.1224,
        "01": 0.1252
    },
    "z0u2y0_z0u1y0": {
        "00": 0.1198,
        "10": 0.1256,
        "11": 0.1221,
        "01": 0.1308
    },
    "z0u1y0_z0u2y1": {
        "00": 0.1249,
        "10": 0.123,
        "11": 0.1317,
        "01": 0.1249
    },
    "z1y1_z0u2y0": {
        "00": 0.12345,
        "10": 0.1258,
        "11": 0.12945,
        "01": 0.12215
    },
    "z0u2y0_z0u1y1": {
        "00": 0.1249,
        "10": 0.1253,
        "11": 0.1208,
        "01": 0.1307
    },
    "z0u1y0_z0u2y0": {
        "00": 0.1233,
        "10": 0.1242,
        "11": 0.1211,
        "01": 0.1269
    },
    "z1y0_z0u1y1": {
        "00": 0.12385,
        "10": 0.12395,
        "11": 0.1273,
        "01": 0.1249
    },
    "z0u3y0_z0u2y1": {
        "00": 0.2526,
        "11": 0.2466
    },
    "z1y0_z1y1": {
        "00": 0.1278,
        "10": 0.1226,
        "11": 0.12445,
        "01": 0.12515
    },
    "z0u1y1_z0u1y0": {},
    "z0u3y1_z0u3y1": {
        "00": 0.1243,
        "10": 0.1275,
        "11": 0.1265,
        "01": 0.1287
    },
    "z1y1_z1y0": {
        "00": 0.12755,
        "10": 0.12325,
        "11": 0.12495,
        "01": 0.12425
    },
    "z0u3y1_z0u1y0": {
        "00": 0.1234,
        "10": 0.1218,
        "11": 0.1174,
        "01": 0.1282
    },
    "z1y1_z0u1y1": {
        "00": 0.12385,
        "10": 0.12395,
        "11": 0.1273,
        "01": 0.1249
    },
    "z1y0_z1y0": {
        "00": 0.12755,
        "10": 0.12325,
        "11": 0.12495,
        "01": 0.12425
    },
    "z0u2y1_z1y1": {
        "00": 0.1233,
        "10": 0.1238,
        "11": 0.1261,
        "01": 0.1248
    },
    "z0u1y1_z0u1y1": {
        "00": 0.2519,
        "10": 0.2411,
        "11": 0.2552,
        "01": 0.2518
    },
    "z0u2y1_z0u1y1": {
        "00": 0.12,
        "10": 0.1269,
        "11": 0.1272,
        "01": 0.1262
    },
    "z0u3y1_z0u2y0": {
        "00": 0.2507,
        "11": 0.2457
    },
    "z1y1_z1y1": {
        "00": 0.1278,
        "10": 0.1226,
        "11": 0.12445,
        "01": 0.12515
    },
    "z0u3y0_z0u1y0": {
        "00": 0.1267,
        "10": 0.1245,
        "11": 0.1254,
        "01": 0.1234
    },
    "z0u2y0_z0u3y1": {
        "10": 0.2447,
        "01": 0.2443
    },
    "z0u3y0_z0u3y1": {
        "00": 0.1251,
        "10": 0.124,
        "11": 0.1266,
        "01": 0.1258
    },
    "z0u3y0_z1y1": {
        "00": 0.1273,
        "10": 0.1228,
        "11": 0.1251,
        "01": 0.1292
    },
    "z1y0_z0u2y0": {
        "00": 0.12345,
        "10": 0.1258,
        "11": 0.12945,
        "01": 0.12215
    },
    "z1y0_z0u2y1": {
        "00": 0.12685,
        "10": 0.1238,
        "11": 0.1233,
        "01": 0.1252
    },
    "z0u1y1_z0u2y0": {
        "00": 0.1264,
        "10": 0.1257,
        "11": 0.1262,
        "01": 0.1277
    },
    "z0u3y0_z0u1y1": {
        "00": 0.1272,
        "10": 0.1252,
        "11": 0.1236,
        "01": 0.124
    },
    "z0u2y0_z1y0": {
        "00": 0.1291,
        "10": 0.1243,
        "11": 0.1257,
        "01": 0.1264
    },
    "z0u3y1_z1y1": {
        "00": 0.1284,
        "10": 0.1307,
        "11": 0.1234,
        "01": 0.1237
    },
    "z0u1y0_z0u3y1": {
        "00": 0.1303,
        "10": 0.1276,
        "11": 0.1228,
        "01": 0.1268
    },
    "z0u2y1_z0u2y0": {
        "00": 0.1291,
        "10": 0.1234,
        "11": 0.1295,
        "01": 0.1238
    },
    "z0u2y1_z0u2y1": {
        "00": 0.1223,
        "10": 0.122,
        "11": 0.1227,
        "01": 0.1272
    },
    "z0u1y0_z0u1y0": {
        "00": 0.2511,
        "10": 0.2457,
        "11": 0.2515,
        "01": 0.2517
    },
    "z0u2y0_z0u2y1": {
        "00": 0.1238,
        "10": 0.1225,
        "11": 0.1248,
        "01": 0.1253
    },
    "z0u3y1_z1y0": {
        "00": 0.1263,
        "10": 0.1227,
        "11": 0.1228,
        "01": 0.122
    },
    "z0u2y1_z1y0": {
        "00": 0.1238,
        "10": 0.1217,
        "11": 0.1245,
        "01": 0.132
    },
    "z1y1_z0u3y0": {
        "00": 0.12195,
        "10": 0.1251,
        "11": 0.12555,
        "01": 0.1273
    },
    "z1y0_z0u3y0": {
        "00": 0.12195,
        "10": 0.1251,
        "11": 0.12555,
        "01": 0.1273
    },
    "z1y1_z0u1y0": {
        "00": 0.12245,
        "10": 0.1226,
        "11": 0.1299,
        "01": 0.12505
    },
    "z0u3y0_z0u2y0": {
        "10": 0.2484,
        "01": 0.2524
    },
    "z0u1y0_z1y1": {},
    "z0u1y0_z0u3y0": {
        "00": 0.1191,
        "10": 0.1282,
        "11": 0.1192,
        "01": 0.126
    }
}
