{
    "z0u3y1_z0u1y1": {
        "00": 0.1269,
        "10": 0.1341,
        "11": 0.1276,
        "01": 0.126
    },
    "z0u2y0_z0u2y0": {
        "00": 0.126,
        "10": 0.1215,
        "11": 0.1247,
        "01": 0.1261
    },
    "z1y1_z0u2y1": {
        "00": 0.12695,
        "10": 0.1272,
        "11": 0.12285,
        "01": 0.12195
    },
    "z0u1y0_z0u1y1": {},
    "z0u3y0_z0u3y0": {
        "00": 0.1235,
        "10": 0.1226,
        "11": 0.1247,
        "01": 0.1258
    },
    "z1y0_z0u1y0": {
        "00": 0.12635,
        "10": 0.12555,
        "11": 0.12615,
        "01": 0.12195
    },
    "z0u3y0_z1y0": {
        "00": 0.1268,
        "10": 0.1236,
        "11": 0.1287,
        "01": 0.1239
    },
    "z0u3y1_z0u3y0": {
        "00": 0.1255,
        "10": 0.1281,
        "11": 0.1233,
        "01": 0.1235
    },
    "z0u2y0_z1y1": {
        "00": 0.1282,
        "10": 0.1259,
        "11": 0.1239,
        "01": 0.126
    },
    "z0u2y1_z0u3y1": {
        "00": 0.2457,
        "11": 0.2563
    },
    "z0u3y1_z0u2y1": {
        "10": 0.2524,
        "01": 0.2452
    },
    "z0u2y0_z0u3y0": {
        "00": 0.2499,
        "11": 0.2527
    },
    "z0u1y1_z0u3y0": {
        "00": 0.1224,
        "10": 0.1257,
        "11": 0.1257,
        "01": 0.1271
    },
    "z0u1y1_z0u3y1": {
        "00": 0.1266,
        "10": 0.1212,
        "11": 0.1223,
        "01": 0.129
    },
    "z0u2y1_z0u3y0": {
        "10": 0.246,
        "01": 0.252
    },
    "z0u1y1_z1y1": {
        "00": 0.2498,
        "10": 0.2451,
        "11": 0.2534,
        "01": 0.2517
    },
    "z0u2y1_z0u1y0": {
        "00": 0.1268,
        "10": 0.1258,
        "11": 0.1212,
        "01": 0.1203
    },
    "z1y1_z0u3y1": {
        "00": 0.125,
        "10": 0.12955,
        "11": 0.12195,
        "01": 0.12735
    },
    "z1y0_z0u3y1": {
        "00": 0.125,
        "10": 0.12955,
        "11": 0.12195,
        "01": 0.12735
    },
    "z0u1y0_z1y0": {
        "00": 0.2515,
        "10": 0.2485,
        "11": 0.2464,
        "01": 0.2536
    },
    "z0u1y1_z1y0": {},
    "z0u1y1_z0u2y1": {
        "00": 0.1298,
        "10": 0.1295,
        "11": 0.1207,
        "01": 0.1248
    },
    "z0u2y0_z0u1y0": {
        "00": 0.1218,
        "10": 0.1227,
        "11": 0.1291,
        "01": 0.1251
    },
    "z0u1y0_z0u2y1": {
        "00": 0.1191,
        "10": 0.1261,
        "11": 0.1256,
        "01": 0.1271
    },
    "z1y1_z0u2y0": {
        "00": 0.12695,
        "10": 0.12175,
        "11": 0.1284,
        "01": 0.12395
    },
    "z0u2y0_z0u1y1": {
        "00": 0.1234,
        "10": 0.1303,
        "11": 0.1205,
        "01": 0.1271
    },
    "z0u1y0_z0u2y0": {
        "00": 0.1253,
        "10": 0.1276,
        "11": 0.1256,
        "01": 0.1236
    },
    "z1y0_z0u1y1": {
        "00": 0.1224,
        "10": 0.1247,
        "11": 0.12625,
        "01": 0.12665
    },
    "z0u3y0_z0u2y1": {
        "00": 0.2513,
        "11": 0.2559
    },
    "z1y0_z1y1": {
        "00": 0.12845,
        "10": 0.123,
        "11": 0.1237,
        "01": 0.12485
    },
    "z0u1y1_z0u1y0": {},
    "z0u3y1_z0u3y1": {
        "00": 0.1293,
        "10": 0.1211,
        "11": 0.123,
        "01": 0.1262
    },
    "z1y1_z1y0": {
        "00": 0.12795,
        "10": 0.12405,
        "11": 0.12545,
        "01": 0.12255
    },
    "z0u3y1_z0u1y0": {
        "00": 0.1204,
        "10": 0.1256,
        "11": 0.1198,
        "01": 0.1196
    },
    "z1y1_z0u1y1": {
        "00": 0.1224,
        "10": 0.1247,
        "11": 0.12625,
        "01": 0.12665
    },
    "z1y0_z1y0": {
        "00": 0.12795,
        "10": 0.12405,
        "11": 0.12545,
        "01": 0.12255
    },
    "z0u2y1_z1y1": {
        "00": 0.122,
        "10": 0.1267,
        "11": 0.1228,
        "01": 0.125
    },
    "z0u1y1_z0u1y1": {
        "00": 0.2493,
        "10": 0.2596,
        "11": 0.24,
        "01": 0.2511
    },
    "z0u2y1_z0u1y1": {
        "00": 0.1239,
        "10": 0.1319,
        "11": 0.1225,
        "01": 0.1276
    },
    "z0u3y1_z0u2y0": {
        "00": 0.2548,
        "11": 0.2476
    },
    "z1y1_z1y1": {
        "00": 0.12845,
        "10": 0.123,
        "11": 0.1237,
        "01": 0.12485
    },
    "z0u3y0_z0u1y0": {
        "00": 0.1231,
        "10": 0.1273,
        "11": 0.1209,
        "01": 0.1276
    },
    "z0u2y0_z0u3y1": {
        "10": 0.2489,
        "01": 0.2485
    },
    "z0u3y0_z0u3y1": {
        "00": 0.1239,
        "10": 0.1267,
        "11": 0.1283,
        "01": 0.1245
    },
    "z0u3y0_z1y1": {
        "00": 0.1235,
        "10": 0.1288,
        "11": 0.1217,
        "01": 0.123
    },
    "z1y0_z0u2y0": {
        "00": 0.12695,
        "10": 0.12175,
        "11": 0.1284,
        "01": 0.12395
    },
    "z1y0_z0u2y1": {
        "00": 0.12695,
        "10": 0.1272,
        "11": 0.12285,
        "01": 0.12195
    },
    "z0u1y1_z0u2y0": {
        "00": 0.1236,
        "10": 0.1213,
        "11": 0.1255,
        "01": 0.1248
    },
    "z0u3y0_z0u1y1": {
        "00": 0.1286,
        "10": 0.1254,
        "11": 0.1254,
        "01": 0.1217
    },
    "z0u2y0_z1y0": {
        "00": 0.1228,
        "10": 0.1251,
        "11": 0.1221,
        "01": 0.126
    },
    "z0u3y1_z1y1": {
        "00": 0.1214,
        "10": 0.1278,
        "11": 0.1217,
        "01": 0.1288
    },
    "z0u1y0_z0u3y1": {
        "00": 0.1261,
        "10": 0.1295,
        "11": 0.1279,
        "01": 0.1265
    },
    "z0u2y1_z0u2y0": {
        "00": 0.123,
        "10": 0.1268,
        "11": 0.1242,
        "01": 0.1205
    },
    "z0u2y1_z0u2y1": {
        "00": 0.1299,
        "10": 0.1261,
        "11": 0.1258,
        "01": 0.1237
    },
    "z0u1y0_z0u1y0": {
        "00": 0.2514,
        "10": 0.2487,
        "11": 0.2552,
        "01": 0.2447
    },
    "z0u2y0_z0u2y1": {
        "00": 0.1245,
        "10": 0.1252,
        "11": 0.1275,
        "01": 0.1245
    },
    "z0u3y1_z1y0": {
        "00": 0.1256,
        "10": 0.1213,
        "11": 0.1298,
        "01": 0.1236
    },
    "z0u2y1_z1y0": {
        "00": 0.124,
        "10": 0.1269,
        "11": 0.1227,
        "01": 0.1299
    },
    "z1y1_z0u3y0": {
        "00": 0.1247,
        "10": 0.1254,
        "11": 0.1211,
        "01": 0.12495
    },
    "z1y0_z0u3y0": {
        "00": 0.1247,
        "10": 0.1254,
        "11": 0.1211,
        "01": 0.12495
    },
    "z1y1_z0u1y0": {
        "00": 0.12635,
        "10": 0.12555,
        "11": 0.12615,
        "01": 0.12195
    },
    "z0u3y0_z0u2y0": {
        "10": 0.2501,
        "01": 0.2427
    },
    "z0u1y0_z1y1": {},
    "z0u1y0_z0u3y0": {
        "00": 0.1158,
        "10": 0.1235,
        "11": 0.1257,
        "01": 0.125
    }
}
