{
    "z0u3y1_z0u1y1": {
        "00": 0.122,
        "10": 0.1269,
        "11": 0.1274,
        "01": 0.1244
    },
    "z0u2y0_z0u2y0": {
        "10": 0.2471,
        "01": 0.252
    },
    "z1y1_z0u2y1": {
        "00": 0.12575,
        "10": 0.12235,
        "11": 0.12635,
        "01": 0.124
    },
    "z0u1y0_z0u1y1": {},
    "z0u3y0_z0u3y0": {
        "10": 0.2465,
        "01": 0.2537
    },
    "z1y0_z0u1y0": {
        "00": 0.12325,
        "10": 0.1237,
        "11": 0.125,
        "01": 0.12805
    },
    "z0u3y0_z1y0": {
        "00": 0.1278,
        "10": 0.1283,
        "11": 0.1191,
        "01": 0.1226
    },
    "z0u3y1_z0u3y0": {
        "00": 0.2557,
        "11": 0.2474
    },
    "z0u2y0_z1y1": {
        "00": 0.1249,
        "10": 0.1305,
        "11": 0.1266,
        "01": 0.1213
    },
    "z0u2y1_z0u3y1": {
        "00": 0.1183,
        "10": 0.1301,
        "11": 0.1209,
        "01": 0.1204
    },
    "z0u3y1_z0u2y1": {
        "00": 0.1269,
        "10": 0.123,
        "11": 0.1269,
        "01": 0.124
    },
    "z0u2y0_z0u3y0": {
        "00": 0.1229,
        "10": 0.1286,
        "11": 0.1237,
        "01": 0.126
    },
    "z0u1y1_z0u3y0": {
        "00": 0.1275,
        "10": 0.1291,
        "11": 0.1254,
        "01": 0.1204
    },
    "z0u1y1_z0u3y1": {
        "00": 0.125,
        "10": 0.1173,
        "11": 0.1259,
        "01": 0.1294
    },
    "z0u2y1_z0u3y0": {
        "00": 0.1338,
        "10": 0.1256,
        "11": 0.1222,
        "01": 0.1287
    },
    "z0u1y1_z1y1": {
        "00": 0.2461,
        "10": 0.2423,
        "11": 0.2565,
        "01": 0.2551
    },
    "z0u2y1_z0u1y0": {
        "00": 0.1231,
        "10": 0.1219,
        "11": 0.1251,
        "01": 0.1358
    },
    "z1y1_z0u3y1": {
        "00": 0.12,
        "10": 0.1258,
        "11": 0.12875,
        "01": 0.1228
    },
    "z1y0_z0u3y1": {
        "00": 0.12,
        "10": 0.1258,
        "11": 0.12875,
        "01": 0.1228
    },
    "z0u1y0_z1y0": {
        "00": 0.25,
        "10": 0.2515,
        "11": 0.2522,
        "01": 0.2463
    },
    "z0u1y1_z1y0": {},
    "z0u1y1_z0u2y1": {
        "00": 0.1216,
        "10": 0.1244,
        "11": 0.1231,
        "01": 0.1261
    },
    "z0u2y0_z0u1y0": {
        "00": 0.1251,
        "10": 0.1242,
        "11": 0.1283,
        "01": 0.1257
    },
    "z0u1y0_z0u2y1": {
        "00": 0.1229,
        "10": 0.127,
        "11": 0.1242,
        "01": 0.1264
    },
    "z1y1_z0u2y0": {
        "00": 0.1247,
        "10": 0.12645,
        "11": 0.12445,
        "01": 0.12595
    },
    "z0u2y0_z0u1y1": {
        "00": 0.1248,
        "10": 0.122,
        "11": 0.1283,
        "01": 0.1216
    },
    "z0u1y0_z0u2y0": {
        "00": 0.126,
        "10": 0.128,
        "11": 0.119,
        "01": 0.1265
    },
    "z1y0_z0u1y1": {
        "00": 0.12485,
        "10": 0.12415,
        "11": 0.1263,
        "01": 0.1247
    },
    "z0u3y0_z0u2y1": {
        "00": 0.124,
        "10": 0.1274,
        "11": 0.1247,
        "01": 0.1229
    },
    "z1y0_z1y1": {
        "00": 0.1217,
        "10": 0.12645,
        "11": 0.12395,
        "01": 0.1279
    },
    "z0u1y1_z0u1y0": {},
    "z0u3y1_z0u3y1": {
        "10": 0.2518,
        "01": 0.2451
    },
    "z1y1_z1y0": {
        "00": 0.1236,
        "10": 0.1245,
        "11": 0.1262,
        "01": 0.1257
    },
    "z0u3y1_z0u1y0": {
        "00": 0.1295,
        "10": 0.1217,
        "11": 0.1204,
        "01": 0.1277
    },
    "z1y1_z0u1y1": {
        "00": 0.12485,
        "10": 0.12415,
        "11": 0.1263,
        "01": 0.1247
    },
    "z1y0_z1y0": {
        "00": 0.1236,
        "10": 0.1245,
        "11": 0.1262,
        "01": 0.1257
    },
    "z0u2y1_z1y1": {
        "00": 0.1203,
        "10": 0.1233,
        "11": 0.1299,
        "01": 0.1311
    },
    "z0u1y1_z0u1y1": {
        "00": 0.2507,
        "10": 0.2484,
        "11": 0.255,
        "01": 0.2459
    },
    "z0u2y1_z0u1y1": {
        "00": 0.1226,
        "10": 0.1274,
        "11": 0.1207,
        "01": 0.1234
    },
    "z0u3y1_z0u2y0": {
        "00": 0.124,
        "10": 0.1288,
        "11": 0.1233,
        "01": 0.1231
    },
    "z1y1_z1y1": {
        "00": 0.1217,
        "10": 0.12645,
        "11": 0.12395,
        "01": 0.1279
    },
    "z0u3y0_z0u1y0": {
        "00": 0.1233,
        "10": 0.1204,
        "11": 0.124,
        "01": 0.1239
    },
    "z0u2y0_z0u3y1": {
        "00": 0.1255,
        "10": 0.1275,
        "11": 0.1225,
        "01": 0.1233
    },
    "z0u3y0_z0u3y1": {
        "00": 0.2433,
        "11": 0.2565
    },
    "z0u3y0_z1y1": {
        "00": 0.1213,
        "10": 0.1276,
        "11": 0.1234,
        "01": 0.1299
    },
    "z1y0_z0u2y0": {
        "00": 0.1247,
        "10": 0.12645,
        "11": 0.12445,
        "01": 0.12595
    },
    "z1y0_z0u2y1": {
        "00": 0.12575,
        "10": 0.12235,
        "11": 0.12635,
        "01": 0.124
    },
    "z0u1y1_z0u2y0": {
        "00": 0.1289,
        "10": 0.1277,
        "11": 0.1227,
        "01": 0.1255
    },
    "z0u3y0_z0u1y1": {
        "00": 0.1292,
        "10": 0.1297,
        "11": 0.1285,
        "01": 0.121
    },
    "z0u2y0_z1y0": {
        "00": 0.1276,
        "10": 0.116,
        "11": 0.1286,
        "01": 0.1245
    },
    "z0u3y1_z1y1": {
        "00": 0.1249,
        "10": 0.1203,
        "11": 0.1288,
        "01": 0.1252
    },
    "z0u1y0_z0u3y1": {
        "00": 0.129,
        "10": 0.1237,
        "11": 0.1235,
        "01": 0.1229
    },
    "z0u2y1_z0u2y0": {
        "00": 0.2472,
        "11": 0.2546
    },
    "z0u2y1_z0u2y1": {
        "10": 0.248,
        "01": 0.2502
    },
    "z0u1y0_z0u1y0": {
        "00": 0.2451,
        "10": 0.2491,
        "11": 0.2517,
        "01": 0.2541
    },
    "z0u2y0_z0u2y1": {
        "00": 0.2492,
        "11": 0.2517
    },
    "z0u3y1_z1y0": {
        "00": 0.1255,
        "10": 0.1222,
        "11": 0.1325,
        "01": 0.1206
    },
    "z0u2y1_z1y0": {
        "00": 0.1193,
        "10": 0.1264,
        "11": 0.1233,
        "01": 0.1264
    },
    "z1y1_z0u3y0": {
        "00": 0.12825,
        "10": 0.12485,
        "11": 0.12405,
        "01": 0.1255
    },
    "z1y0_z0u3y0": {
        "00": 0.12825,
        "10": 0.12485,
        "11": 0.12405,
        "01": 0.1255
    },
    "z1y1_z0u1y0": {
        "00": 0.12325,
        "10": 0.1237,
        "11": 0.125,
        "01": 0.12805
    },
    "z0u3y0_z0u2y0": {
        "00": 0.1229,
        "10": 0.126,
        "11": 0.125,
        "01": 0.1271
    },
    "z0u1y0_z1y1": {},
    "z0u1y0_z0u3y0": {
        "00": 0.1235,
        "10": 0.1264,
        "11": 0.1215,
        "01": 0.1295
    }
}
