{
    "z0u3y1_z0u1y1": {
        "11": 0.2522,
        "01": 0.2499
    },
    "z0u2y0_z0u2y0": {
        "00": 0.1247,
        "10": 0.1261,
        "11": 0.1261,
        "01": 0.1231
    },
    "z1y1_z0u2y1": {
        "00": 0.12245,
        "10": 0.127,
        "11": 0.12405,
        "01": 0.12485
    },
    "z0u1y0_z0u1y1": {},
    "z0u3y0_z0u3y0": {
        "00": 0.123,
        "10": 0.1228,
        "11": 0.1268,
        "01": 0.1245
    },
    "z1y0_z0u1y0": {
        "00": 0.25005,
        "10": 0.24995
    },
    "z0u3y0_z1y0": {
        "00": 0.2474,
        "10": 0.2521
    },
    "z0u3y1_z0u3y0": {
        "00": 0.1235,
        "10": 0.126,
        "11": 0.1267,
        "01": 0.1244
    },
    "z0u2y0_z1y1": {
        "11": 0.2468,
        "01": 0.2464
    },
    "z0u2y1_z0u3y1": {
        "00": 0.1222,
        "10": 0.1218,
        "11": 0.131,
        "01": 0.1281
    },
    "z0u3y1_z0u2y1": {
        "00": 0.1234,
        "10": 0.1229,
        "11": 0.1213,
        "01": 0.126
    },
    "z0u2y0_z0u3y0": {
        "00": 0.1201,
        "10": 0.1223,
        "11": 0.1283,
        "01": 0.1312
    },
    "z0u1y1_z0u3y0": {
        "11": 0.2481,
        "01": 0.2469
    },
    "z0u1y1_z0u3y1": {
        "11": 0.2482,
        "01": 0.2568
    },
    "z0u2y1_z0u3y0": {
        "00": 0.1226,
        "10": 0.1243,
        "11": 0.1267,
        "01": 0.1233
    },
    "z0u1y1_z1y1": {
        "11": 0.4994,
        "01": 0.5006
    },
    "z0u2y1_z0u1y0": {
        "00": 0.2501,
        "10": 0.2469
    },
    "z1y1_z0u3y1": {
        "00": 0.12265,
        "10": 0.12435,
        "11": 0.12395,
        "01": 0.1258
    },
    "z1y0_z0u3y1": {
        "00": 0.12265,
        "10": 0.12435,
        "11": 0.12395,
        "01": 0.1258
    },
    "z0u1y0_z1y0": {
        "00": 0.4994,
        "10": 0.5006
    },
    "z0u1y1_z1y0": {},
    "z0u1y1_z0u2y1": {
        "11": 0.2479,
        "01": 0.2579
    },
    "z0u2y0_z0u1y0": {
        "00": 0.2495,
        "10": 0.2569
    },
    "z0u1y0_z0u2y1": {
        "00": 0.2496,
        "10": 0.2477
    },
    "z1y1_z0u2y0": {
        "00": 0.12605,
        "10": 0.1245,
        "11": 0.1266,
        "01": 0.1245
    },
    "z0u2y0_z0u1y1": {
        "11": 0.2442,
        "01": 0.2494
    },
    "z0u1y0_z0u2y0": {
        "00": 0.2565,
        "10": 0.2462
    },
    "z1y0_z0u1y1": {
        "11": 0.25105,
        "01": 0.24895
    },
    "z0u3y0_z0u2y1": {
        "00": 0.1268,
        "10": 0.1288,
        "11": 0.1279,
        "01": 0.1208
    },
    "z1y0_z1y1": {
        "11": 0.24865,
        "01": 0.25135
    },
    "z0u1y1_z0u1y0": {},
    "z0u3y1_z0u3y1": {
        "00": 0.121,
        "10": 0.125,
        "11": 0.1248,
        "01": 0.1286
    },
    "z1y1_z1y0": {
        "00": 0.24875,
        "10": 0.25125
    },
    "z0u3y1_z0u1y0": {
        "00": 0.2522,
        "10": 0.2457
    },
    "z1y1_z0u1y1": {
        "11": 0.25105,
        "01": 0.24895
    },
    "z1y0_z1y0": {
        "00": 0.24875,
        "10": 0.25125
    },
    "z0u2y1_z1y1": {
        "11": 0.2518,
        "01": 0.2465
    },
    "z0u1y1_z0u1y1": {
        "11": 0.5065,
        "01": 0.4935
    },
    "z0u2y1_z0u1y1": {
        "11": 0.255,
        "01": 0.248
    },
    "z0u3y1_z0u2y0": {
        "00": 0.1245,
        "10": 0.1283,
        "11": 0.1276,
        "01": 0.126
    },
    "z1y1_z1y1": {
        "11": 0.24865,
        "01": 0.25135
    },
    "z0u3y0_z0u1y0": {
        "00": 0.2485,
        "10": 0.2545
    },
    "z0u2y0_z0u3y1": {
        "00": 0.1216,
        "10": 0.1302,
        "11": 0.1258,
        "01": 0.1205
    },
    "z0u3y0_z0u3y1": {
        "00": 0.1283,
        "10": 0.1295,
        "11": 0.1215,
        "01": 0.1236
    },
    "z0u3y0_z1y1": {
        "11": 0.2506,
        "01": 0.2499
    },
    "z1y0_z0u2y0": {
        "00": 0.12605,
        "10": 0.1245,
        "11": 0.1266,
        "01": 0.1245
    },
    "z1y0_z0u2y1": {
        "00": 0.12245,
        "10": 0.127,
        "11": 0.12405,
        "01": 0.12485
    },
    "z0u1y1_z0u2y0": {
        "11": 0.2513,
        "01": 0.2429
    },
    "z0u3y0_z0u1y1": {
        "11": 0.2473,
        "01": 0.2497
    },
    "z0u2y0_z1y0": {
        "00": 0.2514,
        "10": 0.2554
    },
    "z0u3y1_z1y1": {
        "11": 0.2511,
        "01": 0.2486
    },
    "z0u1y0_z0u3y1": {
        "00": 0.2453,
        "10": 0.25
    },
    "z0u2y1_z0u2y0": {
        "00": 0.1237,
        "10": 0.1287,
        "11": 0.1276,
        "01": 0.1255
    },
    "z0u2y1_z0u2y1": {
        "00": 0.126,
        "10": 0.1249,
        "11": 0.122,
        "01": 0.1216
    },
    "z0u1y0_z0u1y0": {
        "00": 0.4955,
        "10": 0.5045
    },
    "z0u2y0_z0u2y1": {
        "00": 0.1288,
        "10": 0.1226,
        "11": 0.1268,
        "01": 0.1218
    },
    "z0u3y1_z1y0": {
        "00": 0.2487,
        "10": 0.2516
    },
    "z0u2y1_z1y0": {
        "00": 0.2495,
        "10": 0.2522
    },
    "z1y1_z0u3y0": {
        "00": 0.1258,
        "10": 0.1272,
        "11": 0.12745,
        "01": 0.1228
    },
    "z1y0_z0u3y0": {
        "00": 0.1258,
        "10": 0.1272,
        "11": 0.12745,
        "01": 0.1228
    },
    "z1y1_z0u1y0": {
        "00": 0.25005,
        "10": 0.24995
    },
    "z0u3y0_z0u2y0": {
        "00": 0.1243,
        "10": 0.1262,
        "11": 0.1221,
        "01": 0.1231
    },
    "z0u1y0_z1y1": {},
    "z0u1y0_z0u3y0": {
        "00": 0.2528,
        "10": 0.2519
    }
}
