{
    "z0u3y1_z0u1y1": {
        "11": 0.506
    },
    "z0u2y0_z0u2y0": {
        "00": 0.2553,
        "11": 0.2446
    },
    "z1y1_z0u2y1": {
        "00": 0.2521,
        "11": 0.25245
    },
    "z0u1y0_z0u1y1": {},
    "z0u3y0_z0u3y0": {
        "00": 0.2507,
        "11": 0.248
    },
    "z1y0_z0u1y0": {
        "00": 0.5
    },
    "z0u3y0_z1y0": {
        "00": 0.498
    },
    "z0u3y1_z0u3y0": {
        "00": 0.2517,
        "11": 0.2472
    },
    "z0u2y0_z1y1": {
        "11": 0.5012
    },
    "z0u2y1_z0u3y1": {
        "00": 0.243,
        "11": 0.2515
    },
    "z0u3y1_z0u2y1": {
        "00": 0.2482,
        "11": 0.2474
    },
    "z0u2y0_z0u3y0": {
        "00": 0.2563,
        "11": 0.2525
    },
    "z0u1y1_z0u3y0": {
        "11": 0.4917
    },
    "z0u1y1_z0u3y1": {
        "11": 0.5083
    },
    "z0u2y1_z0u3y0": {
        "00": 0.2526,
        "11": 0.2529
    },
    "z0u1y1_z1y1": {
        "11": 1.0
    },
    "z0u2y1_z0u1y0": {
        "00": 0.5062
    },
    "z1y1_z0u3y1": {
        "00": 0.25135,
        "11": 0.247
    },
    "z1y0_z0u3y1": {
        "00": 0.25135,
        "11": 0.247
    },
    "z0u1y0_z1y0": {
        "00": 1.0
    },
    "z0u1y1_z1y0": {},
    "z0u1y1_z0u2y1": {
        "11": 0.4946
    },
    "z0u2y0_z0u1y0": {
        "00": 0.5048
    },
    "z0u1y0_z0u2y1": {
        "00": 0.5003
    },
    "z1y1_z0u2y0": {
        "00": 0.2479,
        "11": 0.24755
    },
    "z0u2y0_z0u1y1": {
        "11": 0.4952
    },
    "z0u1y0_z0u2y0": {
        "00": 0.4997
    },
    "z1y0_z0u1y1": {
        "11": 0.5
    },
    "z0u3y0_z0u2y1": {
        "00": 0.2516,
        "11": 0.2541
    },
    "z1y0_z1y1": {
        "11": 0.5
    },
    "z0u1y1_z0u1y0": {},
    "z0u3y1_z0u3y1": {
        "00": 0.2475,
        "11": 0.2536
    },
    "z1y1_z1y0": {
        "00": 0.5
    },
    "z0u3y1_z0u1y0": {
        "00": 0.494
    },
    "z1y1_z0u1y1": {
        "11": 0.5
    },
    "z1y0_z1y0": {
        "00": 0.5
    },
    "z0u2y1_z1y1": {
        "11": 0.4994
    },
    "z0u1y1_z0u1y1": {
        "11": 1.0
    },
    "z0u2y1_z0u1y1": {
        "11": 0.4938
    },
    "z0u3y1_z0u2y0": {
        "00": 0.2518,
        "11": 0.2526
    },
    "z1y1_z1y1": {
        "11": 0.5
    },
    "z0u3y0_z0u1y0": {
        "00": 0.5068
    },
    "z0u2y0_z0u3y1": {
        "00": 0.2486,
        "11": 0.2426
    },
    "z0u3y0_z0u3y1": {
        "00": 0.2502,
        "11": 0.2511
    },
    "z0u3y0_z1y1": {
        "11": 0.502
    },
    "z1y0_z0u2y0": {
        "00": 0.2479,
        "11": 0.24755
    },
    "z1y0_z0u2y1": {
        "00": 0.2521,
        "11": 0.25245
    },
    "z0u1y1_z0u2y0": {
        "11": 0.5054
    },
    "z0u3y0_z0u1y1": {
        "11": 0.4932
    },
    "z0u2y0_z1y0": {
        "00": 0.4988
    },
    "z0u3y1_z1y1": {
        "11": 0.5026
    },
    "z0u1y0_z0u3y1": {
        "00": 0.5056
    },
    "z0u2y1_z0u2y0": {
        "00": 0.2426,
        "11": 0.2492
    },
    "z0u2y1_z0u2y1": {
        "00": 0.2591,
        "11": 0.2491
    },
    "z0u1y0_z0u1y0": {
        "00": 1.0
    },
    "z0u2y0_z0u2y1": {
        "00": 0.2479,
        "11": 0.2522
    },
    "z0u3y1_z1y0": {
        "00": 0.4974
    },
    "z0u2y1_z1y0": {
        "00": 0.5006
    },
    "z1y1_z0u3y0": {
        "00": 0.24865,
        "11": 0.253
    },
    "z1y0_z0u3y0": {
        "00": 0.24865,
        "11": 0.253
    },
    "z1y1_z0u1y0": {
        "00": 0.5
    },
    "z0u3y0_z0u2y0": {
        "00": 0.2489,
        "11": 0.2454
    },
    "z0u1y0_z1y1": {},
    "z0u1y0_z0u3y0": {
        "00": 0.4944
    }
}
