{
    "z0u3y1_z0u1y1": {
        "11": 0.2415,
        "01": 0.2509
    },
    "z0u2y0_z0u2y0": {
        "00": 0.1227,
        "10": 0.1255,
        "11": 0.1262,
        "01": 0.1232
    },
    "z1y1_z0u2y1": {
        "00": 0.1257,
        "10": 0.1239,
        "11": 0.1254,
        "01": 0.12655
    },
    "z0u1y0_z0u1y1": {},
    "z0u3y0_z0u3y0": {
        "00": 0.1269,
        "10": 0.1243,
        "11": 0.126,
        "01": 0.1247
    },
    "z1y0_z0u1y0": {
        "00": 0.249,
        "10": 0.251
    },
    "z0u3y0_z1y0": {
        "00": 0.2497,
        "10": 0.2444
    },
    "z0u3y1_z0u3y0": {
        "00": 0.1223,
        "10": 0.1248,
        "11": 0.127,
        "01": 0.1296
    },
    "z0u2y0_z1y1": {
        "11": 0.2514,
        "01": 0.2532
    },
    "z0u2y1_z0u3y1": {
        "00": 0.1257,
        "10": 0.1187,
        "11": 0.1257,
        "01": 0.1253
    },
    "z0u3y1_z0u2y1": {
        "00": 0.1258,
        "10": 0.1259,
        "11": 0.1239,
        "01": 0.1256
    },
    "z0u2y0_z0u3y0": {
        "00": 0.1228,
        "10": 0.1277,
        "11": 0.1235,
        "01": 0.1215
    },
    "z0u1y1_z0u3y0": {
        "11": 0.2491,
        "01": 0.2518
    },
    "z0u1y1_z0u3y1": {
        "11": 0.255,
        "01": 0.2441
    },
    "z0u2y1_z0u3y0": {
        "00": 0.1241,
        "10": 0.1255,
        "11": 0.1302,
        "01": 0.1248
    },
    "z0u1y1_z1y1": {
        "11": 0.502,
        "01": 0.498
    },
    "z0u2y1_z0u1y0": {
        "00": 0.2446,
        "10": 0.2556
    },
    "z1y1_z0u3y1": {
        "00": 0.12415,
        "10": 0.12415,
        "11": 0.1258,
        "01": 0.1272
    },
    "z1y0_z0u3y1": {
        "00": 0.12415,
        "10": 0.12415,
        "11": 0.1258,
        "01": 0.1272
    },
    "z0u1y0_z1y0": {
        "00": 0.4975,
        "10": 0.5025
    },
    "z0u1y1_z1y0": {},
    "z0u1y1_z0u2y1": {
        "11": 0.2485,
        "01": 0.2539
    },
    "z0u2y0_z0u1y0": {
        "00": 0.2498,
        "10": 0.247
    },
    "z0u1y0_z0u2y1": {
        "00": 0.2451,
        "10": 0.2466
    },
    "z1y1_z0u2y0": {
        "00": 0.12575,
        "10": 0.12465,
        "11": 0.12345,
        "01": 0.1246
    },
    "z0u2y0_z0u1y1": {
        "11": 0.2524,
        "01": 0.2508
    },
    "z0u1y0_z0u2y0": {
        "00": 0.2603,
        "10": 0.248
    },
    "z1y0_z0u1y1": {
        "11": 0.2507,
        "01": 0.2493
    },
    "z0u3y0_z0u2y1": {
        "00": 0.1203,
        "10": 0.1225,
        "11": 0.129,
        "01": 0.1237
    },
    "z1y0_z1y1": {
        "11": 0.24975,
        "01": 0.25025
    },
    "z0u1y1_z0u1y0": {},
    "z0u3y1_z0u3y1": {
        "00": 0.1267,
        "10": 0.1219,
        "11": 0.1265,
        "01": 0.1212
    },
    "z1y1_z1y0": {
        "00": 0.25185,
        "10": 0.24815
    },
    "z0u3y1_z0u1y0": {
        "00": 0.2537,
        "10": 0.2539
    },
    "z1y1_z0u1y1": {
        "11": 0.2507,
        "01": 0.2493
    },
    "z1y0_z1y0": {
        "00": 0.25185,
        "10": 0.24815
    },
    "z0u2y1_z1y1": {
        "11": 0.2407,
        "01": 0.2555
    },
    "z0u1y1_z0u1y1": {
        "11": 0.4981,
        "01": 0.5019
    },
    "z0u2y1_z0u1y1": {
        "11": 0.2438,
        "01": 0.256
    },
    "z0u3y1_z0u2y0": {
        "00": 0.1239,
        "10": 0.1294,
        "11": 0.1238,
        "01": 0.1217
    },
    "z1y1_z1y1": {
        "11": 0.24975,
        "01": 0.25025
    },
    "z0u3y0_z0u1y0": {
        "00": 0.2497,
        "10": 0.2447
    },
    "z0u2y0_z0u3y1": {
        "00": 0.1271,
        "10": 0.1299,
        "11": 0.1234,
        "01": 0.1241
    },
    "z0u3y0_z0u3y1": {
        "00": 0.1222,
        "10": 0.129,
        "11": 0.1218,
        "01": 0.1251
    },
    "z0u3y0_z1y1": {
        "11": 0.2502,
        "01": 0.2557
    },
    "z1y0_z0u2y0": {
        "00": 0.12575,
        "10": 0.12465,
        "11": 0.12345,
        "01": 0.1246
    },
    "z1y0_z0u2y1": {
        "00": 0.1257,
        "10": 0.1239,
        "11": 0.1254,
        "01": 0.12655
    },
    "z0u1y1_z0u2y0": {
        "11": 0.2488,
        "01": 0.2488
    },
    "z0u3y0_z0u1y1": {
        "11": 0.2526,
        "01": 0.253
    },
    "z0u2y0_z1y0": {
        "00": 0.2446,
        "10": 0.2508
    },
    "z0u3y1_z1y1": {
        "11": 0.2558,
        "01": 0.2511
    },
    "z0u1y0_z0u3y1": {
        "00": 0.2551,
        "10": 0.2479
    },
    "z0u2y1_z0u2y0": {
        "00": 0.1269,
        "10": 0.1285,
        "11": 0.1232,
        "01": 0.1247
    },
    "z0u2y1_z0u2y1": {
        "00": 0.1291,
        "10": 0.1235,
        "11": 0.1216,
        "01": 0.1225
    },
    "z0u1y0_z0u1y0": {
        "00": 0.4976,
        "10": 0.5024
    },
    "z0u2y0_z0u2y1": {
        "00": 0.1279,
        "10": 0.131,
        "11": 0.1231,
        "01": 0.1204
    },
    "z0u3y1_z1y0": {
        "00": 0.2521,
        "10": 0.241
    },
    "z0u2y1_z1y0": {
        "00": 0.2507,
        "10": 0.2531
    },
    "z1y1_z0u3y0": {
        "00": 0.1251,
        "10": 0.1266,
        "11": 0.1259,
        "01": 0.1211
    },
    "z1y0_z0u3y0": {
        "00": 0.1251,
        "10": 0.1266,
        "11": 0.1259,
        "01": 0.1211
    },
    "z1y1_z0u1y0": {
        "00": 0.249,
        "10": 0.251
    },
    "z0u3y0_z0u2y0": {
        "00": 0.1292,
        "10": 0.1208,
        "11": 0.127,
        "01": 0.1275
    },
    "z0u1y0_z1y1": {},
    "z0u1y0_z0u3y0": {
        "00": 0.2476,
        "10": 0.2494
    }
}
