{
    "z0u3y1_z0u1y1": {
        "10": 0.2596,
        "11": 0.2387
    },
    "z0u2y0_z0u2y0": {
        "00": 0.125,
        "10": 0.1235,
        "11": 0.1279,
        "01": 0.1325
    },
    "z1y1_z0u2y1": {
        "00": 0.12465,
        "10": 0.1283,
        "11": 0.12185,
        "01": 0.1287
    },
    "z0u1y0_z0u1y1": {},
    "z0u3y0_z0u3y0": {
        "00": 0.1237,
        "10": 0.1234,
        "11": 0.1236,
        "01": 0.1212
    },
    "z1y0_z0u1y0": {
        "00": 0.25255,
        "01": 0.24745
    },
    "z0u3y0_z1y0": {
        "00": 0.2509,
        "01": 0.2465
    },
    "z0u3y1_z0u3y0": {
        "00": 0.1254,
        "10": 0.1252,
        "11": 0.1193,
        "01": 0.1289
    },
    "z0u2y0_z1y1": {
        "10": 0.2476,
        "11": 0.2508
    },
    "z0u2y1_z0u3y1": {
        "00": 0.1284,
        "10": 0.1271,
        "11": 0.1262,
        "01": 0.1281
    },
    "z0u3y1_z0u2y1": {
        "00": 0.124,
        "10": 0.1188,
        "11": 0.1254,
        "01": 0.1221
    },
    "z0u2y0_z0u3y0": {
        "00": 0.1255,
        "10": 0.122,
        "11": 0.1259,
        "01": 0.1283
    },
    "z0u1y1_z0u3y0": {
        "10": 0.2468,
        "11": 0.2563
    },
    "z0u1y1_z0u3y1": {
        "10": 0.2493,
        "11": 0.2476
    },
    "z0u2y1_z0u3y0": {
        "00": 0.1242,
        "10": 0.1221,
        "11": 0.1208,
        "01": 0.1231
    },
    "z0u1y1_z1y1": {
        "10": 0.4989,
        "11": 0.5011
    },
    "z0u2y1_z0u1y0": {
        "00": 0.253,
        "01": 0.2481
    },
    "z1y1_z0u3y1": {
        "00": 0.1236,
        "10": 0.12675,
        "11": 0.1272,
        "01": 0.1255
    },
    "z1y0_z0u3y1": {
        "00": 0.1236,
        "10": 0.12675,
        "11": 0.1272,
        "01": 0.1255
    },
    "z0u1y0_z1y0": {
        "00": 0.5034,
        "01": 0.4966
    },
    "z0u1y1_z1y0": {},
    "z0u1y1_z0u2y1": {
        "10": 0.2489,
        "11": 0.249
    },
    "z0u2y0_z0u1y0": {
        "00": 0.2522,
        "01": 0.2467
    },
    "z0u1y0_z0u2y1": {
        "00": 0.2562,
        "01": 0.2494
    },
    "z1y1_z0u2y0": {
        "00": 0.1249,
        "10": 0.12425,
        "11": 0.1256,
        "01": 0.12175
    },
    "z0u2y0_z0u1y1": {
        "10": 0.2437,
        "11": 0.2574
    },
    "z0u1y0_z0u2y0": {
        "00": 0.2462,
        "01": 0.2482
    },
    "z1y0_z0u1y1": {
        "10": 0.24965,
        "11": 0.25035
    },
    "z0u3y0_z0u2y1": {
        "00": 0.1169,
        "10": 0.1209,
        "11": 0.1266,
        "01": 0.129
    },
    "z1y0_z1y1": {
        "10": 0.2511,
        "11": 0.2489
    },
    "z0u1y1_z0u1y0": {},
    "z0u3y1_z0u3y1": {
        "00": 0.1219,
        "10": 0.1336,
        "11": 0.1246,
        "01": 0.1211
    },
    "z1y1_z1y0": {
        "00": 0.25125,
        "01": 0.24875
    },
    "z0u3y1_z0u1y0": {
        "00": 0.2504,
        "01": 0.2513
    },
    "z1y1_z0u1y1": {
        "10": 0.24965,
        "11": 0.25035
    },
    "z1y0_z1y0": {
        "00": 0.25125,
        "01": 0.24875
    },
    "z0u2y1_z1y1": {
        "10": 0.2495,
        "11": 0.2486
    },
    "z0u1y1_z0u1y1": {
        "10": 0.4946,
        "11": 0.5054
    },
    "z0u2y1_z0u1y1": {
        "10": 0.2503,
        "11": 0.2486
    },
    "z0u3y1_z0u2y0": {
        "00": 0.1254,
        "10": 0.1265,
        "11": 0.1276,
        "01": 0.1302
    },
    "z1y1_z1y1": {
        "10": 0.2511,
        "11": 0.2489
    },
    "z0u3y0_z0u1y0": {
        "00": 0.2443,
        "01": 0.2567
    },
    "z0u2y0_z0u3y1": {
        "00": 0.1285,
        "10": 0.1206,
        "11": 0.1251,
        "01": 0.1241
    },
    "z0u3y0_z0u3y1": {
        "00": 0.1291,
        "10": 0.1294,
        "11": 0.1234,
        "01": 0.1262
    },
    "z0u3y0_z1y1": {
        "10": 0.2545,
        "11": 0.2481
    },
    "z1y0_z0u2y0": {
        "00": 0.1249,
        "10": 0.12425,
        "11": 0.1256,
        "01": 0.12175
    },
    "z1y0_z0u2y1": {
        "00": 0.12465,
        "10": 0.1283,
        "11": 0.12185,
        "01": 0.1287
    },
    "z0u1y1_z0u2y0": {
        "10": 0.256,
        "11": 0.2461
    },
    "z0u3y0_z0u1y1": {
        "10": 0.2544,
        "11": 0.2446
    },
    "z0u2y0_z1y0": {
        "00": 0.2492,
        "01": 0.2524
    },
    "z0u3y1_z1y1": {
        "10": 0.2467,
        "11": 0.2471
    },
    "z0u1y0_z0u3y1": {
        "00": 0.2524,
        "01": 0.2534
    },
    "z0u2y1_z0u2y0": {
        "00": 0.1214,
        "10": 0.1274,
        "11": 0.1223,
        "01": 0.1249
    },
    "z0u2y1_z0u2y1": {
        "00": 0.1248,
        "10": 0.1279,
        "11": 0.122,
        "01": 0.1293
    },
    "z0u1y0_z0u1y0": {
        "00": 0.4885,
        "01": 0.5115
    },
    "z0u2y0_z0u2y1": {
        "00": 0.1245,
        "10": 0.1251,
        "11": 0.1182,
        "01": 0.1233
    },
    "z0u3y1_z1y0": {
        "00": 0.2487,
        "01": 0.2575
    },
    "z0u2y1_z1y0": {
        "00": 0.2456,
        "01": 0.2563
    },
    "z1y1_z0u3y0": {
        "00": 0.12715,
        "10": 0.1247,
        "11": 0.12135,
        "01": 0.12375
    },
    "z1y0_z0u3y0": {
        "00": 0.12715,
        "10": 0.1247,
        "11": 0.12135,
        "01": 0.12375
    },
    "z1y1_z0u1y0": {
        "00": 0.25255,
        "01": 0.24745
    },
    "z0u3y0_z0u2y0": {
        "00": 0.1286,
        "10": 0.1285,
        "11": 0.1281,
        "01": 0.1214
    },
    "z0u1y0_z1y1": {},
    "z0u1y0_z0u3y0": {
        "00": 0.2452,
        "01": 0.249
    }
}
