{
    "z0u3y1_z0u1y1": {
        "10": 0.2477,
        "11": 0.25
    },
    "z0u2y0_z0u2y0": {
        "00": 0.1243,
        "10": 0.1259,
        "11": 0.1264,
        "01": 0.1209
    },
    "z1y1_z0u2y1": {
        "00": 0.1271,
        "10": 0.12795,
        "11": 0.12305,
        "01": 0.1243
    },
    "z0u1y0_z0u1y1": {},
    "z0u3y0_z0u3y0": {
        "00": 0.1234,
        "10": 0.1245,
        "11": 0.1277,
        "01": 0.1235
    },
    "z1y0_z0u1y0": {
        "00": 0.25185,
        "01": 0.24815
    },
    "z0u3y0_z1y0": {
        "00": 0.2554,
        "01": 0.2431
    },
    "z0u3y1_z0u3y0": {
        "00": 0.1203,
        "10": 0.1242,
        "11": 0.1262,
        "01": 0.1246
    },
    "z0u2y0_z1y1": {
        "10": 0.2492,
        "11": 0.2513
    },
    "z0u2y1_z0u3y1": {
        "00": 0.1278,
        "10": 0.129,
        "11": 0.1242,
        "01": 0.1239
    },
    "z0u3y1_z0u2y1": {
        "00": 0.1247,
        "10": 0.1259,
        "11": 0.1263,
        "01": 0.1227
    },
    "z0u2y0_z0u3y0": {
        "00": 0.1234,
        "10": 0.1244,
        "11": 0.131,
        "01": 0.1229
    },
    "z0u1y1_z0u3y0": {
        "10": 0.2469,
        "11": 0.2566
    },
    "z0u1y1_z0u3y1": {
        "10": 0.2476,
        "11": 0.2489
    },
    "z0u2y1_z0u3y0": {
        "00": 0.1253,
        "10": 0.1268,
        "11": 0.1218,
        "01": 0.1212
    },
    "z0u1y1_z1y1": {
        "10": 0.501,
        "11": 0.499
    },
    "z0u2y1_z0u1y0": {
        "00": 0.2472,
        "01": 0.2521
    },
    "z1y1_z0u3y1": {
        "00": 0.12625,
        "10": 0.12595,
        "11": 0.12295,
        "01": 0.12495
    },
    "z1y0_z0u3y1": {
        "00": 0.12625,
        "10": 0.12595,
        "11": 0.12295,
        "01": 0.12495
    },
    "z0u1y0_z1y0": {
        "00": 0.4959,
        "01": 0.5041
    },
    "z0u1y1_z1y0": {},
    "z0u1y1_z0u2y1": {
        "10": 0.2493,
        "11": 0.2592
    },
    "z0u2y0_z0u1y0": {
        "00": 0.247,
        "01": 0.2509
    },
    "z0u1y0_z0u2y1": {
        "00": 0.2545,
        "01": 0.2445
    },
    "z1y1_z0u2y0": {
        "00": 0.12425,
        "10": 0.12675,
        "11": 0.12225,
        "01": 0.12435
    },
    "z0u2y0_z0u1y1": {
        "10": 0.2526,
        "11": 0.2495
    },
    "z0u1y0_z0u2y0": {
        "00": 0.2531,
        "01": 0.2479
    },
    "z1y0_z0u1y1": {
        "10": 0.24695,
        "11": 0.25305
    },
    "z0u3y0_z0u2y1": {
        "00": 0.126,
        "10": 0.1218,
        "11": 0.1276,
        "01": 0.1245
    },
    "z1y0_z1y1": {
        "10": 0.2414,
        "11": 0.2586
    },
    "z0u1y1_z0u1y0": {},
    "z0u3y1_z0u3y1": {
        "00": 0.122,
        "10": 0.1265,
        "11": 0.1288,
        "01": 0.1274
    },
    "z1y1_z1y0": {
        "00": 0.24765,
        "01": 0.25235
    },
    "z0u3y1_z0u1y0": {
        "00": 0.2494,
        "01": 0.2529
    },
    "z1y1_z0u1y1": {
        "10": 0.24695,
        "11": 0.25305
    },
    "z1y0_z1y0": {
        "00": 0.24765,
        "01": 0.25235
    },
    "z0u2y1_z1y1": {
        "10": 0.2497,
        "11": 0.245
    },
    "z0u1y1_z0u1y1": {
        "10": 0.5002,
        "11": 0.4998
    },
    "z0u2y1_z0u1y1": {
        "10": 0.246,
        "11": 0.2547
    },
    "z0u3y1_z0u2y0": {
        "00": 0.121,
        "10": 0.1275,
        "11": 0.1258,
        "01": 0.1261
    },
    "z1y1_z1y1": {
        "10": 0.2414,
        "11": 0.2586
    },
    "z0u3y0_z0u1y0": {
        "00": 0.2539,
        "01": 0.245
    },
    "z0u2y0_z0u3y1": {
        "00": 0.1264,
        "10": 0.1254,
        "11": 0.1231,
        "01": 0.1234
    },
    "z0u3y0_z0u3y1": {
        "00": 0.1263,
        "10": 0.1217,
        "11": 0.1289,
        "01": 0.124
    },
    "z0u3y0_z1y1": {
        "10": 0.2563,
        "11": 0.2452
    },
    "z1y0_z0u2y0": {
        "00": 0.12425,
        "10": 0.12675,
        "11": 0.12225,
        "01": 0.12435
    },
    "z1y0_z0u2y1": {
        "00": 0.1271,
        "10": 0.12795,
        "11": 0.12305,
        "01": 0.1243
    },
    "z0u1y1_z0u2y0": {
        "10": 0.2438,
        "11": 0.2477
    },
    "z0u3y0_z0u1y1": {
        "10": 0.2484,
        "11": 0.2527
    },
    "z0u2y0_z1y0": {
        "00": 0.2504,
        "01": 0.2491
    },
    "z0u3y1_z1y1": {
        "10": 0.2478,
        "11": 0.2508
    },
    "z0u1y0_z0u3y1": {
        "00": 0.2564,
        "01": 0.2468
    },
    "z0u2y1_z0u2y0": {
        "00": 0.1181,
        "10": 0.1189,
        "11": 0.1312,
        "01": 0.1286
    },
    "z0u2y1_z0u2y1": {
        "00": 0.1276,
        "10": 0.1264,
        "11": 0.1259,
        "01": 0.1233
    },
    "z0u1y0_z0u1y0": {
        "00": 0.4961,
        "01": 0.5039
    },
    "z0u2y0_z0u2y1": {
        "00": 0.1278,
        "10": 0.1232,
        "11": 0.124,
        "01": 0.1275
    },
    "z0u3y1_z1y0": {
        "00": 0.2468,
        "01": 0.2546
    },
    "z0u2y1_z1y0": {
        "00": 0.2525,
        "01": 0.2528
    },
    "z1y1_z0u3y0": {
        "00": 0.1239,
        "10": 0.1301,
        "11": 0.121,
        "01": 0.1249
    },
    "z1y0_z0u3y0": {
        "00": 0.1239,
        "10": 0.1301,
        "11": 0.121,
        "01": 0.1249
    },
    "z1y1_z0u1y0": {
        "00": 0.25185,
        "01": 0.24815
    },
    "z0u3y0_z0u2y0": {
        "00": 0.1229,
        "10": 0.1239,
        "11": 0.1247,
        "01": 0.1286
    },
    "z0u1y0_z1y1": {},
    "z0u1y0_z0u3y0": {
        "00": 0.2515,
        "01": 0.2453
    }
}
