{
    "z0u3y1_z0u1y1": {
        "00": 0.1254,
        "10": 0.1259,
        "11": 0.1254,
        "01": 0.1236
    },
    "z0u2y0_z0u2y0": {
        "00": 0.1222,
        "10": 0.1168,
        "11": 0.1273,
        "01": 0.1279
    },
    "z1y1_z0u2y1": {
        "00": 0.12595,
        "10": 0.12645,
        "11": 0.1253,
        "01": 0.1235
    },
    "z0u1y0_z0u1y1": {},
    "z0u3y0_z0u3y0": {
        "00": 0.1206,
        "10": 0.1256,
        "11": 0.1249,
        "01": 0.1264
    },
    "z1y0_z0u1y0": {
        "00": 0.1242,
        "10": 0.12465,
        "11": 0.1259,
        "01": 0.12525
    },
    "z0u3y0_z1y0": {
        "00": 0.1237,
        "10": 0.124,
        "11": 0.1276,
        "01": 0.1253
    },
    "z0u3y1_z0u3y0": {
        "00": 0.1286,
        "10": 0.1264,
        "11": 0.1162,
        "01": 0.1268
    },
    "z0u2y0_z1y1": {
        "00": 0.1276,
        "10": 0.1253,
        "11": 0.1237,
        "01": 0.1236
    },
    "z0u2y1_z0u3y1": {
        "00": 0.2598,
        "11": 0.2548
    },
    "z0u3y1_z0u2y1": {
        "10": 0.2421,
        "01": 0.2555
    },
    "z0u2y0_z0u3y0": {
        "00": 0.2488,
        "11": 0.2532
    },
    "z0u1y1_z0u3y0": {
        "00": 0.1201,
        "10": 0.1265,
        "11": 0.1241,
        "01": 0.1254
    },
    "z0u1y1_z0u3y1": {
        "00": 0.1211,
        "10": 0.131,
        "11": 0.1238,
        "01": 0.128
    },
    "z0u2y1_z0u3y0": {
        "10": 0.2405,
        "01": 0.2449
    },
    "z0u1y1_z1y1": {
        "00": 0.2473,
        "10": 0.2516,
        "11": 0.2457,
        "01": 0.2554
    },
    "z0u2y1_z0u1y0": {
        "00": 0.125,
        "10": 0.1231,
        "11": 0.1255,
        "01": 0.1255
    },
    "z1y1_z0u3y1": {
        "00": 0.12325,
        "10": 0.1278,
        "11": 0.1234,
        "01": 0.12405
    },
    "z1y0_z0u3y1": {
        "00": 0.12325,
        "10": 0.1278,
        "11": 0.1234,
        "01": 0.12405
    },
    "z0u1y0_z1y0": {
        "00": 0.2473,
        "10": 0.2475,
        "11": 0.253,
        "01": 0.2522
    },
    "z0u1y1_z1y0": {},
    "z0u1y1_z0u2y1": {
        "00": 0.1221,
        "10": 0.132,
        "11": 0.1264,
        "01": 0.1259
    },
    "z0u2y0_z0u1y0": {
        "00": 0.124,
        "10": 0.1199,
        "11": 0.126,
        "01": 0.1269
    },
    "z0u1y0_z0u2y1": {
        "00": 0.12,
        "10": 0.1232,
        "11": 0.118,
        "01": 0.1256
    },
    "z1y1_z0u2y0": {
        "00": 0.1271,
        "10": 0.1239,
        "11": 0.1245,
        "01": 0.1233
    },
    "z0u2y0_z0u1y1": {
        "00": 0.1287,
        "10": 0.1242,
        "11": 0.1223,
        "01": 0.128
    },
    "z0u1y0_z0u2y0": {
        "00": 0.123,
        "10": 0.1283,
        "11": 0.129,
        "01": 0.1329
    },
    "z1y0_z0u1y1": {
        "00": 0.12395,
        "10": 0.1237,
        "11": 0.1285,
        "01": 0.12385
    },
    "z0u3y0_z0u2y1": {
        "00": 0.2442,
        "11": 0.2511
    },
    "z1y0_z1y1": {
        "00": 0.1246,
        "10": 0.12715,
        "11": 0.12535,
        "01": 0.1229
    },
    "z0u1y1_z0u1y0": {},
    "z0u3y1_z0u3y1": {
        "00": 0.1231,
        "10": 0.1291,
        "11": 0.125,
        "01": 0.1248
    },
    "z1y1_z1y0": {
        "00": 0.12565,
        "10": 0.12415,
        "11": 0.1259,
        "01": 0.1243
    },
    "z0u3y1_z0u1y0": {
        "00": 0.1234,
        "10": 0.1262,
        "11": 0.1206,
        "01": 0.1295
    },
    "z1y1_z0u1y1": {
        "00": 0.12395,
        "10": 0.1237,
        "11": 0.1285,
        "01": 0.12385
    },
    "z1y0_z1y0": {
        "00": 0.12565,
        "10": 0.12415,
        "11": 0.1259,
        "01": 0.1243
    },
    "z0u2y1_z1y1": {
        "00": 0.1237,
        "10": 0.1261,
        "11": 0.1224,
        "01": 0.1279
    },
    "z0u1y1_z0u1y1": {
        "00": 0.2542,
        "10": 0.2524,
        "11": 0.2412,
        "01": 0.2522
    },
    "z0u2y1_z0u1y1": {
        "00": 0.1222,
        "10": 0.1235,
        "11": 0.1287,
        "01": 0.1265
    },
    "z0u3y1_z0u2y0": {
        "00": 0.2499,
        "11": 0.2525
    },
    "z1y1_z1y1": {
        "00": 0.1246,
        "10": 0.12715,
        "11": 0.12535,
        "01": 0.1229
    },
    "z0u3y0_z0u1y0": {
        "00": 0.1253,
        "10": 0.1151,
        "11": 0.1273,
        "01": 0.1233
    },
    "z0u2y0_z0u3y1": {
        "10": 0.2463,
        "01": 0.2517
    },
    "z0u3y0_z0u3y1": {
        "00": 0.1269,
        "10": 0.1263,
        "11": 0.1278,
        "01": 0.1215
    },
    "z0u3y0_z1y1": {
        "00": 0.1274,
        "10": 0.1265,
        "11": 0.1207,
        "01": 0.1248
    },
    "z1y0_z0u2y0": {
        "00": 0.1271,
        "10": 0.1239,
        "11": 0.1245,
        "01": 0.1233
    },
    "z1y0_z0u2y1": {
        "00": 0.12595,
        "10": 0.12645,
        "11": 0.1253,
        "01": 0.1235
    },
    "z0u1y1_z0u2y0": {
        "00": 0.124,
        "10": 0.1229,
        "11": 0.1202,
        "01": 0.1265
    },
    "z0u3y0_z0u1y1": {
        "00": 0.1279,
        "10": 0.122,
        "11": 0.1304,
        "01": 0.1287
    },
    "z0u2y0_z1y0": {
        "00": 0.1231,
        "10": 0.1226,
        "11": 0.1293,
        "01": 0.1248
    },
    "z0u3y1_z1y1": {
        "00": 0.1233,
        "10": 0.1304,
        "11": 0.1209,
        "01": 0.1302
    },
    "z0u1y0_z0u3y1": {
        "00": 0.1248,
        "10": 0.1233,
        "11": 0.1293,
        "01": 0.1284
    },
    "z0u2y1_z0u2y0": {
        "00": 0.1274,
        "10": 0.1283,
        "11": 0.1271,
        "01": 0.1231
    },
    "z0u2y1_z0u2y1": {
        "00": 0.1191,
        "10": 0.1228,
        "11": 0.1242,
        "01": 0.128
    },
    "z0u1y0_z0u1y0": {
        "00": 0.246,
        "10": 0.2497,
        "11": 0.252,
        "01": 0.2523
    },
    "z0u2y0_z0u2y1": {
        "00": 0.1186,
        "10": 0.1244,
        "11": 0.133,
        "01": 0.1298
    },
    "z0u3y1_z1y0": {
        "00": 0.1201,
        "10": 0.1293,
        "11": 0.1202,
        "01": 0.1256
    },
    "z0u2y1_z1y0": {
        "00": 0.1222,
        "10": 0.1311,
        "11": 0.121,
        "01": 0.1256
    },
    "z1y1_z0u3y0": {
        "00": 0.12705,
        "10": 0.1239,
        "11": 0.12765,
        "01": 0.1229
    },
    "z1y0_z0u3y0": {
        "00": 0.12705,
        "10": 0.1239,
        "11": 0.12765,
        "01": 0.1229
    },
    "z1y1_z0u1y0": {
        "00": 0.1242,
        "10": 0.12465,
        "11": 0.1259,
        "01": 0.12525
    },
    "z0u3y0_z0u2y0": {
        "10": 0.2483,
        "01": 0.2564
    },
    "z0u1y0_z1y1": {},
    "z0u1y0_z0u3y0": {
        "00": 0.1213,
        "10": 0.1261,
        "11": 0.1212,
        "01": 0.1256
    }
}
