{
    "z0u3y1_z0u1y1": {
        "10": 0.2502,
        "11": 0.25
    },
    "z0u2y0_z0u2y0": {
        "00": 0.1258,
        "10": 0.1211,
        "11": 0.127,
        "01": 0.13
    },
    "z1y1_z0u2y1": {
        "00": 0.12455,
        "10": 0.1266,
        "11": 0.12575,
        "01": 0.12455
    },
    "z0u1y0_z0u1y1": {},
    "z0u3y0_z0u3y0": {
        "00": 0.1255,
        "10": 0.1296,
        "11": 0.1224,
        "01": 0.1183
    },
    "z1y0_z0u1y0": {
        "00": 0.25095,
        "01": 0.24905
    },
    "z0u3y0_z1y0": {
        "00": 0.2587,
        "01": 0.2439
    },
    "z0u3y1_z0u3y0": {
        "00": 0.1238,
        "10": 0.1295,
        "11": 0.1274,
        "01": 0.1246
    },
    "z0u2y0_z1y1": {
        "10": 0.2507,
        "11": 0.2493
    },
    "z0u2y1_z0u3y1": {
        "00": 0.1279,
        "10": 0.1245,
        "11": 0.1312,
        "01": 0.1243
    },
    "z0u3y1_z0u2y1": {
        "00": 0.1225,
        "10": 0.128,
        "11": 0.1264,
        "01": 0.1245
    },
    "z0u2y0_z0u3y0": {
        "00": 0.133,
        "10": 0.1301,
        "11": 0.1274,
        "01": 0.1246
    },
    "z0u1y1_z0u3y0": {
        "10": 0.2519,
        "11": 0.2495
    },
    "z0u1y1_z0u3y1": {
        "10": 0.2489,
        "11": 0.2497
    },
    "z0u2y1_z0u3y0": {
        "00": 0.1205,
        "10": 0.121,
        "11": 0.1238,
        "01": 0.1268
    },
    "z0u1y1_z1y1": {
        "10": 0.5072,
        "11": 0.4928
    },
    "z0u2y1_z0u1y0": {
        "00": 0.2383,
        "01": 0.261
    },
    "z1y1_z0u3y1": {
        "00": 0.1253,
        "10": 0.12395,
        "11": 0.1254,
        "01": 0.124
    },
    "z1y0_z0u3y1": {
        "00": 0.1253,
        "10": 0.12395,
        "11": 0.1254,
        "01": 0.124
    },
    "z0u1y0_z1y0": {
        "00": 0.4994,
        "01": 0.5006
    },
    "z0u1y1_z1y0": {},
    "z0u1y1_z0u2y1": {
        "10": 0.2518,
        "11": 0.2479
    },
    "z0u2y0_z0u1y0": {
        "00": 0.2486,
        "01": 0.2559
    },
    "z0u1y0_z0u2y1": {
        "00": 0.2516,
        "01": 0.2513
    },
    "z1y1_z0u2y0": {
        "00": 0.1251,
        "10": 0.12345,
        "11": 0.1242,
        "01": 0.1258
    },
    "z0u2y0_z0u1y1": {
        "10": 0.2487,
        "11": 0.2468
    },
    "z0u1y0_z0u2y0": {
        "00": 0.2471,
        "01": 0.25
    },
    "z1y0_z0u1y1": {
        "10": 0.2458,
        "11": 0.2542
    },
    "z0u3y0_z0u2y1": {
        "00": 0.1266,
        "10": 0.1215,
        "11": 0.127,
        "01": 0.12
    },
    "z1y0_z1y1": {
        "10": 0.24555,
        "11": 0.25445
    },
    "z0u1y1_z0u1y0": {},
    "z0u3y1_z0u3y1": {
        "00": 0.1271,
        "10": 0.1231,
        "11": 0.1219,
        "01": 0.1226
    },
    "z1y1_z1y0": {
        "00": 0.25215,
        "01": 0.24785
    },
    "z0u3y1_z0u1y0": {
        "00": 0.2506,
        "01": 0.2492
    },
    "z1y1_z0u1y1": {
        "10": 0.2458,
        "11": 0.2542
    },
    "z1y0_z1y0": {
        "00": 0.25215,
        "01": 0.24785
    },
    "z0u2y1_z1y1": {
        "10": 0.2548,
        "11": 0.2479
    },
    "z0u1y1_z0u1y1": {
        "10": 0.4995,
        "11": 0.5005
    },
    "z0u2y1_z0u1y1": {
        "10": 0.2519,
        "11": 0.2488
    },
    "z0u3y1_z0u2y0": {
        "00": 0.1253,
        "10": 0.1281,
        "11": 0.1255,
        "01": 0.1197
    },
    "z1y1_z1y1": {
        "10": 0.24555,
        "11": 0.25445
    },
    "z0u3y0_z0u1y0": {
        "00": 0.2527,
        "01": 0.2509
    },
    "z0u2y0_z0u3y1": {
        "00": 0.1233,
        "10": 0.1212,
        "11": 0.121,
        "01": 0.1194
    },
    "z0u3y0_z0u3y1": {
        "00": 0.1239,
        "10": 0.1323,
        "11": 0.1241,
        "01": 0.1239
    },
    "z0u3y0_z1y1": {
        "10": 0.2444,
        "11": 0.253
    },
    "z1y0_z0u2y0": {
        "00": 0.1251,
        "10": 0.12345,
        "11": 0.1242,
        "01": 0.1258
    },
    "z1y0_z0u2y1": {
        "00": 0.12455,
        "10": 0.1266,
        "11": 0.12575,
        "01": 0.12455
    },
    "z0u1y1_z0u2y0": {
        "10": 0.2478,
        "11": 0.2525
    },
    "z0u3y0_z0u1y1": {
        "10": 0.2446,
        "11": 0.2518
    },
    "z0u2y0_z1y0": {
        "00": 0.2439,
        "01": 0.2561
    },
    "z0u3y1_z1y1": {
        "10": 0.2482,
        "11": 0.2438
    },
    "z0u1y0_z0u3y1": {
        "00": 0.243,
        "01": 0.2504
    },
    "z0u2y1_z0u2y0": {
        "00": 0.1256,
        "10": 0.1243,
        "11": 0.1243,
        "01": 0.1223
    },
    "z0u2y1_z0u2y1": {
        "00": 0.1292,
        "10": 0.1227,
        "11": 0.1262,
        "01": 0.1254
    },
    "z0u1y0_z0u1y0": {
        "00": 0.5049,
        "01": 0.4951
    },
    "z0u2y0_z0u2y1": {
        "00": 0.124,
        "10": 0.1242,
        "11": 0.1236,
        "01": 0.1243
    },
    "z0u3y1_z1y0": {
        "00": 0.2485,
        "01": 0.2595
    },
    "z0u2y1_z1y0": {
        "00": 0.25,
        "01": 0.2473
    },
    "z1y1_z0u3y0": {
        "00": 0.1241,
        "10": 0.1266,
        "11": 0.12405,
        "01": 0.1266
    },
    "z1y0_z0u3y0": {
        "00": 0.1241,
        "10": 0.1266,
        "11": 0.12405,
        "01": 0.1266
    },
    "z1y1_z0u1y0": {
        "00": 0.25095,
        "01": 0.24905
    },
    "z0u3y0_z0u2y0": {
        "00": 0.125,
        "10": 0.1263,
        "11": 0.1263,
        "01": 0.1273
    },
    "z0u1y0_z1y1": {},
    "z0u1y0_z0u3y0": {
        "00": 0.2474,
        "01": 0.2592
    }
}
