{
    "z0u3y1_z0u1y1": {
        "00": 0.1264,
        "10": 0.1283,
        "11": 0.1234,
        "01": 0.1309
    },
    "z0u2y0_z0u2y0": {
        "00": 0.1248,
        "10": 0.1199,
        "11": 0.1253,
        "01": 0.13
    },
    "z1y1_z0u2y1": {
        "00": 0.12495,
        "10": 0.1258,
        "11": 0.12725,
        "01": 0.1258
    },
    "z0u1y0_z0u1y1": {},
    "z0u3y0_z0u3y0": {
        "00": 0.1224,
        "10": 0.1244,
        "11": 0.1244,
        "01": 0.1262
    },
    "z1y0_z0u1y0": {
        "00": 0.1285,
        "10": 0.12325,
        "11": 0.1257,
        "01": 0.12255
    },
    "z0u3y0_z1y0": {
        "00": 0.1233,
        "10": 0.1243,
        "11": 0.1198,
        "01": 0.1301
    },
    "z0u3y1_z0u3y0": {
        "00": 0.1246,
        "10": 0.1225,
        "11": 0.1261,
        "01": 0.1228
    },
    "z0u2y0_z1y1": {
        "00": 0.1373,
        "10": 0.1283,
        "11": 0.1222,
        "01": 0.1175
    },
    "z0u2y1_z0u3y1": {
        "00": 0.2497,
        "11": 0.2505
    },
    "z0u3y1_z0u2y1": {
        "10": 0.2493,
        "01": 0.2449
    },
    "z0u2y0_z0u3y0": {
        "00": 0.2499,
        "11": 0.2539
    },
    "z0u1y1_z0u3y0": {
        "00": 0.121,
        "10": 0.1284,
        "11": 0.121,
        "01": 0.1249
    },
    "z0u1y1_z0u3y1": {
        "00": 0.1238,
        "10": 0.121,
        "11": 0.1264,
        "01": 0.1335
    },
    "z0u2y1_z0u3y0": {
        "10": 0.2512,
        "01": 0.2486
    },
    "z0u1y1_z1y1": {
        "00": 0.2427,
        "10": 0.254,
        "11": 0.2543,
        "01": 0.249
    },
    "z0u2y1_z0u1y0": {
        "00": 0.1224,
        "10": 0.1186,
        "11": 0.1265,
        "01": 0.1234
    },
    "z1y1_z0u3y1": {
        "00": 0.12865,
        "10": 0.1236,
        "11": 0.12475,
        "01": 0.1246
    },
    "z1y0_z0u3y1": {
        "00": 0.12865,
        "10": 0.1236,
        "11": 0.12475,
        "01": 0.1246
    },
    "z0u1y0_z1y0": {
        "00": 0.2526,
        "10": 0.2476,
        "11": 0.249,
        "01": 0.2508
    },
    "z0u1y1_z1y0": {},
    "z0u1y1_z0u2y1": {
        "00": 0.1221,
        "10": 0.1297,
        "11": 0.1238,
        "01": 0.1263
    },
    "z0u2y0_z0u1y0": {
        "00": 0.1218,
        "10": 0.1275,
        "11": 0.123,
        "01": 0.1273
    },
    "z0u1y0_z0u2y1": {
        "00": 0.1234,
        "10": 0.12,
        "11": 0.1277,
        "01": 0.1269
    },
    "z1y1_z0u2y0": {
        "00": 0.12585,
        "10": 0.1232,
        "11": 0.12445,
        "01": 0.1227
    },
    "z0u2y0_z0u1y1": {
        "00": 0.1281,
        "10": 0.124,
        "11": 0.1232,
        "01": 0.1251
    },
    "z0u1y0_z0u2y0": {
        "00": 0.127,
        "10": 0.1207,
        "11": 0.1276,
        "01": 0.1267
    },
    "z1y0_z0u1y1": {
        "00": 0.12485,
        "10": 0.12755,
        "11": 0.1244,
        "01": 0.1232
    },
    "z0u3y0_z0u2y1": {
        "00": 0.2506,
        "11": 0.2461
    },
    "z1y0_z1y1": {
        "00": 0.1267,
        "10": 0.125,
        "11": 0.12265,
        "01": 0.12565
    },
    "z0u1y1_z0u1y0": {},
    "z0u3y1_z0u3y1": {
        "00": 0.1253,
        "10": 0.1259,
        "11": 0.1265,
        "01": 0.1263
    },
    "z1y1_z1y0": {
        "00": 0.1309,
        "10": 0.12285,
        "11": 0.12295,
        "01": 0.1233
    },
    "z0u3y1_z0u1y0": {
        "00": 0.1265,
        "10": 0.1202,
        "11": 0.1192,
        "01": 0.1251
    },
    "z1y1_z0u1y1": {
        "00": 0.12485,
        "10": 0.12755,
        "11": 0.1244,
        "01": 0.1232
    },
    "z1y0_z1y0": {
        "00": 0.1309,
        "10": 0.12285,
        "11": 0.12295,
        "01": 0.1233
    },
    "z0u2y1_z1y1": {
        "00": 0.1259,
        "10": 0.1262,
        "11": 0.1211,
        "01": 0.126
    },
    "z0u1y1_z0u1y1": {
        "00": 0.2472,
        "10": 0.2492,
        "11": 0.2522,
        "01": 0.2514
    },
    "z0u2y1_z0u1y1": {
        "00": 0.1283,
        "10": 0.125,
        "11": 0.1295,
        "01": 0.1263
    },
    "z0u3y1_z0u2y0": {
        "00": 0.2578,
        "11": 0.248
    },
    "z1y1_z1y1": {
        "00": 0.1267,
        "10": 0.125,
        "11": 0.12265,
        "01": 0.12565
    },
    "z0u3y0_z0u1y0": {
        "00": 0.1281,
        "10": 0.1238,
        "11": 0.1226,
        "01": 0.1216
    },
    "z0u2y0_z0u3y1": {
        "10": 0.2497,
        "01": 0.2465
    },
    "z0u3y0_z0u3y1": {
        "00": 0.1279,
        "10": 0.1263,
        "11": 0.1291,
        "01": 0.1193
    },
    "z0u3y0_z1y1": {
        "00": 0.1278,
        "10": 0.1282,
        "11": 0.1239,
        "01": 0.1226
    },
    "z1y0_z0u2y0": {
        "00": 0.12585,
        "10": 0.1232,
        "11": 0.12445,
        "01": 0.1227
    },
    "z1y0_z0u2y1": {
        "00": 0.12495,
        "10": 0.1258,
        "11": 0.12725,
        "01": 0.1258
    },
    "z0u1y1_z0u2y0": {
        "00": 0.1201,
        "10": 0.1251,
        "11": 0.1247,
        "01": 0.1282
    },
    "z0u3y0_z0u1y1": {
        "00": 0.123,
        "10": 0.1363,
        "11": 0.124,
        "01": 0.1206
    },
    "z0u2y0_z1y0": {
        "00": 0.1293,
        "10": 0.1213,
        "11": 0.1216,
        "01": 0.1225
    },
    "z0u3y1_z1y1": {
        "00": 0.1312,
        "10": 0.1292,
        "11": 0.127,
        "01": 0.1243
    },
    "z0u1y0_z0u3y1": {
        "00": 0.1285,
        "10": 0.121,
        "11": 0.1194,
        "01": 0.1262
    },
    "z0u2y1_z0u2y0": {
        "00": 0.1262,
        "10": 0.1268,
        "11": 0.1244,
        "01": 0.1248
    },
    "z0u2y1_z0u2y1": {
        "00": 0.1252,
        "10": 0.1208,
        "11": 0.1275,
        "01": 0.1243
    },
    "z0u1y0_z0u1y0": {
        "00": 0.2496,
        "10": 0.2495,
        "11": 0.2481,
        "01": 0.2528
    },
    "z0u2y0_z0u2y1": {
        "00": 0.1256,
        "10": 0.1251,
        "11": 0.1279,
        "01": 0.1214
    },
    "z0u3y1_z1y0": {
        "00": 0.1225,
        "10": 0.1198,
        "11": 0.1295,
        "01": 0.1165
    },
    "z0u2y1_z1y0": {
        "00": 0.1228,
        "10": 0.1244,
        "11": 0.1236,
        "01": 0.13
    },
    "z1y1_z0u3y0": {
        "00": 0.12315,
        "10": 0.12455,
        "11": 0.12875,
        "01": 0.12195
    },
    "z1y0_z0u3y0": {
        "00": 0.12315,
        "10": 0.12455,
        "11": 0.12875,
        "01": 0.12195
    },
    "z1y1_z0u1y0": {
        "00": 0.1285,
        "10": 0.12325,
        "11": 0.1257,
        "01": 0.12255
    },
    "z0u3y0_z0u2y0": {
        "10": 0.2562,
        "01": 0.2471
    },
    "z0u1y0_z1y1": {},
    "z0u1y0_z0u3y0": {
        "00": 0.1261,
        "10": 0.1279,
        "11": 0.1261,
        "01": 0.1248
    }
}
