{
    "z0u3y1_z0u1y1": {
        "10": 0.258,
        "11": 0.2461
    },
    "z0u2y0_z0u2y0": {
        "00": 0.1209,
        "10": 0.1259,
        "11": 0.126,
        "01": 0.1241
    },
    "z1y1_z0u2y1": {
        "00": 0.1232,
        "10": 0.12615,
        "11": 0.1219,
        "01": 0.1213
    },
    "z0u1y0_z0u1y1": {},
    "z0u3y0_z0u3y0": {
        "00": 0.1242,
        "10": 0.125,
        "11": 0.1254,
        "01": 0.1313
    },
    "z1y0_z0u1y0": {
        "00": 0.2483,
        "01": 0.2517
    },
    "z0u3y0_z1y0": {
        "00": 0.2494,
        "01": 0.2438
    },
    "z0u3y1_z0u3y0": {
        "00": 0.132,
        "10": 0.124,
        "11": 0.1318,
        "01": 0.1211
    },
    "z0u2y0_z1y1": {
        "10": 0.2525,
        "11": 0.2488
    },
    "z0u2y1_z0u3y1": {
        "00": 0.129,
        "10": 0.1238,
        "11": 0.1254,
        "01": 0.126
    },
    "z0u3y1_z0u2y1": {
        "00": 0.1269,
        "10": 0.122,
        "11": 0.1309,
        "01": 0.127
    },
    "z0u2y0_z0u3y0": {
        "00": 0.1284,
        "10": 0.1288,
        "11": 0.1257,
        "01": 0.1207
    },
    "z0u1y1_z0u3y0": {
        "10": 0.2572,
        "11": 0.2483
    },
    "z0u1y1_z0u3y1": {
        "10": 0.2411,
        "11": 0.2534
    },
    "z0u2y1_z0u3y0": {
        "00": 0.1242,
        "10": 0.1191,
        "11": 0.1266,
        "01": 0.1259
    },
    "z0u1y1_z1y1": {
        "10": 0.5015,
        "11": 0.4985
    },
    "z0u2y1_z0u1y0": {
        "00": 0.2433,
        "01": 0.2483
    },
    "z1y1_z0u3y1": {
        "00": 0.12605,
        "10": 0.12385,
        "11": 0.1275,
        "01": 0.1273
    },
    "z1y0_z0u3y1": {
        "00": 0.12605,
        "10": 0.12385,
        "11": 0.1275,
        "01": 0.1273
    },
    "z0u1y0_z1y0": {
        "00": 0.4933,
        "01": 0.5067
    },
    "z0u1y1_z1y0": {},
    "z0u1y1_z0u2y1": {
        "10": 0.2549,
        "11": 0.2512
    },
    "z0u2y0_z0u1y0": {
        "00": 0.2441,
        "01": 0.2569
    },
    "z0u1y0_z0u2y1": {
        "00": 0.2486,
        "01": 0.2457
    },
    "z1y1_z0u2y0": {
        "00": 0.12685,
        "10": 0.12475,
        "11": 0.1272,
        "01": 0.12865
    },
    "z0u2y0_z0u1y1": {
        "10": 0.2474,
        "11": 0.2516
    },
    "z0u1y0_z0u2y0": {
        "00": 0.2487,
        "01": 0.257
    },
    "z1y0_z0u1y1": {
        "10": 0.2507,
        "11": 0.2493
    },
    "z0u3y0_z0u2y1": {
        "00": 0.1267,
        "10": 0.123,
        "11": 0.1277,
        "01": 0.1305
    },
    "z1y0_z1y1": {
        "10": 0.24765,
        "11": 0.25235
    },
    "z0u1y1_z0u1y0": {},
    "z0u3y1_z0u3y1": {
        "00": 0.1221,
        "10": 0.1238,
        "11": 0.123,
        "01": 0.1222
    },
    "z1y1_z1y0": {
        "00": 0.2508,
        "01": 0.2492
    },
    "z0u3y1_z0u1y0": {
        "00": 0.2488,
        "01": 0.2471
    },
    "z1y1_z0u1y1": {
        "10": 0.2507,
        "11": 0.2493
    },
    "z1y0_z1y0": {
        "00": 0.2508,
        "01": 0.2492
    },
    "z0u2y1_z1y1": {
        "10": 0.2497,
        "11": 0.2506
    },
    "z0u1y1_z0u1y1": {
        "10": 0.502,
        "11": 0.498
    },
    "z0u2y1_z0u1y1": {
        "10": 0.2526,
        "11": 0.2558
    },
    "z0u3y1_z0u2y0": {
        "00": 0.1255,
        "10": 0.1196,
        "11": 0.1214,
        "01": 0.1267
    },
    "z1y1_z1y1": {
        "10": 0.24765,
        "11": 0.25235
    },
    "z0u3y0_z0u1y0": {
        "00": 0.256,
        "01": 0.2467
    },
    "z0u2y0_z0u3y1": {
        "00": 0.1309,
        "10": 0.1225,
        "11": 0.1178,
        "01": 0.1252
    },
    "z0u3y0_z0u3y1": {
        "00": 0.1233,
        "10": 0.1275,
        "11": 0.1217,
        "01": 0.1216
    },
    "z0u3y0_z1y1": {
        "10": 0.2565,
        "11": 0.2503
    },
    "z1y0_z0u2y0": {
        "00": 0.12685,
        "10": 0.12475,
        "11": 0.1272,
        "01": 0.12865
    },
    "z1y0_z0u2y1": {
        "00": 0.1232,
        "10": 0.12615,
        "11": 0.1219,
        "01": 0.1213
    },
    "z0u1y1_z0u2y0": {
        "10": 0.2411,
        "11": 0.2528
    },
    "z0u3y0_z0u1y1": {
        "10": 0.2502,
        "11": 0.2471
    },
    "z0u2y0_z1y0": {
        "00": 0.2496,
        "01": 0.2491
    },
    "z0u3y1_z1y1": {
        "10": 0.2459,
        "11": 0.2491
    },
    "z0u1y0_z0u3y1": {
        "00": 0.2456,
        "01": 0.2551
    },
    "z0u2y1_z0u2y0": {
        "00": 0.1176,
        "10": 0.1199,
        "11": 0.1291,
        "01": 0.1245
    },
    "z0u2y1_z0u2y1": {
        "00": 0.1306,
        "10": 0.1239,
        "11": 0.1263,
        "01": 0.1281
    },
    "z0u1y0_z0u1y0": {
        "00": 0.5002,
        "01": 0.4998
    },
    "z0u2y0_z0u2y1": {
        "00": 0.1287,
        "10": 0.1261,
        "11": 0.1231,
        "01": 0.1252
    },
    "z0u3y1_z1y0": {
        "00": 0.253,
        "01": 0.252
    },
    "z0u2y1_z1y0": {
        "00": 0.2482,
        "01": 0.2515
    },
    "z1y1_z0u3y0": {
        "00": 0.12645,
        "10": 0.12335,
        "11": 0.1253,
        "01": 0.1202
    },
    "z1y0_z0u3y0": {
        "00": 0.12645,
        "10": 0.12335,
        "11": 0.1253,
        "01": 0.1202
    },
    "z1y1_z0u1y0": {
        "00": 0.2483,
        "01": 0.2517
    },
    "z0u3y0_z0u2y0": {
        "00": 0.1267,
        "10": 0.1242,
        "11": 0.1205,
        "01": 0.1207
    },
    "z0u1y0_z1y1": {},
    "z0u1y0_z0u3y0": {
        "00": 0.2492,
        "01": 0.2501
    }
}
