{
    "z0u3y1_z0u1y1": {
        "00": 0.1207,
        "10": 0.1208,
        "11": 0.1242,
        "01": 0.1258
    },
    "z0u2y0_z0u2y0": {
        "00": 0.1287,
        "10": 0.1254,
        "11": 0.1257,
        "01": 0.1247
    },
    "z1y1_z0u2y1": {
        "00": 0.1266,
        "10": 0.12205,
        "11": 0.12325,
        "01": 0.1257
    },
    "z0u1y0_z0u1y1": {},
    "z0u3y0_z0u3y0": {
        "00": 0.1219,
        "10": 0.1248,
        "11": 0.1171,
        "01": 0.1318
    },
    "z1y0_z0u1y0": {
        "00": 0.1269,
        "10": 0.1251,
        "11": 0.12305,
        "01": 0.12495
    },
    "z0u3y0_z1y0": {
        "00": 0.1262,
        "10": 0.1268,
        "11": 0.1222,
        "01": 0.1224
    },
    "z0u3y1_z0u3y0": {
        "00": 0.1247,
        "10": 0.1251,
        "11": 0.127,
        "01": 0.1271
    },
    "z0u2y0_z1y1": {
        "00": 0.1261,
        "10": 0.1239,
        "11": 0.1275,
        "01": 0.1263
    },
    "z0u2y1_z0u3y1": {
        "00": 0.2586,
        "11": 0.2537
    },
    "z0u3y1_z0u2y1": {
        "10": 0.2507,
        "01": 0.2524
    },
    "z0u2y0_z0u3y0": {
        "00": 0.2421,
        "11": 0.2567
    },
    "z0u1y1_z0u3y0": {
        "00": 0.1286,
        "10": 0.1262,
        "11": 0.1197,
        "01": 0.1211
    },
    "z0u1y1_z0u3y1": {
        "00": 0.1266,
        "10": 0.1219,
        "11": 0.1285,
        "01": 0.1274
    },
    "z0u2y1_z0u3y0": {
        "10": 0.2422,
        "01": 0.2455
    },
    "z0u1y1_z1y1": {
        "00": 0.2497,
        "10": 0.252,
        "11": 0.2435,
        "01": 0.2548
    },
    "z0u2y1_z0u1y0": {
        "00": 0.1236,
        "10": 0.1273,
        "11": 0.1231,
        "01": 0.1283
    },
    "z1y1_z0u3y1": {
        "00": 0.1261,
        "10": 0.12715,
        "11": 0.12635,
        "01": 0.11845
    },
    "z1y0_z0u3y1": {
        "00": 0.1261,
        "10": 0.12715,
        "11": 0.12635,
        "01": 0.11845
    },
    "z0u1y0_z1y0": {
        "00": 0.2481,
        "10": 0.2562,
        "11": 0.2497,
        "01": 0.246
    },
    "z0u1y1_z1y0": {},
    "z0u1y1_z0u2y1": {
        "00": 0.1198,
        "10": 0.1282,
        "11": 0.1232,
        "01": 0.123
    },
    "z0u2y0_z0u1y0": {
        "00": 0.1266,
        "10": 0.1232,
        "11": 0.1192,
        "01": 0.1239
    },
    "z0u1y0_z0u2y1": {
        "00": 0.1202,
        "10": 0.1244,
        "11": 0.1285,
        "01": 0.1285
    },
    "z1y1_z0u2y0": {
        "00": 0.12235,
        "10": 0.125,
        "11": 0.1261,
        "01": 0.12895
    },
    "z0u2y0_z0u1y1": {
        "00": 0.126,
        "10": 0.1277,
        "11": 0.125,
        "01": 0.1284
    },
    "z0u1y0_z0u2y0": {
        "00": 0.1283,
        "10": 0.1245,
        "11": 0.127,
        "01": 0.1186
    },
    "z1y0_z0u1y1": {
        "00": 0.12625,
        "10": 0.124,
        "11": 0.12525,
        "01": 0.1245
    },
    "z0u3y0_z0u2y1": {
        "00": 0.246,
        "11": 0.2533
    },
    "z1y0_z1y1": {
        "00": 0.124,
        "10": 0.12415,
        "11": 0.12505,
        "01": 0.1268
    },
    "z0u1y1_z0u1y0": {},
    "z0u3y1_z0u3y1": {
        "00": 0.1235,
        "10": 0.12,
        "11": 0.1276,
        "01": 0.125
    },
    "z1y1_z1y0": {
        "00": 0.12225,
        "10": 0.12605,
        "11": 0.12565,
        "01": 0.12605
    },
    "z0u3y1_z0u1y0": {
        "00": 0.128,
        "10": 0.1294,
        "11": 0.1264,
        "01": 0.1247
    },
    "z1y1_z0u1y1": {
        "00": 0.12625,
        "10": 0.124,
        "11": 0.12525,
        "01": 0.1245
    },
    "z1y0_z1y0": {
        "00": 0.12225,
        "10": 0.12605,
        "11": 0.12565,
        "01": 0.12605
    },
    "z0u2y1_z1y1": {
        "00": 0.1264,
        "10": 0.1245,
        "11": 0.124,
        "01": 0.1209
    },
    "z0u1y1_z0u1y1": {
        "00": 0.251,
        "10": 0.2462,
        "11": 0.2545,
        "01": 0.2483
    },
    "z0u2y1_z0u1y1": {
        "00": 0.1226,
        "10": 0.1239,
        "11": 0.1199,
        "01": 0.1313
    },
    "z0u3y1_z0u2y0": {
        "00": 0.2521,
        "11": 0.2448
    },
    "z1y1_z1y1": {
        "00": 0.124,
        "10": 0.12415,
        "11": 0.12505,
        "01": 0.1268
    },
    "z0u3y0_z0u1y0": {
        "00": 0.1254,
        "10": 0.123,
        "11": 0.1233,
        "01": 0.1213
    },
    "z0u2y0_z0u3y1": {
        "10": 0.2429,
        "01": 0.2583
    },
    "z0u3y0_z0u3y1": {
        "00": 0.1267,
        "10": 0.1286,
        "11": 0.1243,
        "01": 0.1248
    },
    "z0u3y0_z1y1": {
        "00": 0.1205,
        "10": 0.1271,
        "11": 0.1252,
        "01": 0.1296
    },
    "z1y0_z0u2y0": {
        "00": 0.12235,
        "10": 0.125,
        "11": 0.1261,
        "01": 0.12895
    },
    "z1y0_z0u2y1": {
        "00": 0.1266,
        "10": 0.12205,
        "11": 0.12325,
        "01": 0.1257
    },
    "z0u1y1_z0u2y0": {
        "00": 0.1256,
        "10": 0.1194,
        "11": 0.1284,
        "01": 0.1324
    },
    "z0u3y0_z0u1y1": {
        "00": 0.128,
        "10": 0.1286,
        "11": 0.1247,
        "01": 0.1257
    },
    "z0u2y0_z1y0": {
        "00": 0.1185,
        "10": 0.1311,
        "11": 0.1248,
        "01": 0.1218
    },
    "z0u3y1_z1y1": {
        "00": 0.1281,
        "10": 0.1267,
        "11": 0.122,
        "01": 0.1213
    },
    "z0u1y0_z0u3y1": {
        "00": 0.123,
        "10": 0.1254,
        "11": 0.122,
        "01": 0.1266
    },
    "z0u2y1_z0u2y0": {
        "00": 0.1238,
        "10": 0.1286,
        "11": 0.1212,
        "01": 0.1317
    },
    "z0u2y1_z0u2y1": {
        "00": 0.1233,
        "10": 0.1253,
        "11": 0.1249,
        "01": 0.1212
    },
    "z0u1y0_z0u1y0": {
        "00": 0.2471,
        "10": 0.2507,
        "11": 0.2533,
        "01": 0.2489
    },
    "z0u2y0_z0u2y1": {
        "00": 0.1259,
        "10": 0.1206,
        "11": 0.1249,
        "01": 0.1241
    },
    "z0u3y1_z1y0": {
        "00": 0.1272,
        "10": 0.1286,
        "11": 0.1237,
        "01": 0.1224
    },
    "z0u2y1_z1y0": {
        "00": 0.1235,
        "10": 0.1319,
        "11": 0.1246,
        "01": 0.1242
    },
    "z1y1_z0u3y0": {
        "00": 0.12885,
        "10": 0.1227,
        "11": 0.12425,
        "01": 0.12615
    },
    "z1y0_z0u3y0": {
        "00": 0.12885,
        "10": 0.1227,
        "11": 0.12425,
        "01": 0.12615
    },
    "z1y1_z0u1y0": {
        "00": 0.1269,
        "10": 0.1251,
        "11": 0.12305,
        "01": 0.12495
    },
    "z0u3y0_z0u2y0": {
        "10": 0.2505,
        "01": 0.2502
    },
    "z0u1y0_z1y1": {},
    "z0u1y0_z0u3y0": {
        "00": 0.125,
        "10": 0.1249,
        "11": 0.1248,
        "01": 0.1283
    }
}
