{
    "z0u3y1_z0u1y1": {
        "00": 0.1222,
        "10": 0.1256,
        "11": 0.1238,
        "01": 0.1288
    },
    "z0u2y0_z0u2y0": {
        "00": 0.1246,
        "10": 0.1227,
        "11": 0.1292,
        "01": 0.1246
    },
    "z1y1_z0u2y1": {
        "00": 0.12995,
        "10": 0.12415,
        "11": 0.1249,
        "01": 0.1215
    },
    "z0u1y0_z0u1y1": {},
    "z0u3y0_z0u3y0": {
        "00": 0.1262,
        "10": 0.1226,
        "11": 0.1207,
        "01": 0.126
    },
    "z1y0_z0u1y0": {
        "00": 0.12485,
        "10": 0.12445,
        "11": 0.12635,
        "01": 0.12435
    },
    "z0u3y0_z1y0": {
        "00": 0.1224,
        "10": 0.1238,
        "11": 0.1297,
        "01": 0.1241
    },
    "z0u3y1_z0u3y0": {
        "00": 0.1336,
        "10": 0.1219,
        "11": 0.1276,
        "01": 0.1265
    },
    "z0u2y0_z1y1": {
        "00": 0.1192,
        "10": 0.1273,
        "11": 0.1211,
        "01": 0.1262
    },
    "z0u2y1_z0u3y1": {
        "00": 0.2556,
        "11": 0.2491
    },
    "z0u3y1_z0u2y1": {
        "10": 0.2498,
        "01": 0.2525
    },
    "z0u2y0_z0u3y0": {
        "00": 0.249,
        "11": 0.2546
    },
    "z0u1y1_z0u3y0": {
        "00": 0.1239,
        "10": 0.125,
        "11": 0.123,
        "01": 0.1258
    },
    "z0u1y1_z0u3y1": {
        "00": 0.1283,
        "10": 0.1248,
        "11": 0.1233,
        "01": 0.1259
    },
    "z0u2y1_z0u3y0": {
        "10": 0.246,
        "01": 0.2493
    },
    "z0u1y1_z1y1": {
        "00": 0.2509,
        "10": 0.2534,
        "11": 0.2519,
        "01": 0.2438
    },
    "z0u2y1_z0u1y0": {
        "00": 0.1247,
        "10": 0.1283,
        "11": 0.1249,
        "01": 0.1317
    },
    "z1y1_z0u3y1": {
        "00": 0.1197,
        "10": 0.1225,
        "11": 0.124,
        "01": 0.12715
    },
    "z1y0_z0u3y1": {
        "00": 0.1197,
        "10": 0.1225,
        "11": 0.124,
        "01": 0.12715
    },
    "z0u1y0_z1y0": {
        "00": 0.2444,
        "10": 0.2461,
        "11": 0.2548,
        "01": 0.2547
    },
    "z0u1y1_z1y0": {},
    "z0u1y1_z0u2y1": {
        "00": 0.125,
        "10": 0.1229,
        "11": 0.1262,
        "01": 0.1255
    },
    "z0u2y0_z0u1y0": {
        "00": 0.1226,
        "10": 0.131,
        "11": 0.128,
        "01": 0.1209
    },
    "z0u1y0_z0u2y1": {
        "00": 0.1197,
        "10": 0.1222,
        "11": 0.1291,
        "01": 0.1248
    },
    "z1y1_z0u2y0": {
        "00": 0.1273,
        "10": 0.12085,
        "11": 0.1262,
        "01": 0.12515
    },
    "z0u2y0_z0u1y1": {
        "00": 0.1261,
        "10": 0.1284,
        "11": 0.1162,
        "01": 0.1268
    },
    "z0u1y0_z0u2y0": {
        "00": 0.1243,
        "10": 0.1245,
        "11": 0.1311,
        "01": 0.1243
    },
    "z1y0_z0u1y1": {
        "00": 0.1281,
        "10": 0.12215,
        "11": 0.12515,
        "01": 0.1246
    },
    "z0u3y0_z0u2y1": {
        "00": 0.2462,
        "11": 0.2473
    },
    "z1y0_z1y1": {
        "00": 0.1257,
        "10": 0.1233,
        "11": 0.12455,
        "01": 0.12645
    },
    "z0u1y1_z0u1y0": {},
    "z0u3y1_z0u3y1": {
        "00": 0.1194,
        "10": 0.1239,
        "11": 0.1196,
        "01": 0.1275
    },
    "z1y1_z1y0": {
        "00": 0.12535,
        "10": 0.1259,
        "11": 0.12435,
        "01": 0.1244
    },
    "z0u3y1_z0u1y0": {
        "00": 0.1273,
        "10": 0.122,
        "11": 0.123,
        "01": 0.1273
    },
    "z1y1_z0u1y1": {
        "00": 0.1281,
        "10": 0.12215,
        "11": 0.12515,
        "01": 0.1246
    },
    "z1y0_z1y0": {
        "00": 0.12535,
        "10": 0.1259,
        "11": 0.12435,
        "01": 0.1244
    },
    "z0u2y1_z1y1": {
        "00": 0.1262,
        "10": 0.1255,
        "11": 0.126,
        "01": 0.1287
    },
    "z0u1y1_z0u1y1": {
        "00": 0.2548,
        "10": 0.2486,
        "11": 0.2459,
        "01": 0.2507
    },
    "z0u2y1_z0u1y1": {
        "00": 0.124,
        "10": 0.1246,
        "11": 0.1198,
        "01": 0.122
    },
    "z0u3y1_z0u2y0": {
        "00": 0.2463,
        "11": 0.2514
    },
    "z1y1_z1y1": {
        "00": 0.1257,
        "10": 0.1233,
        "11": 0.12455,
        "01": 0.12645
    },
    "z0u3y0_z0u1y0": {
        "00": 0.1262,
        "10": 0.1235,
        "11": 0.1241,
        "01": 0.1256
    },
    "z0u2y0_z0u3y1": {
        "10": 0.243,
        "01": 0.2534
    },
    "z0u3y0_z0u3y1": {
        "00": 0.128,
        "10": 0.1243,
        "11": 0.1263,
        "01": 0.1259
    },
    "z0u3y0_z1y1": {
        "00": 0.1249,
        "10": 0.1261,
        "11": 0.128,
        "01": 0.121
    },
    "z1y0_z0u2y0": {
        "00": 0.1273,
        "10": 0.12085,
        "11": 0.1262,
        "01": 0.12515
    },
    "z1y0_z0u2y1": {
        "00": 0.12995,
        "10": 0.12415,
        "11": 0.1249,
        "01": 0.1215
    },
    "z0u1y1_z0u2y0": {
        "00": 0.1273,
        "10": 0.1276,
        "11": 0.1198,
        "01": 0.1257
    },
    "z0u3y0_z0u1y1": {
        "00": 0.127,
        "10": 0.128,
        "11": 0.1209,
        "01": 0.1247
    },
    "z0u2y0_z1y0": {
        "00": 0.1211,
        "10": 0.1276,
        "11": 0.1298,
        "01": 0.1277
    },
    "z0u3y1_z1y1": {
        "00": 0.1221,
        "10": 0.1235,
        "11": 0.1225,
        "01": 0.1271
    },
    "z0u1y0_z0u3y1": {
        "00": 0.1189,
        "10": 0.1273,
        "11": 0.1238,
        "01": 0.1253
    },
    "z0u2y1_z0u2y0": {
        "00": 0.1257,
        "10": 0.1274,
        "11": 0.1254,
        "01": 0.1216
    },
    "z0u2y1_z0u2y1": {
        "00": 0.1209,
        "10": 0.1263,
        "11": 0.127,
        "01": 0.1257
    },
    "z0u1y0_z0u1y0": {
        "00": 0.2514,
        "10": 0.2479,
        "11": 0.2497,
        "01": 0.251
    },
    "z0u2y0_z0u2y1": {
        "00": 0.1232,
        "10": 0.1279,
        "11": 0.1243,
        "01": 0.1235
    },
    "z0u3y1_z1y0": {
        "00": 0.1214,
        "10": 0.1249,
        "11": 0.1309,
        "01": 0.1276
    },
    "z0u2y1_z1y0": {
        "00": 0.1276,
        "10": 0.1255,
        "11": 0.1178,
        "01": 0.1227
    },
    "z1y1_z0u3y0": {
        "00": 0.1258,
        "10": 0.1288,
        "11": 0.1243,
        "01": 0.12775
    },
    "z1y0_z0u3y0": {
        "00": 0.1258,
        "10": 0.1288,
        "11": 0.1243,
        "01": 0.12775
    },
    "z1y1_z0u1y0": {
        "00": 0.12485,
        "10": 0.12445,
        "11": 0.12635,
        "01": 0.12435
    },
    "z0u3y0_z0u2y0": {
        "10": 0.2492,
        "01": 0.2573
    },
    "z0u1y0_z1y1": {},
    "z0u1y0_z0u3y0": {
        "00": 0.1238,
        "10": 0.128,
        "11": 0.1262,
        "01": 0.1267
    }
}
