{
    "z0u3y1_z0u1y1": {
        "10": 0.246,
        "11": 0.2469
    },
    "z0u2y0_z0u2y0": {
        "00": 0.1298,
        "10": 0.121,
        "11": 0.1324,
        "01": 0.1221
    },
    "z1y1_z0u2y1": {
        "00": 0.1236,
        "10": 0.12245,
        "11": 0.12785,
        "01": 0.1262
    },
    "z0u1y0_z0u1y1": {},
    "z0u3y0_z0u3y0": {
        "00": 0.1236,
        "10": 0.1218,
        "11": 0.1259,
        "01": 0.1226
    },
    "z1y0_z0u1y0": {
        "00": 0.24415,
        "01": 0.25585
    },
    "z0u3y0_z1y0": {
        "00": 0.2552,
        "01": 0.2392
    },
    "z0u3y1_z0u3y0": {
        "00": 0.1259,
        "10": 0.1225,
        "11": 0.1243,
        "01": 0.1239
    },
    "z0u2y0_z1y1": {
        "10": 0.2488,
        "11": 0.2552
    },
    "z0u2y1_z0u3y1": {
        "00": 0.1308,
        "10": 0.1229,
        "11": 0.1248,
        "01": 0.1244
    },
    "z0u3y1_z0u2y1": {
        "00": 0.1261,
        "10": 0.1201,
        "11": 0.1262,
        "01": 0.1203
    },
    "z0u2y0_z0u3y0": {
        "00": 0.1244,
        "10": 0.124,
        "11": 0.1258,
        "01": 0.1229
    },
    "z0u1y1_z0u3y0": {
        "10": 0.2456,
        "11": 0.2607
    },
    "z0u1y1_z0u3y1": {
        "10": 0.2478,
        "11": 0.2459
    },
    "z0u2y1_z0u3y0": {
        "00": 0.1236,
        "10": 0.1241,
        "11": 0.1232,
        "01": 0.1262
    },
    "z0u1y1_z1y1": {
        "10": 0.5069,
        "11": 0.4931
    },
    "z0u2y1_z0u1y0": {
        "00": 0.251,
        "01": 0.2465
    },
    "z1y1_z0u3y1": {
        "00": 0.1278,
        "10": 0.1279,
        "11": 0.1252,
        "01": 0.1233
    },
    "z1y0_z0u3y1": {
        "00": 0.1278,
        "10": 0.1279,
        "11": 0.1252,
        "01": 0.1233
    },
    "z0u1y0_z1y0": {
        "00": 0.4865,
        "01": 0.5135
    },
    "z0u1y1_z1y0": {},
    "z0u1y1_z0u2y1": {
        "10": 0.2574,
        "11": 0.2534
    },
    "z0u2y0_z0u1y0": {
        "00": 0.2433,
        "01": 0.252
    },
    "z0u1y0_z0u2y1": {
        "00": 0.2523,
        "01": 0.2466
    },
    "z1y1_z0u2y0": {
        "00": 0.12365,
        "10": 0.12705,
        "11": 0.12265,
        "01": 0.12655
    },
    "z0u2y0_z0u1y1": {
        "10": 0.2536,
        "11": 0.2511
    },
    "z0u1y0_z0u2y0": {
        "00": 0.2511,
        "01": 0.25
    },
    "z1y0_z0u1y1": {
        "10": 0.2497,
        "11": 0.2503
    },
    "z0u3y0_z0u2y1": {
        "00": 0.124,
        "10": 0.1278,
        "11": 0.124,
        "01": 0.1234
    },
    "z1y0_z1y1": {
        "10": 0.2506,
        "11": 0.2494
    },
    "z0u1y1_z0u1y0": {},
    "z0u3y1_z0u3y1": {
        "00": 0.1294,
        "10": 0.1253,
        "11": 0.1221,
        "01": 0.1266
    },
    "z1y1_z1y0": {
        "00": 0.2497,
        "01": 0.2503
    },
    "z0u3y1_z0u1y0": {
        "00": 0.2547,
        "01": 0.2524
    },
    "z1y1_z0u1y1": {
        "10": 0.2497,
        "11": 0.2503
    },
    "z1y0_z1y0": {
        "00": 0.2497,
        "01": 0.2503
    },
    "z0u2y1_z1y1": {
        "10": 0.2478,
        "11": 0.2537
    },
    "z0u1y1_z0u1y1": {
        "10": 0.5054,
        "11": 0.4946
    },
    "z0u2y1_z0u1y1": {
        "10": 0.2493,
        "11": 0.2532
    },
    "z0u3y1_z0u2y0": {
        "00": 0.1258,
        "10": 0.126,
        "11": 0.1261,
        "01": 0.1294
    },
    "z1y1_z1y1": {
        "10": 0.2506,
        "11": 0.2494
    },
    "z0u3y0_z0u1y0": {
        "00": 0.2448,
        "01": 0.2517
    },
    "z0u2y0_z0u3y1": {
        "00": 0.1271,
        "10": 0.1249,
        "11": 0.1289,
        "01": 0.122
    },
    "z0u3y0_z0u3y1": {
        "00": 0.1295,
        "10": 0.1222,
        "11": 0.1265,
        "01": 0.1279
    },
    "z0u3y0_z1y1": {
        "10": 0.2536,
        "11": 0.252
    },
    "z1y0_z0u2y0": {
        "00": 0.12365,
        "10": 0.12705,
        "11": 0.12265,
        "01": 0.12655
    },
    "z1y0_z0u2y1": {
        "00": 0.1236,
        "10": 0.12245,
        "11": 0.12785,
        "01": 0.1262
    },
    "z0u1y1_z0u2y0": {
        "10": 0.2397,
        "11": 0.2495
    },
    "z0u3y0_z0u1y1": {
        "10": 0.2587,
        "11": 0.2448
    },
    "z0u2y0_z1y0": {
        "00": 0.248,
        "01": 0.248
    },
    "z0u3y1_z1y1": {
        "10": 0.2539,
        "11": 0.251
    },
    "z0u1y0_z0u3y1": {
        "00": 0.2484,
        "01": 0.2513
    },
    "z0u2y1_z0u2y0": {
        "00": 0.1327,
        "10": 0.1226,
        "11": 0.1287,
        "01": 0.1244
    },
    "z0u2y1_z0u2y1": {
        "00": 0.1278,
        "10": 0.1218,
        "11": 0.1233,
        "01": 0.1187
    },
    "z0u1y0_z0u1y0": {
        "00": 0.5042,
        "01": 0.4958
    },
    "z0u2y0_z0u2y1": {
        "00": 0.124,
        "10": 0.1282,
        "11": 0.1215,
        "01": 0.121
    },
    "z0u3y1_z1y0": {
        "00": 0.2496,
        "01": 0.2455
    },
    "z0u2y1_z1y0": {
        "00": 0.2465,
        "01": 0.252
    },
    "z1y1_z0u3y0": {
        "00": 0.1231,
        "10": 0.1234,
        "11": 0.1235,
        "01": 0.1258
    },
    "z1y0_z0u3y0": {
        "00": 0.1231,
        "10": 0.1234,
        "11": 0.1235,
        "01": 0.1258
    },
    "z1y1_z0u1y0": {
        "00": 0.24415,
        "01": 0.25585
    },
    "z0u3y0_z0u2y0": {
        "00": 0.1232,
        "10": 0.1294,
        "11": 0.1235,
        "01": 0.1247
    },
    "z0u1y0_z1y1": {},
    "z0u1y0_z0u3y0": {
        "00": 0.2525,
        "01": 0.2478
    }
}
