{
    "z0u3y1_z0u1y1": {
        "00": 0.1256,
        "10": 0.1253,
        "11": 0.1205,
        "01": 0.1248
    },
    "z0u2y0_z0u2y0": {
        "00": 0.2453,
        "11": 0.2486
    },
    "z1y1_z0u2y1": {
        "00": 0.12045,
        "10": 0.1267,
        "11": 0.1273,
        "01": 0.1243
    },
    "z0u1y0_z0u1y1": {},
    "z0u3y0_z0u3y0": {
        "00": 0.2431,
        "11": 0.2529
    },
    "z1y0_z0u1y0": {
        "00": 0.1244,
        "10": 0.12375,
        "11": 0.12495,
        "01": 0.1269
    },
    "z0u3y0_z1y0": {
        "00": 0.1222,
        "10": 0.1252,
        "11": 0.1257,
        "01": 0.1291
    },
    "z0u3y1_z0u3y0": {
        "10": 0.261,
        "01": 0.2448
    },
    "z0u2y0_z1y1": {
        "00": 0.1235,
        "10": 0.1249,
        "11": 0.1288,
        "01": 0.124
    },
    "z0u2y1_z0u3y1": {
        "00": 0.1294,
        "10": 0.1238,
        "11": 0.1293,
        "01": 0.1238
    },
    "z0u3y1_z0u2y1": {
        "00": 0.1204,
        "10": 0.1266,
        "11": 0.124,
        "01": 0.1231
    },
    "z0u2y0_z0u3y0": {
        "00": 0.1256,
        "10": 0.123,
        "11": 0.1213,
        "01": 0.1315
    },
    "z0u1y1_z0u3y0": {
        "00": 0.1292,
        "10": 0.1242,
        "11": 0.1261,
        "01": 0.1204
    },
    "z0u1y1_z0u3y1": {
        "00": 0.1263,
        "10": 0.1315,
        "11": 0.1203,
        "01": 0.122
    },
    "z0u2y1_z0u3y0": {
        "00": 0.1183,
        "10": 0.129,
        "11": 0.1247,
        "01": 0.1217
    },
    "z0u1y1_z1y1": {
        "00": 0.2488,
        "10": 0.2432,
        "11": 0.2566,
        "01": 0.2514
    },
    "z0u2y1_z0u1y0": {
        "00": 0.122,
        "10": 0.1276,
        "11": 0.1279,
        "01": 0.1268
    },
    "z1y1_z0u3y1": {
        "00": 0.11905,
        "10": 0.1276,
        "11": 0.12425,
        "01": 0.12725
    },
    "z1y0_z0u3y1": {
        "00": 0.11905,
        "10": 0.1276,
        "11": 0.12425,
        "01": 0.12725
    },
    "z0u1y0_z1y0": {
        "00": 0.2483,
        "10": 0.2497,
        "11": 0.25,
        "01": 0.252
    },
    "z0u1y1_z1y0": {},
    "z0u1y1_z0u2y1": {
        "00": 0.1317,
        "10": 0.1228,
        "11": 0.1258,
        "01": 0.1229
    },
    "z0u2y0_z0u1y0": {
        "00": 0.1277,
        "10": 0.1288,
        "11": 0.1264,
        "01": 0.1227
    },
    "z0u1y0_z0u2y1": {
        "00": 0.1218,
        "10": 0.1297,
        "11": 0.1251,
        "01": 0.1266
    },
    "z1y1_z0u2y0": {
        "00": 0.12565,
        "10": 0.1245,
        "11": 0.12305,
        "01": 0.12805
    },
    "z0u2y0_z0u1y1": {
        "00": 0.125,
        "10": 0.1194,
        "11": 0.1274,
        "01": 0.1226
    },
    "z0u1y0_z0u2y0": {
        "00": 0.1222,
        "10": 0.1262,
        "11": 0.1242,
        "01": 0.1242
    },
    "z1y0_z0u1y1": {
        "00": 0.12525,
        "10": 0.1242,
        "11": 0.1285,
        "01": 0.12205
    },
    "z0u3y0_z0u2y1": {
        "00": 0.1268,
        "10": 0.1299,
        "11": 0.1182,
        "01": 0.1235
    },
    "z1y0_z1y1": {
        "00": 0.12295,
        "10": 0.12445,
        "11": 0.12445,
        "01": 0.12815
    },
    "z0u1y1_z0u1y0": {},
    "z0u3y1_z0u3y1": {
        "00": 0.2498,
        "11": 0.2444
    },
    "z1y1_z1y0": {
        "00": 0.1255,
        "10": 0.12985,
        "11": 0.1188,
        "01": 0.12585
    },
    "z0u3y1_z0u1y0": {
        "00": 0.1263,
        "10": 0.1231,
        "11": 0.1253,
        "01": 0.1291
    },
    "z1y1_z0u1y1": {
        "00": 0.12525,
        "10": 0.1242,
        "11": 0.1285,
        "01": 0.12205
    },
    "z1y0_z1y0": {
        "00": 0.1255,
        "10": 0.12985,
        "11": 0.1188,
        "01": 0.12585
    },
    "z0u2y1_z1y1": {
        "00": 0.1259,
        "10": 0.1305,
        "11": 0.1163,
        "01": 0.1272
    },
    "z0u1y1_z0u1y1": {
        "00": 0.2524,
        "10": 0.2462,
        "11": 0.2471,
        "01": 0.2543
    },
    "z0u2y1_z0u1y1": {
        "00": 0.1245,
        "10": 0.1199,
        "11": 0.124,
        "01": 0.1273
    },
    "z0u3y1_z0u2y0": {
        "00": 0.1291,
        "10": 0.1218,
        "11": 0.1307,
        "01": 0.1243
    },
    "z1y1_z1y1": {
        "00": 0.12295,
        "10": 0.12445,
        "11": 0.12445,
        "01": 0.12815
    },
    "z0u3y0_z0u1y0": {
        "00": 0.1243,
        "10": 0.125,
        "11": 0.1265,
        "01": 0.1266
    },
    "z0u2y0_z0u3y1": {
        "00": 0.1243,
        "10": 0.1238,
        "11": 0.1263,
        "01": 0.1242
    },
    "z0u3y0_z0u3y1": {
        "10": 0.2532,
        "01": 0.2508
    },
    "z0u3y0_z1y1": {
        "00": 0.1267,
        "10": 0.1263,
        "11": 0.1266,
        "01": 0.1182
    },
    "z1y0_z0u2y0": {
        "00": 0.12565,
        "10": 0.1245,
        "11": 0.12305,
        "01": 0.12805
    },
    "z1y0_z0u2y1": {
        "00": 0.12045,
        "10": 0.1267,
        "11": 0.1273,
        "01": 0.1243
    },
    "z0u1y1_z0u2y0": {
        "00": 0.1244,
        "10": 0.125,
        "11": 0.1236,
        "01": 0.1238
    },
    "z0u3y0_z0u1y1": {
        "00": 0.1266,
        "10": 0.1247,
        "11": 0.1188,
        "01": 0.1275
    },
    "z0u2y0_z1y0": {
        "00": 0.1264,
        "10": 0.1231,
        "11": 0.1253,
        "01": 0.124
    },
    "z0u3y1_z1y1": {
        "00": 0.1289,
        "10": 0.1256,
        "11": 0.129,
        "01": 0.1306
    },
    "z0u1y0_z0u3y1": {
        "00": 0.1221,
        "10": 0.1269,
        "11": 0.124,
        "01": 0.122
    },
    "z0u2y1_z0u2y0": {
        "10": 0.2526,
        "01": 0.2543
    },
    "z0u2y1_z0u2y1": {
        "00": 0.2459,
        "11": 0.2472
    },
    "z0u1y0_z0u1y0": {
        "00": 0.2565,
        "10": 0.2532,
        "11": 0.2455,
        "01": 0.2448
    },
    "z0u2y0_z0u2y1": {
        "10": 0.2575,
        "01": 0.2486
    },
    "z0u3y1_z1y0": {
        "00": 0.1229,
        "10": 0.12,
        "11": 0.1222,
        "01": 0.1208
    },
    "z0u2y1_z1y0": {
        "00": 0.1306,
        "10": 0.1213,
        "11": 0.126,
        "01": 0.1222
    },
    "z1y1_z0u3y0": {
        "00": 0.1295,
        "10": 0.12475,
        "11": 0.12495,
        "01": 0.12265
    },
    "z1y0_z0u3y0": {
        "00": 0.1295,
        "10": 0.12475,
        "11": 0.12495,
        "01": 0.12265
    },
    "z1y1_z0u1y0": {
        "00": 0.1244,
        "10": 0.12375,
        "11": 0.12495,
        "01": 0.1269
    },
    "z0u3y0_z0u2y0": {
        "00": 0.126,
        "10": 0.1216,
        "11": 0.1264,
        "01": 0.1276
    },
    "z0u1y0_z1y1": {},
    "z0u1y0_z0u3y0": {
        "00": 0.1211,
        "10": 0.1266,
        "11": 0.1286,
        "01": 0.1287
    }
}
