{
    "z0u3y1_z0u1y1": {
        "11": 0.4933
    },
    "z0u2y0_z0u2y0": {
        "00": 0.2543,
        "11": 0.2483
    },
    "z1y1_z0u2y1": {
        "00": 0.2464,
        "11": 0.2483
    },
    "z0u1y0_z0u1y1": {},
    "z0u3y0_z0u3y0": {
        "00": 0.2516,
        "11": 0.2513
    },
    "z1y0_z0u1y0": {
        "00": 0.5
    },
    "z0u3y0_z1y0": {
        "00": 0.4964
    },
    "z0u3y1_z0u3y0": {
        "00": 0.2483,
        "11": 0.2483
    },
    "z0u2y0_z1y1": {
        "11": 0.5004
    },
    "z0u2y1_z0u3y1": {
        "00": 0.2564,
        "11": 0.244
    },
    "z0u3y1_z0u2y1": {
        "00": 0.2487,
        "11": 0.2548
    },
    "z0u2y0_z0u3y0": {
        "00": 0.2432,
        "11": 0.2537
    },
    "z0u1y1_z0u3y0": {
        "11": 0.4919
    },
    "z0u1y1_z0u3y1": {
        "11": 0.5081
    },
    "z0u2y1_z0u3y0": {
        "00": 0.2478,
        "11": 0.2518
    },
    "z0u1y1_z1y1": {
        "11": 1.0
    },
    "z0u2y1_z0u1y0": {
        "00": 0.4962
    },
    "z1y1_z0u3y1": {
        "00": 0.24915,
        "11": 0.2511
    },
    "z1y0_z0u3y1": {
        "00": 0.24915,
        "11": 0.2511
    },
    "z0u1y0_z1y0": {
        "00": 1.0
    },
    "z0u1y1_z1y0": {},
    "z0u1y1_z0u2y1": {
        "11": 0.4965
    },
    "z0u2y0_z0u1y0": {
        "00": 0.5014
    },
    "z0u1y0_z0u2y1": {
        "00": 0.5055
    },
    "z1y1_z0u2y0": {
        "00": 0.2536,
        "11": 0.2517
    },
    "z0u2y0_z0u1y1": {
        "11": 0.4986
    },
    "z0u1y0_z0u2y0": {
        "00": 0.4945
    },
    "z1y0_z0u1y1": {
        "11": 0.5
    },
    "z0u3y0_z0u2y1": {
        "00": 0.2501,
        "11": 0.2524
    },
    "z1y0_z1y1": {
        "11": 0.5
    },
    "z0u1y1_z0u1y0": {},
    "z0u3y1_z0u3y1": {
        "00": 0.2549,
        "11": 0.2485
    },
    "z1y1_z1y0": {
        "00": 0.5
    },
    "z0u3y1_z0u1y0": {
        "00": 0.5067
    },
    "z1y1_z0u1y1": {
        "11": 0.5
    },
    "z1y0_z1y0": {
        "00": 0.5
    },
    "z0u2y1_z1y1": {
        "11": 0.4939
    },
    "z0u1y1_z0u1y1": {
        "11": 1.0
    },
    "z0u2y1_z0u1y1": {
        "11": 0.5038
    },
    "z0u3y1_z0u2y0": {
        "00": 0.2484,
        "11": 0.2481
    },
    "z1y1_z1y1": {
        "11": 0.5
    },
    "z0u3y0_z0u1y0": {
        "00": 0.4994
    },
    "z0u2y0_z0u3y1": {
        "00": 0.254,
        "11": 0.2491
    },
    "z0u3y0_z0u3y1": {
        "00": 0.244,
        "11": 0.2531
    },
    "z0u3y0_z1y1": {
        "11": 0.5036
    },
    "z1y0_z0u2y0": {
        "00": 0.2536,
        "11": 0.2517
    },
    "z1y0_z0u2y1": {
        "00": 0.2464,
        "11": 0.2483
    },
    "z0u1y1_z0u2y0": {
        "11": 0.5035
    },
    "z0u3y0_z0u1y1": {
        "11": 0.5006
    },
    "z0u2y0_z1y0": {
        "00": 0.4996
    },
    "z0u3y1_z1y1": {
        "11": 0.4959
    },
    "z0u1y0_z0u3y1": {
        "00": 0.4997
    },
    "z0u2y1_z0u2y0": {
        "00": 0.2569,
        "11": 0.2484
    },
    "z0u2y1_z0u2y1": {
        "00": 0.2475,
        "11": 0.2472
    },
    "z0u1y0_z0u1y0": {
        "00": 1.0
    },
    "z0u2y0_z0u2y1": {
        "00": 0.2514,
        "11": 0.246
    },
    "z0u3y1_z1y0": {
        "00": 0.5041
    },
    "z0u2y1_z1y0": {
        "00": 0.5061
    },
    "z1y1_z0u3y0": {
        "00": 0.25085,
        "11": 0.2489
    },
    "z1y0_z0u3y0": {
        "00": 0.25085,
        "11": 0.2489
    },
    "z1y1_z0u1y0": {
        "00": 0.5
    },
    "z0u3y0_z0u2y0": {
        "00": 0.2528,
        "11": 0.2447
    },
    "z0u1y0_z1y1": {},
    "z0u1y0_z0u3y0": {
        "00": 0.5003
    }
}
