{
    "z0u3y1_z0u1y1": {
        "11": 0.2494,
        "01": 0.2477
    },
    "z0u2y0_z0u2y0": {
        "00": 0.1218,
        "10": 0.1278,
        "11": 0.1254,
        "01": 0.1264
    },
    "z1y1_z0u2y1": {
        "00": 0.12415,
        "10": 0.1248,
        "11": 0.12655,
        "01": 0.1241
    },
    "z0u1y0_z0u1y1": {},
    "z0u3y0_z0u3y0": {
        "00": 0.1225,
        "10": 0.1266,
        "11": 0.1219,
        "01": 0.1226
    },
    "z1y0_z0u1y0": {
        "00": 0.2519,
        "10": 0.2481
    },
    "z0u3y0_z1y0": {
        "00": 0.2469,
        "10": 0.2481
    },
    "z0u3y1_z0u3y0": {
        "00": 0.1273,
        "10": 0.1291,
        "11": 0.1205,
        "01": 0.1227
    },
    "z0u2y0_z1y1": {
        "11": 0.2498,
        "01": 0.241
    },
    "z0u2y1_z0u3y1": {
        "00": 0.1253,
        "10": 0.1252,
        "11": 0.1279,
        "01": 0.1246
    },
    "z0u3y1_z0u2y1": {
        "00": 0.1241,
        "10": 0.1264,
        "11": 0.1231,
        "01": 0.1234
    },
    "z0u2y0_z0u3y0": {
        "00": 0.1291,
        "10": 0.1251,
        "11": 0.1221,
        "01": 0.1214
    },
    "z0u1y1_z0u3y0": {
        "11": 0.2475,
        "01": 0.2493
    },
    "z0u1y1_z0u3y1": {
        "11": 0.2532,
        "01": 0.25
    },
    "z0u2y1_z0u3y0": {
        "00": 0.1242,
        "10": 0.1175,
        "11": 0.127,
        "01": 0.1283
    },
    "z0u1y1_z1y1": {
        "11": 0.5005,
        "01": 0.4995
    },
    "z0u2y1_z0u1y0": {
        "00": 0.2476,
        "10": 0.2595
    },
    "z1y1_z0u3y1": {
        "00": 0.12545,
        "10": 0.1247,
        "11": 0.12525,
        "01": 0.1267
    },
    "z1y0_z0u3y1": {
        "00": 0.12545,
        "10": 0.1247,
        "11": 0.12525,
        "01": 0.1267
    },
    "z0u1y0_z1y0": {
        "00": 0.5041,
        "10": 0.4959
    },
    "z0u1y1_z1y0": {},
    "z0u1y1_z0u2y1": {
        "11": 0.2473,
        "01": 0.2524
    },
    "z0u2y0_z0u1y0": {
        "00": 0.2512,
        "10": 0.2551
    },
    "z0u1y0_z0u2y1": {
        "00": 0.2529,
        "10": 0.2464
    },
    "z1y1_z0u2y0": {
        "00": 0.12585,
        "10": 0.1252,
        "11": 0.12625,
        "01": 0.1231
    },
    "z0u2y0_z0u1y1": {
        "11": 0.2489,
        "01": 0.2448
    },
    "z0u1y0_z0u2y0": {
        "00": 0.2512,
        "10": 0.2495
    },
    "z1y0_z0u1y1": {
        "11": 0.2505,
        "01": 0.2495
    },
    "z0u3y0_z0u2y1": {
        "00": 0.1277,
        "10": 0.117,
        "11": 0.1295,
        "01": 0.1266
    },
    "z1y0_z1y1": {
        "11": 0.2482,
        "01": 0.2518
    },
    "z0u1y1_z0u1y0": {},
    "z0u3y1_z0u3y1": {
        "00": 0.1271,
        "10": 0.1202,
        "11": 0.1262,
        "01": 0.1269
    },
    "z1y1_z1y0": {
        "00": 0.2519,
        "10": 0.2481
    },
    "z0u3y1_z0u1y0": {
        "00": 0.2554,
        "10": 0.2475
    },
    "z1y1_z0u1y1": {
        "11": 0.2505,
        "01": 0.2495
    },
    "z1y0_z1y0": {
        "00": 0.2519,
        "10": 0.2481
    },
    "z0u2y1_z1y1": {
        "11": 0.2548,
        "01": 0.2537
    },
    "z0u1y1_z0u1y1": {
        "11": 0.504,
        "01": 0.496
    },
    "z0u2y1_z0u1y1": {
        "11": 0.2462,
        "01": 0.2467
    },
    "z0u3y1_z0u2y0": {
        "00": 0.1244,
        "10": 0.1283,
        "11": 0.1262,
        "01": 0.1241
    },
    "z1y1_z1y1": {
        "11": 0.2482,
        "01": 0.2518
    },
    "z0u3y0_z0u1y0": {
        "00": 0.2448,
        "10": 0.2526
    },
    "z0u2y0_z0u3y1": {
        "00": 0.1271,
        "10": 0.1268,
        "11": 0.1222,
        "01": 0.1262
    },
    "z0u3y0_z0u3y1": {
        "00": 0.1261,
        "10": 0.1251,
        "11": 0.1312,
        "01": 0.124
    },
    "z0u3y0_z1y1": {
        "11": 0.2479,
        "01": 0.2571
    },
    "z1y0_z0u2y0": {
        "00": 0.12585,
        "10": 0.1252,
        "11": 0.12625,
        "01": 0.1231
    },
    "z1y0_z0u2y1": {
        "00": 0.12415,
        "10": 0.1248,
        "11": 0.12655,
        "01": 0.1241
    },
    "z0u1y1_z0u2y0": {
        "11": 0.2503,
        "01": 0.25
    },
    "z0u3y0_z0u1y1": {
        "11": 0.2514,
        "01": 0.2512
    },
    "z0u2y0_z1y0": {
        "00": 0.2573,
        "10": 0.2519
    },
    "z0u3y1_z1y1": {
        "11": 0.242,
        "01": 0.2491
    },
    "z0u1y0_z0u3y1": {
        "00": 0.2554,
        "10": 0.247
    },
    "z0u2y1_z0u2y0": {
        "00": 0.1238,
        "10": 0.1247,
        "11": 0.1274,
        "01": 0.1266
    },
    "z0u2y1_z0u2y1": {
        "00": 0.1276,
        "10": 0.1188,
        "11": 0.1261,
        "01": 0.125
    },
    "z0u1y0_z0u1y0": {
        "00": 0.5007,
        "10": 0.4993
    },
    "z0u2y0_z0u2y1": {
        "00": 0.1198,
        "10": 0.1307,
        "11": 0.1196,
        "01": 0.1285
    },
    "z0u3y1_z1y0": {
        "00": 0.2512,
        "10": 0.2577
    },
    "z0u2y1_z1y0": {
        "00": 0.2401,
        "10": 0.2514
    },
    "z1y1_z0u3y0": {
        "00": 0.1237,
        "10": 0.12615,
        "11": 0.1278,
        "01": 0.12025
    },
    "z1y0_z0u3y0": {
        "00": 0.1237,
        "10": 0.12615,
        "11": 0.1278,
        "01": 0.12025
    },
    "z1y1_z0u1y0": {
        "00": 0.2519,
        "10": 0.2481
    },
    "z0u3y0_z0u2y0": {
        "00": 0.1226,
        "10": 0.1272,
        "11": 0.1227,
        "01": 0.1267
    },
    "z0u1y0_z1y1": {},
    "z0u1y0_z0u3y0": {
        "00": 0.2469,
        "10": 0.2507
    }
}
