{
    "z0u3y1_z0u1y1": {
        "11": 0.252,
        "01": 0.2419
    },
    "z0u2y0_z0u2y0": {
        "00": 0.1232,
        "10": 0.1216,
        "11": 0.122,
        "01": 0.1303
    },
    "z1y1_z0u2y1": {
        "00": 0.12615,
        "10": 0.127,
        "11": 0.125,
        "01": 0.12375
    },
    "z0u1y0_z0u1y1": {},
    "z0u3y0_z0u3y0": {
        "00": 0.1234,
        "10": 0.123,
        "11": 0.126,
        "01": 0.1277
    },
    "z1y0_z0u1y0": {
        "00": 0.252,
        "10": 0.248
    },
    "z0u3y0_z1y0": {
        "00": 0.2505,
        "10": 0.2541
    },
    "z0u3y1_z0u3y0": {
        "00": 0.1221,
        "10": 0.1277,
        "11": 0.1261,
        "01": 0.1218
    },
    "z0u2y0_z1y1": {
        "11": 0.2479,
        "01": 0.2536
    },
    "z0u2y1_z0u3y1": {
        "00": 0.1343,
        "10": 0.123,
        "11": 0.1195,
        "01": 0.1242
    },
    "z0u3y1_z0u2y1": {
        "00": 0.127,
        "10": 0.1177,
        "11": 0.134,
        "01": 0.1253
    },
    "z0u2y0_z0u3y0": {
        "00": 0.1224,
        "10": 0.1233,
        "11": 0.1238,
        "01": 0.1233
    },
    "z0u1y1_z0u3y0": {
        "11": 0.2561,
        "01": 0.2531
    },
    "z0u1y1_z0u3y1": {
        "11": 0.2485,
        "01": 0.2423
    },
    "z0u2y1_z0u3y0": {
        "00": 0.1233,
        "10": 0.1237,
        "11": 0.1296,
        "01": 0.1224
    },
    "z0u1y1_z1y1": {
        "11": 0.4956,
        "01": 0.5044
    },
    "z0u2y1_z0u1y0": {
        "00": 0.2504,
        "10": 0.2495
    },
    "z1y1_z0u3y1": {
        "00": 0.1252,
        "10": 0.1227,
        "11": 0.12195,
        "01": 0.1251
    },
    "z1y0_z0u3y1": {
        "00": 0.1252,
        "10": 0.1227,
        "11": 0.12195,
        "01": 0.1251
    },
    "z0u1y0_z1y0": {
        "00": 0.5051,
        "10": 0.4949
    },
    "z0u1y1_z1y0": {},
    "z0u1y1_z0u2y1": {
        "11": 0.2442,
        "01": 0.2532
    },
    "z0u2y0_z0u1y0": {
        "00": 0.2571,
        "10": 0.2531
    },
    "z0u1y0_z0u2y1": {
        "00": 0.2549,
        "10": 0.2463
    },
    "z1y1_z0u2y0": {
        "00": 0.1222,
        "10": 0.12465,
        "11": 0.12425,
        "01": 0.127
    },
    "z0u2y0_z0u1y1": {
        "11": 0.2476,
        "01": 0.2422
    },
    "z0u1y0_z0u2y0": {
        "00": 0.2487,
        "10": 0.2501
    },
    "z1y0_z0u1y1": {
        "11": 0.2512,
        "01": 0.2488
    },
    "z0u3y0_z0u2y1": {
        "00": 0.1248,
        "10": 0.1266,
        "11": 0.1192,
        "01": 0.1253
    },
    "z1y0_z1y1": {
        "11": 0.2523,
        "01": 0.2477
    },
    "z0u1y1_z0u1y0": {},
    "z0u3y1_z0u3y1": {
        "00": 0.1266,
        "10": 0.1254,
        "11": 0.1257,
        "01": 0.1246
    },
    "z1y1_z1y0": {
        "00": 0.25065,
        "10": 0.24935
    },
    "z0u3y1_z0u1y0": {
        "00": 0.2549,
        "10": 0.2512
    },
    "z1y1_z0u1y1": {
        "11": 0.2512,
        "01": 0.2488
    },
    "z1y0_z1y0": {
        "00": 0.25065,
        "10": 0.24935
    },
    "z0u2y1_z1y1": {
        "11": 0.2555,
        "01": 0.2491
    },
    "z0u1y1_z0u1y1": {
        "11": 0.5003,
        "01": 0.4997
    },
    "z0u2y1_z0u1y1": {
        "11": 0.2545,
        "01": 0.2456
    },
    "z0u3y1_z0u2y0": {
        "00": 0.1221,
        "10": 0.1262,
        "11": 0.123,
        "01": 0.1247
    },
    "z1y1_z1y1": {
        "11": 0.2523,
        "01": 0.2477
    },
    "z0u3y0_z0u1y0": {
        "00": 0.2469,
        "10": 0.255
    },
    "z0u2y0_z0u3y1": {
        "00": 0.1227,
        "10": 0.1302,
        "11": 0.1277,
        "01": 0.1266
    },
    "z0u3y0_z0u3y1": {
        "00": 0.1277,
        "10": 0.1187,
        "11": 0.1275,
        "01": 0.126
    },
    "z0u3y0_z1y1": {
        "11": 0.2499,
        "01": 0.2455
    },
    "z1y0_z0u2y0": {
        "00": 0.1222,
        "10": 0.12465,
        "11": 0.12425,
        "01": 0.127
    },
    "z1y0_z0u2y1": {
        "00": 0.12615,
        "10": 0.127,
        "11": 0.125,
        "01": 0.12375
    },
    "z0u1y1_z0u2y0": {
        "11": 0.2535,
        "01": 0.2491
    },
    "z0u3y0_z0u1y1": {
        "11": 0.2408,
        "01": 0.2573
    },
    "z0u2y0_z1y0": {
        "00": 0.248,
        "10": 0.2505
    },
    "z0u3y1_z1y1": {
        "11": 0.2547,
        "01": 0.2485
    },
    "z0u1y0_z0u3y1": {
        "00": 0.2532,
        "10": 0.2476
    },
    "z0u2y1_z0u2y0": {
        "00": 0.118,
        "10": 0.1295,
        "11": 0.1227,
        "01": 0.1311
    },
    "z0u2y1_z0u2y1": {
        "00": 0.1226,
        "10": 0.1228,
        "11": 0.1249,
        "01": 0.1284
    },
    "z0u1y0_z0u1y0": {
        "00": 0.4938,
        "10": 0.5062
    },
    "z0u2y0_z0u2y1": {
        "00": 0.1249,
        "10": 0.1258,
        "11": 0.1293,
        "01": 0.1229
    },
    "z0u3y1_z1y0": {
        "00": 0.253,
        "10": 0.2438
    },
    "z0u2y1_z1y0": {
        "00": 0.2465,
        "10": 0.2489
    },
    "z1y1_z0u3y0": {
        "00": 0.1282,
        "10": 0.1239,
        "11": 0.1267,
        "01": 0.12625
    },
    "z1y0_z0u3y0": {
        "00": 0.1282,
        "10": 0.1239,
        "11": 0.1267,
        "01": 0.12625
    },
    "z1y1_z0u1y0": {
        "00": 0.252,
        "10": 0.248
    },
    "z0u3y0_z0u2y0": {
        "00": 0.1264,
        "10": 0.1289,
        "11": 0.1222,
        "01": 0.1266
    },
    "z0u1y0_z1y1": {},
    "z0u1y0_z0u3y0": {
        "00": 0.2487,
        "10": 0.2505
    }
}
