{
    "z0u3y1_z0u1y1": {
        "00": 0.1194,
        "10": 0.1264,
        "11": 0.1212,
        "01": 0.1301
    },
    "z0u2y0_z0u2y0": {
        "00": 0.131,
        "10": 0.1255,
        "11": 0.1257,
        "01": 0.1195
    },
    "z1y1_z0u2y1": {
        "00": 0.12495,
        "10": 0.12505,
        "11": 0.12595,
        "01": 0.12455
    },
    "z0u1y0_z0u1y1": {},
    "z0u3y0_z0u3y0": {
        "00": 0.1224,
        "10": 0.1265,
        "11": 0.122,
        "01": 0.1281
    },
    "z1y0_z0u1y0": {
        "00": 0.12625,
        "10": 0.13145,
        "11": 0.1211,
        "01": 0.1212
    },
    "z0u3y0_z1y0": {
        "00": 0.1312,
        "10": 0.1277,
        "11": 0.1213,
        "01": 0.12
    },
    "z0u3y1_z0u3y0": {
        "00": 0.1207,
        "10": 0.1282,
        "11": 0.1201,
        "01": 0.1222
    },
    "z0u2y0_z1y1": {
        "00": 0.1303,
        "10": 0.1218,
        "11": 0.1255,
        "01": 0.1214
    },
    "z0u2y1_z0u3y1": {
        "00": 0.2499,
        "11": 0.2491
    },
    "z0u3y1_z0u2y1": {
        "10": 0.252,
        "01": 0.2508
    },
    "z0u2y0_z0u3y0": {
        "00": 0.2466,
        "11": 0.2495
    },
    "z0u1y1_z0u3y0": {
        "00": 0.1317,
        "10": 0.1258,
        "11": 0.1251,
        "01": 0.1286
    },
    "z0u1y1_z0u3y1": {
        "00": 0.1246,
        "10": 0.1212,
        "11": 0.12,
        "01": 0.123
    },
    "z0u2y1_z0u3y0": {
        "10": 0.2445,
        "01": 0.2565
    },
    "z0u1y1_z1y1": {
        "00": 0.2533,
        "10": 0.2399,
        "11": 0.2521,
        "01": 0.2547
    },
    "z0u2y1_z0u1y0": {
        "00": 0.1273,
        "10": 0.1263,
        "11": 0.1218,
        "01": 0.1272
    },
    "z1y1_z0u3y1": {
        "00": 0.12625,
        "10": 0.12695,
        "11": 0.1288,
        "01": 0.12775
    },
    "z1y0_z0u3y1": {
        "00": 0.12625,
        "10": 0.12695,
        "11": 0.1288,
        "01": 0.12775
    },
    "z0u1y0_z1y0": {
        "00": 0.2526,
        "10": 0.2478,
        "11": 0.2434,
        "01": 0.2562
    },
    "z0u1y1_z1y0": {},
    "z0u1y1_z0u2y1": {
        "00": 0.1234,
        "10": 0.1212,
        "11": 0.1257,
        "01": 0.1319
    },
    "z0u2y0_z0u1y0": {
        "00": 0.1279,
        "10": 0.1226,
        "11": 0.1244,
        "01": 0.119
    },
    "z0u1y0_z0u2y1": {
        "00": 0.1251,
        "10": 0.122,
        "11": 0.1214,
        "01": 0.1275
    },
    "z1y1_z0u2y0": {
        "00": 0.1219,
        "10": 0.12425,
        "11": 0.13125,
        "01": 0.1221
    },
    "z0u2y0_z0u1y1": {
        "00": 0.1313,
        "10": 0.1253,
        "11": 0.1238,
        "01": 0.1257
    },
    "z0u1y0_z0u2y0": {
        "00": 0.1237,
        "10": 0.1258,
        "11": 0.1246,
        "01": 0.1299
    },
    "z1y0_z0u1y1": {
        "00": 0.1258,
        "10": 0.12325,
        "11": 0.12665,
        "01": 0.1243
    },
    "z0u3y0_z0u2y1": {
        "00": 0.2433,
        "11": 0.2494
    },
    "z1y0_z1y1": {
        "00": 0.1262,
        "10": 0.1204,
        "11": 0.12625,
        "01": 0.12715
    },
    "z0u1y1_z0u1y0": {},
    "z0u3y1_z0u3y1": {
        "00": 0.1288,
        "10": 0.1223,
        "11": 0.1371,
        "01": 0.1206
    },
    "z1y1_z1y0": {
        "00": 0.12595,
        "10": 0.1259,
        "11": 0.12365,
        "01": 0.1245
    },
    "z0u3y1_z0u1y0": {
        "00": 0.1309,
        "10": 0.123,
        "11": 0.122,
        "01": 0.127
    },
    "z1y1_z0u1y1": {
        "00": 0.1258,
        "10": 0.12325,
        "11": 0.12665,
        "01": 0.1243
    },
    "z1y0_z1y0": {
        "00": 0.12595,
        "10": 0.1259,
        "11": 0.12365,
        "01": 0.1245
    },
    "z0u2y1_z1y1": {
        "00": 0.126,
        "10": 0.1225,
        "11": 0.1279,
        "01": 0.1207
    },
    "z0u1y1_z0u1y1": {
        "00": 0.2453,
        "10": 0.2477,
        "11": 0.2588,
        "01": 0.2482
    },
    "z0u2y1_z0u1y1": {
        "00": 0.1219,
        "10": 0.1281,
        "11": 0.1233,
        "01": 0.1241
    },
    "z0u3y1_z0u2y0": {
        "00": 0.2532,
        "11": 0.244
    },
    "z1y1_z1y1": {
        "00": 0.1262,
        "10": 0.1204,
        "11": 0.12625,
        "01": 0.12715
    },
    "z0u3y0_z0u1y0": {
        "00": 0.1272,
        "10": 0.1299,
        "11": 0.1207,
        "01": 0.125
    },
    "z0u2y0_z0u3y1": {
        "10": 0.2572,
        "01": 0.2467
    },
    "z0u3y0_z0u3y1": {
        "00": 0.1311,
        "10": 0.1209,
        "11": 0.1256,
        "01": 0.1234
    },
    "z0u3y0_z1y1": {
        "00": 0.1259,
        "10": 0.1235,
        "11": 0.1204,
        "01": 0.13
    },
    "z1y0_z0u2y0": {
        "00": 0.1219,
        "10": 0.12425,
        "11": 0.13125,
        "01": 0.1221
    },
    "z1y0_z0u2y1": {
        "00": 0.12495,
        "10": 0.12505,
        "11": 0.12595,
        "01": 0.12455
    },
    "z0u1y1_z0u2y0": {
        "00": 0.1271,
        "10": 0.1229,
        "11": 0.1249,
        "01": 0.1229
    },
    "z0u3y0_z0u1y1": {
        "00": 0.1209,
        "10": 0.1262,
        "11": 0.1213,
        "01": 0.1288
    },
    "z0u2y0_z1y0": {
        "00": 0.1268,
        "10": 0.1256,
        "11": 0.1226,
        "01": 0.126
    },
    "z0u3y1_z1y1": {
        "00": 0.1294,
        "10": 0.126,
        "11": 0.1222,
        "01": 0.1284
    },
    "z0u1y0_z0u3y1": {
        "00": 0.1279,
        "10": 0.1263,
        "11": 0.1197,
        "01": 0.1269
    },
    "z0u2y1_z0u2y0": {
        "00": 0.1189,
        "10": 0.1297,
        "11": 0.1289,
        "01": 0.1254
    },
    "z0u2y1_z0u2y1": {
        "00": 0.1234,
        "10": 0.1236,
        "11": 0.1213,
        "01": 0.1288
    },
    "z0u1y0_z0u1y0": {
        "00": 0.2494,
        "10": 0.2443,
        "11": 0.2506,
        "01": 0.2557
    },
    "z0u2y0_z0u2y1": {
        "00": 0.1263,
        "10": 0.1206,
        "11": 0.1227,
        "01": 0.1287
    },
    "z0u3y1_z1y0": {
        "00": 0.1219,
        "10": 0.1231,
        "11": 0.1254,
        "01": 0.1236
    },
    "z0u2y1_z1y0": {
        "00": 0.1305,
        "10": 0.1253,
        "11": 0.1271,
        "01": 0.12
    },
    "z1y1_z0u3y0": {
        "00": 0.12625,
        "10": 0.12235,
        "11": 0.1203,
        "01": 0.12135
    },
    "z1y0_z0u3y0": {
        "00": 0.12625,
        "10": 0.12235,
        "11": 0.1203,
        "01": 0.12135
    },
    "z1y1_z0u1y0": {
        "00": 0.12625,
        "10": 0.13145,
        "11": 0.1211,
        "01": 0.1212
    },
    "z0u3y0_z0u2y0": {
        "10": 0.2562,
        "01": 0.2511
    },
    "z0u1y0_z1y1": {},
    "z0u1y0_z0u3y0": {
        "00": 0.1181,
        "10": 0.1247,
        "11": 0.1244,
        "01": 0.132
    }
}
