{
    "z0u3y1_z0u1y1": {
        "11": 0.5087
    },
    "z0u2y0_z0u2y0": {
        "00": 0.2486,
        "11": 0.2528
    },
    "z1y1_z0u2y1": {
        "00": 0.24745,
        "11": 0.2482
    },
    "z0u1y0_z0u1y1": {},
    "z0u3y0_z0u3y0": {
        "00": 0.2485,
        "11": 0.2548
    },
    "z1y0_z0u1y0": {
        "00": 0.5
    },
    "z0u3y0_z1y0": {
        "00": 0.4921
    },
    "z0u3y1_z0u3y0": {
        "00": 0.2475,
        "11": 0.253
    },
    "z0u2y0_z1y1": {
        "11": 0.5057
    },
    "z0u2y1_z0u3y1": {
        "00": 0.2495,
        "11": 0.2541
    },
    "z0u3y1_z0u2y1": {
        "00": 0.2575,
        "11": 0.2467
    },
    "z0u2y0_z0u3y0": {
        "00": 0.2595,
        "11": 0.246
    },
    "z0u1y1_z0u3y0": {
        "11": 0.5083
    },
    "z0u1y1_z0u3y1": {
        "11": 0.4917
    },
    "z0u2y1_z0u3y0": {
        "00": 0.2472,
        "11": 0.2492
    },
    "z0u1y1_z1y1": {
        "11": 1.0
    },
    "z0u2y1_z0u1y0": {
        "00": 0.4978
    },
    "z1y1_z0u3y1": {
        "00": 0.2501,
        "11": 0.2542
    },
    "z1y0_z0u3y1": {
        "00": 0.2501,
        "11": 0.2542
    },
    "z0u1y0_z1y0": {
        "00": 1.0
    },
    "z0u1y1_z1y0": {},
    "z0u1y1_z0u2y1": {
        "11": 0.5068
    },
    "z0u2y0_z0u1y0": {
        "00": 0.5079
    },
    "z0u1y0_z0u2y1": {
        "00": 0.5029
    },
    "z1y1_z0u2y0": {
        "00": 0.25255,
        "11": 0.2518
    },
    "z0u2y0_z0u1y1": {
        "11": 0.4921
    },
    "z0u1y0_z0u2y0": {
        "00": 0.4971
    },
    "z1y0_z0u1y1": {
        "11": 0.5
    },
    "z0u3y0_z0u2y1": {
        "00": 0.254,
        "11": 0.2527
    },
    "z1y0_z1y1": {
        "11": 0.5
    },
    "z0u1y1_z0u1y0": {},
    "z0u3y1_z0u3y1": {
        "00": 0.2462,
        "11": 0.2533
    },
    "z1y1_z1y0": {
        "00": 0.5
    },
    "z0u3y1_z0u1y0": {
        "00": 0.4913
    },
    "z1y1_z0u1y1": {
        "11": 0.5
    },
    "z1y0_z1y0": {
        "00": 0.5
    },
    "z0u2y1_z1y1": {
        "11": 0.5043
    },
    "z0u1y1_z0u1y1": {
        "11": 1.0
    },
    "z0u2y1_z0u1y1": {
        "11": 0.5022
    },
    "z0u3y1_z0u2y0": {
        "00": 0.2498,
        "11": 0.246
    },
    "z1y1_z1y1": {
        "11": 0.5
    },
    "z0u3y0_z0u1y0": {
        "00": 0.4981
    },
    "z0u2y0_z0u3y1": {
        "00": 0.2474,
        "11": 0.2471
    },
    "z0u3y0_z0u3y1": {
        "00": 0.2449,
        "11": 0.2518
    },
    "z0u3y0_z1y1": {
        "11": 0.5079
    },
    "z1y0_z0u2y0": {
        "00": 0.25255,
        "11": 0.2518
    },
    "z1y0_z0u2y1": {
        "00": 0.24745,
        "11": 0.2482
    },
    "z0u1y1_z0u2y0": {
        "11": 0.4932
    },
    "z0u3y0_z0u1y1": {
        "11": 0.5019
    },
    "z0u2y0_z1y0": {
        "00": 0.4943
    },
    "z0u3y1_z1y1": {
        "11": 0.5025
    },
    "z0u1y0_z0u3y1": {
        "00": 0.5016
    },
    "z0u2y1_z0u2y0": {
        "00": 0.2487,
        "11": 0.2454
    },
    "z0u2y1_z0u2y1": {
        "00": 0.2583,
        "11": 0.2476
    },
    "z0u1y0_z0u1y0": {
        "00": 1.0
    },
    "z0u2y0_z0u2y1": {
        "00": 0.2463,
        "11": 0.2523
    },
    "z0u3y1_z1y0": {
        "00": 0.4975
    },
    "z0u2y1_z1y0": {
        "00": 0.4957
    },
    "z1y1_z0u3y0": {
        "00": 0.2499,
        "11": 0.2458
    },
    "z1y0_z0u3y0": {
        "00": 0.2499,
        "11": 0.2458
    },
    "z1y1_z0u1y0": {
        "00": 0.5
    },
    "z0u3y0_z0u2y0": {
        "00": 0.2478,
        "11": 0.2455
    },
    "z0u1y0_z1y1": {},
    "z0u1y0_z0u3y0": {
        "00": 0.4984
    }
}
