{
    "z0u3y1_z0u1y1": {
        "10": 0.2523,
        "11": 0.2509
    },
    "z0u2y0_z0u2y0": {
        "00": 0.1186,
        "10": 0.1231,
        "11": 0.1239,
        "01": 0.1248
    },
    "z1y1_z0u2y1": {
        "00": 0.12205,
        "10": 0.1251,
        "11": 0.1237,
        "01": 0.1249
    },
    "z0u1y0_z0u1y1": {},
    "z0u3y0_z0u3y0": {
        "00": 0.1298,
        "10": 0.1255,
        "11": 0.121,
        "01": 0.1224
    },
    "z1y0_z0u1y0": {
        "00": 0.24745,
        "01": 0.25255
    },
    "z0u3y0_z1y0": {
        "00": 0.2557,
        "01": 0.2401
    },
    "z0u3y1_z0u3y0": {
        "00": 0.1252,
        "10": 0.1243,
        "11": 0.1307,
        "01": 0.1218
    },
    "z0u2y0_z1y1": {
        "10": 0.2407,
        "11": 0.2548
    },
    "z0u2y1_z0u3y1": {
        "00": 0.1272,
        "10": 0.1219,
        "11": 0.1256,
        "01": 0.1271
    },
    "z0u3y1_z0u2y1": {
        "00": 0.1297,
        "10": 0.1263,
        "11": 0.1259,
        "01": 0.119
    },
    "z0u2y0_z0u3y0": {
        "00": 0.124,
        "10": 0.1237,
        "11": 0.1261,
        "01": 0.1268
    },
    "z0u1y1_z0u3y0": {
        "10": 0.2505,
        "11": 0.2556
    },
    "z0u1y1_z0u3y1": {
        "10": 0.2487,
        "11": 0.2452
    },
    "z0u2y1_z0u3y0": {
        "00": 0.1232,
        "10": 0.1232,
        "11": 0.1287,
        "01": 0.1231
    },
    "z0u1y1_z1y1": {
        "10": 0.4954,
        "11": 0.5046
    },
    "z0u2y1_z0u1y0": {
        "00": 0.2467,
        "01": 0.2571
    },
    "z1y1_z0u3y1": {
        "00": 0.124,
        "10": 0.12605,
        "11": 0.12355,
        "01": 0.1226
    },
    "z1y0_z0u3y1": {
        "00": 0.124,
        "10": 0.12605,
        "11": 0.12355,
        "01": 0.1226
    },
    "z0u1y0_z1y0": {
        "00": 0.498,
        "01": 0.502
    },
    "z0u1y1_z1y0": {},
    "z0u1y1_z0u2y1": {
        "10": 0.2473,
        "11": 0.2507
    },
    "z0u2y0_z0u1y0": {
        "00": 0.2472,
        "01": 0.2573
    },
    "z0u1y0_z0u2y1": {
        "00": 0.2441,
        "01": 0.2525
    },
    "z1y1_z0u2y0": {
        "00": 0.12895,
        "10": 0.1255,
        "11": 0.1257,
        "01": 0.1241
    },
    "z0u2y0_z0u1y1": {
        "10": 0.2476,
        "11": 0.2479
    },
    "z0u1y0_z0u2y0": {
        "00": 0.254,
        "01": 0.2494
    },
    "z1y0_z0u1y1": {
        "10": 0.2465,
        "11": 0.2535
    },
    "z0u3y0_z0u2y1": {
        "00": 0.1229,
        "10": 0.121,
        "11": 0.1227,
        "01": 0.1258
    },
    "z1y0_z1y1": {
        "10": 0.2507,
        "11": 0.2493
    },
    "z0u1y1_z0u1y0": {},
    "z0u3y1_z0u3y1": {
        "00": 0.1238,
        "10": 0.1276,
        "11": 0.1232,
        "01": 0.1234
    },
    "z1y1_z1y0": {
        "00": 0.24875,
        "01": 0.25125
    },
    "z0u3y1_z0u1y0": {
        "00": 0.246,
        "01": 0.2508
    },
    "z1y1_z0u1y1": {
        "10": 0.2465,
        "11": 0.2535
    },
    "z1y0_z1y0": {
        "00": 0.24875,
        "01": 0.25125
    },
    "z0u2y1_z1y1": {
        "10": 0.2467,
        "11": 0.2455
    },
    "z0u1y1_z0u1y1": {
        "10": 0.5094,
        "11": 0.4906
    },
    "z0u2y1_z0u1y1": {
        "10": 0.2418,
        "11": 0.2544
    },
    "z0u3y1_z0u2y0": {
        "00": 0.1293,
        "10": 0.1268,
        "11": 0.1141,
        "01": 0.1289
    },
    "z1y1_z1y1": {
        "10": 0.2507,
        "11": 0.2493
    },
    "z0u3y0_z0u1y0": {
        "00": 0.253,
        "01": 0.2539
    },
    "z0u2y0_z0u3y1": {
        "00": 0.1238,
        "10": 0.1214,
        "11": 0.1324,
        "01": 0.1218
    },
    "z0u3y0_z0u3y1": {
        "00": 0.1271,
        "10": 0.1271,
        "11": 0.1249,
        "01": 0.1222
    },
    "z0u3y0_z1y1": {
        "10": 0.2514,
        "11": 0.2528
    },
    "z1y0_z0u2y0": {
        "00": 0.12895,
        "10": 0.1255,
        "11": 0.1257,
        "01": 0.1241
    },
    "z1y0_z0u2y1": {
        "00": 0.12205,
        "10": 0.1251,
        "11": 0.1237,
        "01": 0.1249
    },
    "z0u1y1_z0u2y0": {
        "10": 0.2489,
        "11": 0.2531
    },
    "z0u3y0_z0u1y1": {
        "10": 0.2464,
        "11": 0.2467
    },
    "z0u2y0_z1y0": {
        "00": 0.2524,
        "01": 0.2521
    },
    "z0u3y1_z1y1": {
        "10": 0.2472,
        "11": 0.2486
    },
    "z0u1y0_z0u3y1": {
        "00": 0.2479,
        "01": 0.2473
    },
    "z0u2y1_z0u2y0": {
        "00": 0.1264,
        "10": 0.1234,
        "11": 0.1235,
        "01": 0.1268
    },
    "z0u2y1_z0u2y1": {
        "00": 0.1235,
        "10": 0.1252,
        "11": 0.1187,
        "01": 0.1325
    },
    "z0u1y0_z0u1y0": {
        "00": 0.5061,
        "01": 0.4939
    },
    "z0u2y0_z0u2y1": {
        "00": 0.1319,
        "10": 0.1289,
        "11": 0.1226,
        "01": 0.1262
    },
    "z0u3y1_z1y0": {
        "00": 0.2507,
        "01": 0.2535
    },
    "z0u2y1_z1y0": {
        "00": 0.2506,
        "01": 0.2572
    },
    "z1y1_z0u3y0": {
        "00": 0.1293,
        "10": 0.12425,
        "11": 0.12615,
        "01": 0.1241
    },
    "z1y0_z0u3y0": {
        "00": 0.1293,
        "10": 0.12425,
        "11": 0.12615,
        "01": 0.1241
    },
    "z1y1_z0u1y0": {
        "00": 0.24745,
        "01": 0.25255
    },
    "z0u3y0_z0u2y0": {
        "00": 0.1299,
        "10": 0.1268,
        "11": 0.1292,
        "01": 0.1217
    },
    "z0u1y0_z1y1": {},
    "z0u1y0_z0u3y0": {
        "00": 0.2524,
        "01": 0.2524
    }
}
