{
    "z0u3y1_z0u1y1": {
        "10": 0.2488,
        "11": 0.2497
    },
    "z0u2y0_z0u2y0": {
        "00": 0.1269,
        "10": 0.1288,
        "11": 0.1192,
        "01": 0.1256
    },
    "z1y1_z0u2y1": {
        "00": 0.12235,
        "10": 0.12405,
        "11": 0.1267,
        "01": 0.124
    },
    "z0u1y0_z0u1y1": {},
    "z0u3y0_z0u3y0": {
        "00": 0.1221,
        "10": 0.1255,
        "11": 0.1196,
        "01": 0.1298
    },
    "z1y0_z0u1y0": {
        "00": 0.2488,
        "01": 0.2512
    },
    "z0u3y0_z1y0": {
        "00": 0.2495,
        "01": 0.2506
    },
    "z0u3y1_z0u3y0": {
        "00": 0.1221,
        "10": 0.1222,
        "11": 0.1246,
        "01": 0.1241
    },
    "z0u2y0_z1y1": {
        "10": 0.2543,
        "11": 0.2496
    },
    "z0u2y1_z0u3y1": {
        "00": 0.1278,
        "10": 0.125,
        "11": 0.1184,
        "01": 0.1202
    },
    "z0u3y1_z0u2y1": {
        "00": 0.13,
        "10": 0.1146,
        "11": 0.1285,
        "01": 0.1253
    },
    "z0u2y0_z0u3y0": {
        "00": 0.1275,
        "10": 0.1241,
        "11": 0.1266,
        "01": 0.1178
    },
    "z0u1y1_z0u3y0": {
        "10": 0.2405,
        "11": 0.2526
    },
    "z0u1y1_z0u3y1": {
        "10": 0.2496,
        "11": 0.2573
    },
    "z0u2y1_z0u3y0": {
        "00": 0.1259,
        "10": 0.1264,
        "11": 0.1257,
        "01": 0.1306
    },
    "z0u1y1_z1y1": {
        "10": 0.5004,
        "11": 0.4996
    },
    "z0u2y1_z0u1y0": {
        "00": 0.248,
        "01": 0.2448
    },
    "z1y1_z0u3y1": {
        "00": 0.1237,
        "10": 0.1293,
        "11": 0.12165,
        "01": 0.12475
    },
    "z1y0_z0u3y1": {
        "00": 0.1237,
        "10": 0.1293,
        "11": 0.12165,
        "01": 0.12475
    },
    "z0u1y0_z1y0": {
        "00": 0.5045,
        "01": 0.4955
    },
    "z0u1y1_z1y0": {},
    "z0u1y1_z0u2y1": {
        "10": 0.2575,
        "11": 0.245
    },
    "z0u2y0_z0u1y0": {
        "00": 0.2469,
        "01": 0.2498
    },
    "z0u1y0_z0u2y1": {
        "00": 0.246,
        "01": 0.2456
    },
    "z1y1_z0u2y0": {
        "00": 0.12955,
        "10": 0.1288,
        "11": 0.12045,
        "01": 0.1241
    },
    "z0u2y0_z0u1y1": {
        "10": 0.2529,
        "11": 0.2504
    },
    "z0u1y0_z0u2y0": {
        "00": 0.2612,
        "01": 0.2472
    },
    "z1y0_z0u1y1": {
        "10": 0.25045,
        "11": 0.24955
    },
    "z0u3y0_z0u2y1": {
        "00": 0.1274,
        "10": 0.1278,
        "11": 0.1244,
        "01": 0.1292
    },
    "z1y0_z1y1": {
        "10": 0.2528,
        "11": 0.2472
    },
    "z0u1y1_z0u1y0": {},
    "z0u3y1_z0u3y1": {
        "00": 0.126,
        "10": 0.1239,
        "11": 0.1246,
        "01": 0.1325
    },
    "z1y1_z1y0": {
        "00": 0.2469,
        "01": 0.2531
    },
    "z0u3y1_z0u1y0": {
        "00": 0.2561,
        "01": 0.2454
    },
    "z1y1_z0u1y1": {
        "10": 0.25045,
        "11": 0.24955
    },
    "z1y0_z1y0": {
        "00": 0.2469,
        "01": 0.2531
    },
    "z0u2y1_z1y1": {
        "10": 0.2468,
        "11": 0.2525
    },
    "z0u1y1_z0u1y1": {
        "10": 0.5006,
        "11": 0.4994
    },
    "z0u2y1_z0u1y1": {
        "10": 0.2551,
        "11": 0.2521
    },
    "z0u3y1_z0u2y0": {
        "00": 0.1269,
        "10": 0.1278,
        "11": 0.1202,
        "01": 0.1267
    },
    "z1y1_z1y1": {
        "10": 0.2528,
        "11": 0.2472
    },
    "z0u3y0_z0u1y0": {
        "00": 0.2502,
        "01": 0.2435
    },
    "z0u2y0_z0u3y1": {
        "00": 0.1224,
        "10": 0.1267,
        "11": 0.1291,
        "01": 0.1258
    },
    "z0u3y0_z0u3y1": {
        "00": 0.1326,
        "10": 0.1213,
        "11": 0.1246,
        "01": 0.1245
    },
    "z0u3y0_z1y1": {
        "10": 0.2514,
        "11": 0.2485
    },
    "z1y0_z0u2y0": {
        "00": 0.12955,
        "10": 0.1288,
        "11": 0.12045,
        "01": 0.1241
    },
    "z1y0_z0u2y1": {
        "00": 0.12235,
        "10": 0.12405,
        "11": 0.1267,
        "01": 0.124
    },
    "z0u1y1_z0u2y0": {
        "10": 0.2488,
        "11": 0.2487
    },
    "z0u3y0_z0u1y1": {
        "10": 0.2486,
        "11": 0.2577
    },
    "z0u2y0_z1y0": {
        "00": 0.2432,
        "01": 0.2529
    },
    "z0u3y1_z1y1": {
        "10": 0.2431,
        "11": 0.25
    },
    "z0u1y0_z0u3y1": {
        "00": 0.2546,
        "01": 0.2499
    },
    "z0u2y1_z0u2y0": {
        "00": 0.126,
        "10": 0.124,
        "11": 0.1261,
        "01": 0.1222
    },
    "z0u2y1_z0u2y1": {
        "00": 0.1243,
        "10": 0.1288,
        "11": 0.1236,
        "01": 0.125
    },
    "z0u1y0_z0u1y0": {
        "00": 0.5056,
        "01": 0.4944
    },
    "z0u2y0_z0u2y1": {
        "00": 0.1268,
        "10": 0.1262,
        "11": 0.129,
        "01": 0.1175
    },
    "z0u3y1_z1y0": {
        "00": 0.2537,
        "01": 0.2532
    },
    "z0u2y1_z1y0": {
        "00": 0.2521,
        "01": 0.2486
    },
    "z1y1_z0u3y0": {
        "00": 0.1245,
        "10": 0.12515,
        "11": 0.1239,
        "01": 0.12705
    },
    "z1y0_z0u3y0": {
        "00": 0.1245,
        "10": 0.12515,
        "11": 0.1239,
        "01": 0.12705
    },
    "z1y1_z0u1y0": {
        "00": 0.2488,
        "01": 0.2512
    },
    "z0u3y0_z0u2y0": {
        "00": 0.1235,
        "10": 0.119,
        "11": 0.1239,
        "01": 0.1248
    },
    "z0u1y0_z1y1": {},
    "z0u1y0_z0u3y0": {
        "00": 0.2466,
        "01": 0.2489
    }
}
