{
    "z0u3y1_z0u1y1": {
        "00": 0.126,
        "10": 0.1288,
        "11": 0.1208,
        "01": 0.1262
    },
    "z0u2y0_z0u2y0": {
        "00": 0.1179,
        "10": 0.1241,
        "11": 0.1274,
        "01": 0.1254
    },
    "z1y1_z0u2y1": {
        "00": 0.12195,
        "10": 0.12445,
        "11": 0.1239,
        "01": 0.1245
    },
    "z0u1y0_z0u1y1": {},
    "z0u3y0_z0u3y0": {
        "00": 0.1267,
        "10": 0.1234,
        "11": 0.1252,
        "01": 0.1275
    },
    "z1y0_z0u1y0": {
        "00": 0.12495,
        "10": 0.12455,
        "11": 0.1222,
        "01": 0.1283
    },
    "z0u3y0_z1y0": {
        "00": 0.1253,
        "10": 0.1249,
        "11": 0.1314,
        "01": 0.1222
    },
    "z0u3y1_z0u3y0": {
        "00": 0.1253,
        "10": 0.1254,
        "11": 0.1234,
        "01": 0.1233
    },
    "z0u2y0_z1y1": {
        "00": 0.13,
        "10": 0.1266,
        "11": 0.1224,
        "01": 0.1259
    },
    "z0u2y1_z0u3y1": {
        "00": 0.2471,
        "11": 0.2512
    },
    "z0u3y1_z0u2y1": {
        "10": 0.2477,
        "01": 0.2499
    },
    "z0u2y0_z0u3y0": {
        "00": 0.2545,
        "11": 0.2447
    },
    "z0u1y1_z0u3y0": {
        "00": 0.1252,
        "10": 0.1273,
        "11": 0.13,
        "01": 0.1241
    },
    "z0u1y1_z0u3y1": {
        "00": 0.1244,
        "10": 0.1259,
        "11": 0.1209,
        "01": 0.1222
    },
    "z0u2y1_z0u3y0": {
        "10": 0.2523,
        "01": 0.2494
    },
    "z0u1y1_z1y1": {
        "00": 0.2482,
        "10": 0.2595,
        "11": 0.2457,
        "01": 0.2466
    },
    "z0u2y1_z0u1y0": {
        "00": 0.126,
        "10": 0.1147,
        "11": 0.1231,
        "01": 0.1234
    },
    "z1y1_z0u3y1": {
        "00": 0.13275,
        "10": 0.12165,
        "11": 0.12315,
        "01": 0.12765
    },
    "z1y0_z0u3y1": {
        "00": 0.13275,
        "10": 0.12165,
        "11": 0.12315,
        "01": 0.12765
    },
    "z0u1y0_z1y0": {
        "00": 0.2521,
        "10": 0.2481,
        "11": 0.2453,
        "01": 0.2545
    },
    "z0u1y1_z1y0": {},
    "z0u1y1_z0u2y1": {
        "00": 0.1281,
        "10": 0.1262,
        "11": 0.1243,
        "01": 0.1265
    },
    "z0u2y0_z0u1y0": {
        "00": 0.125,
        "10": 0.1266,
        "11": 0.1233,
        "01": 0.1253
    },
    "z0u1y0_z0u2y1": {
        "00": 0.1245,
        "10": 0.1271,
        "11": 0.125,
        "01": 0.1199
    },
    "z1y1_z0u2y0": {
        "00": 0.12885,
        "10": 0.1225,
        "11": 0.1247,
        "01": 0.12915
    },
    "z0u2y0_z0u1y1": {
        "00": 0.1254,
        "10": 0.1245,
        "11": 0.1237,
        "01": 0.1262
    },
    "z0u1y0_z0u2y0": {
        "00": 0.1232,
        "10": 0.1274,
        "11": 0.1247,
        "01": 0.1282
    },
    "z1y0_z0u1y1": {
        "00": 0.12475,
        "10": 0.126,
        "11": 0.1275,
        "01": 0.12175
    },
    "z0u3y0_z0u2y1": {
        "00": 0.259,
        "11": 0.242
    },
    "z1y0_z1y1": {
        "00": 0.12745,
        "10": 0.12225,
        "11": 0.1232,
        "01": 0.1271
    },
    "z0u1y1_z0u1y0": {},
    "z0u3y1_z0u3y1": {
        "00": 0.1281,
        "10": 0.1228,
        "11": 0.1212,
        "01": 0.1305
    },
    "z1y1_z1y0": {
        "00": 0.1282,
        "10": 0.12545,
        "11": 0.1221,
        "01": 0.12425
    },
    "z0u3y1_z0u1y0": {
        "00": 0.1205,
        "10": 0.1254,
        "11": 0.1283,
        "01": 0.124
    },
    "z1y1_z0u1y1": {
        "00": 0.12475,
        "10": 0.126,
        "11": 0.1275,
        "01": 0.12175
    },
    "z1y0_z1y0": {
        "00": 0.1282,
        "10": 0.12545,
        "11": 0.1221,
        "01": 0.12425
    },
    "z0u2y1_z1y1": {
        "00": 0.121,
        "10": 0.1235,
        "11": 0.1283,
        "01": 0.1233
    },
    "z0u1y1_z0u1y1": {
        "00": 0.2471,
        "10": 0.2521,
        "11": 0.2489,
        "01": 0.2519
    },
    "z0u2y1_z0u1y1": {
        "00": 0.1297,
        "10": 0.1287,
        "11": 0.1271,
        "01": 0.1273
    },
    "z0u3y1_z0u2y0": {
        "00": 0.2558,
        "11": 0.2466
    },
    "z1y1_z1y1": {
        "00": 0.12745,
        "10": 0.12225,
        "11": 0.1232,
        "01": 0.1271
    },
    "z0u3y0_z0u1y0": {
        "00": 0.122,
        "10": 0.1247,
        "11": 0.1264,
        "01": 0.1273
    },
    "z0u2y0_z0u3y1": {
        "10": 0.2625,
        "01": 0.2383
    },
    "z0u3y0_z0u3y1": {
        "00": 0.1268,
        "10": 0.121,
        "11": 0.1217,
        "01": 0.1277
    },
    "z0u3y0_z1y1": {
        "00": 0.1267,
        "10": 0.1265,
        "11": 0.1189,
        "01": 0.1241
    },
    "z1y0_z0u2y0": {
        "00": 0.12885,
        "10": 0.1225,
        "11": 0.1247,
        "01": 0.12915
    },
    "z1y0_z0u2y1": {
        "00": 0.12195,
        "10": 0.12445,
        "11": 0.1239,
        "01": 0.1245
    },
    "z0u1y1_z0u2y0": {
        "00": 0.1239,
        "10": 0.1214,
        "11": 0.123,
        "01": 0.1266
    },
    "z0u3y0_z0u1y1": {
        "00": 0.1261,
        "10": 0.126,
        "11": 0.1289,
        "01": 0.1186
    },
    "z0u2y0_z1y0": {
        "00": 0.1275,
        "10": 0.1221,
        "11": 0.1223,
        "01": 0.1232
    },
    "z0u3y1_z1y1": {
        "00": 0.1278,
        "10": 0.1217,
        "11": 0.1206,
        "01": 0.1235
    },
    "z0u1y0_z0u3y1": {
        "00": 0.1266,
        "10": 0.1197,
        "11": 0.1246,
        "01": 0.1246
    },
    "z0u2y1_z0u2y0": {
        "00": 0.1264,
        "10": 0.1215,
        "11": 0.1258,
        "01": 0.1211
    },
    "z0u2y1_z0u2y1": {
        "00": 0.1253,
        "10": 0.1265,
        "11": 0.1265,
        "01": 0.1269
    },
    "z0u1y0_z0u1y0": {
        "00": 0.2547,
        "10": 0.244,
        "11": 0.2479,
        "01": 0.2534
    },
    "z0u2y0_z0u2y1": {
        "00": 0.1244,
        "10": 0.1259,
        "11": 0.1268,
        "01": 0.1281
    },
    "z0u3y1_z1y0": {
        "00": 0.1286,
        "10": 0.1217,
        "11": 0.1305,
        "01": 0.1256
    },
    "z0u2y1_z1y0": {
        "00": 0.1294,
        "10": 0.1257,
        "11": 0.1288,
        "01": 0.12
    },
    "z1y1_z0u3y0": {
        "00": 0.1281,
        "10": 0.12525,
        "11": 0.1221,
        "01": 0.11935
    },
    "z1y0_z0u3y0": {
        "00": 0.1281,
        "10": 0.12525,
        "11": 0.1221,
        "01": 0.11935
    },
    "z1y1_z0u1y0": {
        "00": 0.12495,
        "10": 0.12455,
        "11": 0.1222,
        "01": 0.1283
    },
    "z0u3y0_z0u2y0": {
        "10": 0.2533,
        "01": 0.2457
    },
    "z0u1y0_z1y1": {},
    "z0u1y0_z0u3y0": {
        "00": 0.1229,
        "10": 0.1255,
        "11": 0.1265,
        "01": 0.1296
    }
}
