{
    "z0u3y1_z0u1y1": {
        "00": 0.1287,
        "10": 0.1283,
        "11": 0.1211,
        "01": 0.1286
    },
    "z0u2y0_z0u2y0": {
        "00": 0.1225,
        "10": 0.1246,
        "11": 0.1203,
        "01": 0.1292
    },
    "z1y1_z0u2y1": {
        "00": 0.1233,
        "10": 0.1261,
        "11": 0.1237,
        "01": 0.12325
    },
    "z0u1y0_z0u1y1": {},
    "z0u3y0_z0u3y0": {
        "00": 0.1262,
        "10": 0.1225,
        "11": 0.1254,
        "01": 0.1199
    },
    "z1y0_z0u1y0": {
        "00": 0.12715,
        "10": 0.12155,
        "11": 0.12575,
        "01": 0.12555
    },
    "z0u3y0_z1y0": {
        "00": 0.1264,
        "10": 0.1222,
        "11": 0.1262,
        "01": 0.1247
    },
    "z0u3y1_z0u3y0": {
        "00": 0.1228,
        "10": 0.12,
        "11": 0.1339,
        "01": 0.1262
    },
    "z0u2y0_z1y1": {
        "00": 0.1225,
        "10": 0.1275,
        "11": 0.1276,
        "01": 0.1231
    },
    "z0u2y1_z0u3y1": {
        "00": 0.2467,
        "11": 0.2495
    },
    "z0u3y1_z0u2y1": {
        "10": 0.2515,
        "01": 0.2452
    },
    "z0u2y0_z0u3y0": {
        "00": 0.245,
        "11": 0.2544
    },
    "z0u1y1_z0u3y0": {
        "00": 0.1245,
        "10": 0.1256,
        "11": 0.1255,
        "01": 0.1251
    },
    "z0u1y1_z0u3y1": {
        "00": 0.1265,
        "10": 0.1215,
        "11": 0.1237,
        "01": 0.1276
    },
    "z0u2y1_z0u3y0": {
        "10": 0.2555,
        "01": 0.2483
    },
    "z0u1y1_z1y1": {
        "00": 0.2505,
        "10": 0.2473,
        "11": 0.2493,
        "01": 0.2529
    },
    "z0u2y1_z0u1y0": {
        "00": 0.1299,
        "10": 0.1264,
        "11": 0.1163,
        "01": 0.127
    },
    "z1y1_z0u3y1": {
        "00": 0.12385,
        "10": 0.12585,
        "11": 0.1275,
        "01": 0.12685
    },
    "z1y0_z0u3y1": {
        "00": 0.12385,
        "10": 0.12585,
        "11": 0.1275,
        "01": 0.12685
    },
    "z0u1y0_z1y0": {
        "00": 0.2584,
        "10": 0.2452,
        "11": 0.2511,
        "01": 0.2453
    },
    "z0u1y1_z1y0": {},
    "z0u1y1_z0u2y1": {
        "00": 0.1246,
        "10": 0.1346,
        "11": 0.1226,
        "01": 0.1177
    },
    "z0u2y0_z0u1y0": {
        "00": 0.1268,
        "10": 0.1226,
        "11": 0.1237,
        "01": 0.1295
    },
    "z0u1y0_z0u2y1": {
        "00": 0.1266,
        "10": 0.1297,
        "11": 0.1228,
        "01": 0.1224
    },
    "z1y1_z0u2y0": {
        "00": 0.12515,
        "10": 0.12445,
        "11": 0.12865,
        "01": 0.1254
    },
    "z0u2y0_z0u1y1": {
        "00": 0.1288,
        "10": 0.1237,
        "11": 0.1229,
        "01": 0.122
    },
    "z0u1y0_z0u2y0": {
        "00": 0.1295,
        "10": 0.1197,
        "11": 0.1239,
        "01": 0.1254
    },
    "z1y0_z0u1y1": {
        "00": 0.1306,
        "10": 0.12375,
        "11": 0.12295,
        "01": 0.1227
    },
    "z0u3y0_z0u2y1": {
        "00": 0.2441,
        "11": 0.2543
    },
    "z1y0_z1y1": {
        "00": 0.126,
        "10": 0.12475,
        "11": 0.12345,
        "01": 0.1258
    },
    "z0u1y1_z0u1y0": {},
    "z0u3y1_z0u3y1": {
        "00": 0.1235,
        "10": 0.1222,
        "11": 0.1295,
        "01": 0.1219
    },
    "z1y1_z1y0": {
        "00": 0.12735,
        "10": 0.1207,
        "11": 0.1263,
        "01": 0.12565
    },
    "z0u3y1_z0u1y0": {
        "00": 0.1245,
        "10": 0.1209,
        "11": 0.1249,
        "01": 0.123
    },
    "z1y1_z0u1y1": {
        "00": 0.1306,
        "10": 0.12375,
        "11": 0.12295,
        "01": 0.1227
    },
    "z1y0_z1y0": {
        "00": 0.12735,
        "10": 0.1207,
        "11": 0.1263,
        "01": 0.12565
    },
    "z0u2y1_z1y1": {
        "00": 0.1204,
        "10": 0.1231,
        "11": 0.1273,
        "01": 0.1246
    },
    "z0u1y1_z0u1y1": {
        "00": 0.2466,
        "10": 0.2508,
        "11": 0.2551,
        "01": 0.2475
    },
    "z0u2y1_z0u1y1": {
        "00": 0.1234,
        "10": 0.1216,
        "11": 0.1297,
        "01": 0.1257
    },
    "z0u3y1_z0u2y0": {
        "00": 0.2515,
        "11": 0.2518
    },
    "z1y1_z1y1": {
        "00": 0.126,
        "10": 0.12475,
        "11": 0.12345,
        "01": 0.1258
    },
    "z0u3y0_z0u1y0": {
        "00": 0.1293,
        "10": 0.1236,
        "11": 0.1248,
        "01": 0.1302
    },
    "z0u2y0_z0u3y1": {
        "10": 0.2509,
        "01": 0.2497
    },
    "z0u3y0_z0u3y1": {
        "00": 0.1244,
        "10": 0.1199,
        "11": 0.1362,
        "01": 0.1255
    },
    "z0u3y0_z1y1": {
        "00": 0.1257,
        "10": 0.1226,
        "11": 0.1239,
        "01": 0.1283
    },
    "z1y0_z0u2y0": {
        "00": 0.12515,
        "10": 0.12445,
        "11": 0.12865,
        "01": 0.1254
    },
    "z1y0_z0u2y1": {
        "00": 0.1233,
        "10": 0.1261,
        "11": 0.1237,
        "01": 0.12325
    },
    "z0u1y1_z0u2y0": {
        "00": 0.1177,
        "10": 0.1258,
        "11": 0.1262,
        "01": 0.1308
    },
    "z0u3y0_z0u1y1": {
        "00": 0.1238,
        "10": 0.1213,
        "11": 0.1232,
        "01": 0.1238
    },
    "z0u2y0_z1y0": {
        "00": 0.1269,
        "10": 0.1235,
        "11": 0.1214,
        "01": 0.1275
    },
    "z0u3y1_z1y1": {
        "00": 0.1227,
        "10": 0.1192,
        "11": 0.1278,
        "01": 0.126
    },
    "z0u1y0_z0u3y1": {
        "00": 0.122,
        "10": 0.1212,
        "11": 0.1254,
        "01": 0.1269
    },
    "z0u2y1_z0u2y0": {
        "00": 0.1252,
        "10": 0.1271,
        "11": 0.1224,
        "01": 0.1268
    },
    "z0u2y1_z0u2y1": {
        "00": 0.1245,
        "10": 0.1252,
        "11": 0.1224,
        "01": 0.1264
    },
    "z0u1y0_z0u1y0": {
        "00": 0.2425,
        "10": 0.2549,
        "11": 0.248,
        "01": 0.2546
    },
    "z0u2y0_z0u2y1": {
        "00": 0.1236,
        "10": 0.1292,
        "11": 0.1237,
        "01": 0.1269
    },
    "z0u3y1_z1y0": {
        "00": 0.1222,
        "10": 0.1265,
        "11": 0.1313,
        "01": 0.1243
    },
    "z0u2y1_z1y0": {
        "00": 0.1269,
        "10": 0.1283,
        "11": 0.1233,
        "01": 0.1261
    },
    "z1y1_z0u3y0": {
        "00": 0.1199,
        "10": 0.12435,
        "11": 0.12755,
        "01": 0.12415
    },
    "z1y0_z0u3y0": {
        "00": 0.1199,
        "10": 0.12435,
        "11": 0.12755,
        "01": 0.12415
    },
    "z1y1_z0u1y0": {
        "00": 0.12715,
        "10": 0.12155,
        "11": 0.12575,
        "01": 0.12555
    },
    "z0u3y0_z0u2y0": {
        "10": 0.2468,
        "01": 0.2548
    },
    "z0u1y0_z1y1": {},
    "z0u1y0_z0u3y0": {
        "00": 0.1295,
        "10": 0.1243,
        "11": 0.1251,
        "01": 0.1256
    }
}
