{
    "z0u3y1_z0u1y1": {
        "00": 0.1317,
        "10": 0.1215,
        "11": 0.1243,
        "01": 0.1251
    },
    "z0u2y0_z0u2y0": {
        "00": 0.2512,
        "11": 0.2432
    },
    "z1y1_z0u2y1": {
        "00": 0.1284,
        "10": 0.124,
        "11": 0.1234,
        "01": 0.127
    },
    "z0u1y0_z0u1y1": {},
    "z0u3y0_z0u3y0": {
        "00": 0.2459,
        "11": 0.2492
    },
    "z1y0_z0u1y0": {
        "00": 0.1254,
        "10": 0.12345,
        "11": 0.12535,
        "01": 0.1258
    },
    "z0u3y0_z1y0": {
        "00": 0.1265,
        "10": 0.1261,
        "11": 0.1268,
        "01": 0.1284
    },
    "z0u3y1_z0u3y0": {
        "10": 0.2475,
        "01": 0.2451
    },
    "z0u2y0_z1y1": {
        "00": 0.1234,
        "10": 0.125,
        "11": 0.1223,
        "01": 0.129
    },
    "z0u2y1_z0u3y1": {
        "00": 0.121,
        "10": 0.1239,
        "11": 0.13,
        "01": 0.1237
    },
    "z0u3y1_z0u2y1": {
        "00": 0.1231,
        "10": 0.1227,
        "11": 0.1251,
        "01": 0.132
    },
    "z0u2y0_z0u3y0": {
        "00": 0.1285,
        "10": 0.1249,
        "11": 0.1241,
        "01": 0.1246
    },
    "z0u1y1_z0u3y0": {
        "00": 0.1268,
        "10": 0.1227,
        "11": 0.1257,
        "01": 0.123
    },
    "z0u1y1_z0u3y1": {
        "00": 0.1231,
        "10": 0.1281,
        "11": 0.1285,
        "01": 0.1221
    },
    "z0u2y1_z0u3y0": {
        "00": 0.1256,
        "10": 0.1259,
        "11": 0.1283,
        "01": 0.1216
    },
    "z0u1y1_z1y1": {
        "00": 0.2494,
        "10": 0.2504,
        "11": 0.2411,
        "01": 0.2591
    },
    "z0u2y1_z0u1y0": {
        "00": 0.1235,
        "10": 0.1289,
        "11": 0.1234,
        "01": 0.1281
    },
    "z1y1_z0u3y1": {
        "00": 0.12635,
        "10": 0.1247,
        "11": 0.1219,
        "01": 0.12185
    },
    "z1y0_z0u3y1": {
        "00": 0.12635,
        "10": 0.1247,
        "11": 0.1219,
        "01": 0.12185
    },
    "z0u1y0_z1y0": {
        "00": 0.2431,
        "10": 0.2534,
        "11": 0.2491,
        "01": 0.2544
    },
    "z0u1y1_z1y0": {},
    "z0u1y1_z0u2y1": {
        "00": 0.1236,
        "10": 0.1318,
        "11": 0.1226,
        "01": 0.1238
    },
    "z0u2y0_z0u1y0": {
        "00": 0.1257,
        "10": 0.1275,
        "11": 0.1247,
        "01": 0.1211
    },
    "z0u1y0_z0u2y1": {
        "00": 0.1254,
        "10": 0.1209,
        "11": 0.1235,
        "01": 0.126
    },
    "z1y1_z0u2y0": {
        "00": 0.12635,
        "10": 0.1249,
        "11": 0.1223,
        "01": 0.12365
    },
    "z0u2y0_z0u1y1": {
        "00": 0.1251,
        "10": 0.1239,
        "11": 0.1254,
        "01": 0.1266
    },
    "z0u1y0_z0u2y0": {
        "00": 0.1296,
        "10": 0.1223,
        "11": 0.1258,
        "01": 0.1265
    },
    "z1y0_z0u1y1": {
        "00": 0.126,
        "10": 0.1216,
        "11": 0.12655,
        "01": 0.12585
    },
    "z0u3y0_z0u2y1": {
        "00": 0.1259,
        "10": 0.1254,
        "11": 0.1266,
        "01": 0.1233
    },
    "z1y0_z1y1": {
        "00": 0.1241,
        "10": 0.1237,
        "11": 0.12925,
        "01": 0.12295
    },
    "z0u1y1_z0u1y0": {},
    "z0u3y1_z0u3y1": {
        "00": 0.252,
        "11": 0.2554
    },
    "z1y1_z1y0": {
        "00": 0.122,
        "10": 0.1237,
        "11": 0.1266,
        "01": 0.1277
    },
    "z0u3y1_z0u1y0": {
        "00": 0.1244,
        "10": 0.1284,
        "11": 0.1233,
        "01": 0.1213
    },
    "z1y1_z0u1y1": {
        "00": 0.126,
        "10": 0.1216,
        "11": 0.12655,
        "01": 0.12585
    },
    "z1y0_z1y0": {
        "00": 0.122,
        "10": 0.1237,
        "11": 0.1266,
        "01": 0.1277
    },
    "z0u2y1_z1y1": {
        "00": 0.1255,
        "10": 0.1212,
        "11": 0.125,
        "01": 0.1222
    },
    "z0u1y1_z0u1y1": {
        "00": 0.2557,
        "10": 0.2489,
        "11": 0.2507,
        "01": 0.2447
    },
    "z0u2y1_z0u1y1": {
        "00": 0.1234,
        "10": 0.1201,
        "11": 0.1248,
        "01": 0.1278
    },
    "z0u3y1_z0u2y0": {
        "00": 0.1245,
        "10": 0.1216,
        "11": 0.1249,
        "01": 0.1261
    },
    "z1y1_z1y1": {
        "00": 0.1241,
        "10": 0.1237,
        "11": 0.12925,
        "01": 0.12295
    },
    "z0u3y0_z0u1y0": {
        "00": 0.125,
        "10": 0.1198,
        "11": 0.1227,
        "01": 0.1217
    },
    "z0u2y0_z0u3y1": {
        "00": 0.1264,
        "10": 0.126,
        "11": 0.1213,
        "01": 0.1242
    },
    "z0u3y0_z0u3y1": {
        "10": 0.2542,
        "01": 0.2507
    },
    "z0u3y0_z1y1": {
        "00": 0.1236,
        "10": 0.1267,
        "11": 0.1137,
        "01": 0.1282
    },
    "z1y0_z0u2y0": {
        "00": 0.12635,
        "10": 0.1249,
        "11": 0.1223,
        "01": 0.12365
    },
    "z1y0_z0u2y1": {
        "00": 0.1284,
        "10": 0.124,
        "11": 0.1234,
        "01": 0.127
    },
    "z0u1y1_z0u2y0": {
        "00": 0.1207,
        "10": 0.1258,
        "11": 0.124,
        "01": 0.1277
    },
    "z0u3y0_z0u1y1": {
        "00": 0.1286,
        "10": 0.1269,
        "11": 0.1275,
        "01": 0.1278
    },
    "z0u2y0_z1y0": {
        "00": 0.1283,
        "10": 0.1268,
        "11": 0.1213,
        "01": 0.1239
    },
    "z0u3y1_z1y1": {
        "00": 0.1233,
        "10": 0.1252,
        "11": 0.1282,
        "01": 0.1215
    },
    "z0u1y0_z0u3y1": {
        "00": 0.126,
        "10": 0.1237,
        "11": 0.1228,
        "01": 0.124
    },
    "z0u2y1_z0u2y0": {
        "10": 0.2495,
        "01": 0.248
    },
    "z0u2y1_z0u2y1": {
        "00": 0.2552,
        "11": 0.2473
    },
    "z0u1y0_z0u1y0": {
        "00": 0.2463,
        "10": 0.26,
        "11": 0.2444,
        "01": 0.2493
    },
    "z0u2y0_z0u2y1": {
        "10": 0.2539,
        "01": 0.2517
    },
    "z0u3y1_z1y0": {
        "00": 0.1238,
        "10": 0.1256,
        "11": 0.1274,
        "01": 0.125
    },
    "z0u2y1_z1y0": {
        "00": 0.1307,
        "10": 0.1231,
        "11": 0.1302,
        "01": 0.1221
    },
    "z1y1_z0u3y0": {
        "00": 0.12585,
        "10": 0.126,
        "11": 0.12815,
        "01": 0.1252
    },
    "z1y0_z0u3y0": {
        "00": 0.12585,
        "10": 0.126,
        "11": 0.12815,
        "01": 0.1252
    },
    "z1y1_z0u1y0": {
        "00": 0.1254,
        "10": 0.12345,
        "11": 0.12535,
        "01": 0.1258
    },
    "z0u3y0_z0u2y0": {
        "00": 0.124,
        "10": 0.1199,
        "11": 0.1307,
        "01": 0.1242
    },
    "z0u1y0_z1y1": {},
    "z0u1y0_z0u3y0": {
        "00": 0.1252,
        "10": 0.1264,
        "11": 0.1236,
        "01": 0.1283
    }
}
