{
    "z0u3y1_z0u1y1": {
        "10": 0.248,
        "11": 0.2493
    },
    "z0u2y0_z0u2y0": {
        "00": 0.1285,
        "10": 0.1226,
        "11": 0.121,
        "01": 0.1204
    },
    "z1y1_z0u2y1": {
        "00": 0.12255,
        "10": 0.1238,
        "11": 0.12615,
        "01": 0.12745
    },
    "z0u1y0_z0u1y1": {},
    "z0u3y0_z0u3y0": {
        "00": 0.1266,
        "10": 0.1235,
        "11": 0.1256,
        "01": 0.1301
    },
    "z1y0_z0u1y0": {
        "00": 0.25185,
        "01": 0.24815
    },
    "z0u3y0_z1y0": {
        "00": 0.2488,
        "01": 0.246
    },
    "z0u3y1_z0u3y0": {
        "00": 0.1222,
        "10": 0.1287,
        "11": 0.1281,
        "01": 0.1199
    },
    "z0u2y0_z1y1": {
        "10": 0.2524,
        "11": 0.2561
    },
    "z0u2y1_z0u3y1": {
        "00": 0.1231,
        "10": 0.119,
        "11": 0.1228,
        "01": 0.1245
    },
    "z0u3y1_z0u2y1": {
        "00": 0.119,
        "10": 0.1219,
        "11": 0.1274,
        "01": 0.1242
    },
    "z0u2y0_z0u3y0": {
        "00": 0.1231,
        "10": 0.1233,
        "11": 0.1223,
        "01": 0.1253
    },
    "z0u1y1_z0u3y0": {
        "10": 0.2572,
        "11": 0.2462
    },
    "z0u1y1_z0u3y1": {
        "10": 0.2445,
        "11": 0.2521
    },
    "z0u2y1_z0u3y0": {
        "00": 0.1283,
        "10": 0.1318,
        "11": 0.1281,
        "01": 0.1224
    },
    "z0u1y1_z1y1": {
        "10": 0.5007,
        "11": 0.4993
    },
    "z0u2y1_z0u1y0": {
        "00": 0.2511,
        "01": 0.2427
    },
    "z1y1_z0u3y1": {
        "00": 0.1226,
        "10": 0.12445,
        "11": 0.12485,
        "01": 0.12825
    },
    "z1y0_z0u3y1": {
        "00": 0.1226,
        "10": 0.12445,
        "11": 0.12485,
        "01": 0.12825
    },
    "z0u1y0_z1y0": {
        "00": 0.5062,
        "01": 0.4938
    },
    "z0u1y1_z1y0": {},
    "z0u1y1_z0u2y1": {
        "10": 0.2489,
        "11": 0.2541
    },
    "z0u2y0_z0u1y0": {
        "00": 0.2538,
        "01": 0.2515
    },
    "z0u1y0_z0u2y1": {
        "00": 0.2471,
        "01": 0.2587
    },
    "z1y1_z0u2y0": {
        "00": 0.1258,
        "10": 0.12345,
        "11": 0.1266,
        "01": 0.1242
    },
    "z0u2y0_z0u1y1": {
        "10": 0.2509,
        "11": 0.2438
    },
    "z0u1y0_z0u2y0": {
        "00": 0.2532,
        "01": 0.241
    },
    "z1y0_z0u1y1": {
        "10": 0.2532,
        "11": 0.2468
    },
    "z0u3y0_z0u2y1": {
        "00": 0.1295,
        "10": 0.1278,
        "11": 0.1207,
        "01": 0.1281
    },
    "z1y0_z1y1": {
        "10": 0.2513,
        "11": 0.2487
    },
    "z0u1y1_z0u1y0": {},
    "z0u3y1_z0u3y1": {
        "00": 0.1283,
        "10": 0.1243,
        "11": 0.1251,
        "01": 0.1234
    },
    "z1y1_z1y0": {
        "00": 0.24945,
        "01": 0.25055
    },
    "z0u3y1_z0u1y0": {
        "00": 0.244,
        "01": 0.2587
    },
    "z1y1_z0u1y1": {
        "10": 0.2532,
        "11": 0.2468
    },
    "z1y0_z1y0": {
        "00": 0.24945,
        "01": 0.25055
    },
    "z0u2y1_z1y1": {
        "10": 0.2545,
        "11": 0.253
    },
    "z0u1y1_z0u1y1": {
        "10": 0.5115,
        "11": 0.4885
    },
    "z0u2y1_z0u1y1": {
        "10": 0.2511,
        "11": 0.2551
    },
    "z0u3y1_z0u2y0": {
        "00": 0.1262,
        "10": 0.1255,
        "11": 0.128,
        "01": 0.1278
    },
    "z1y1_z1y1": {
        "10": 0.2513,
        "11": 0.2487
    },
    "z0u3y0_z0u1y0": {
        "00": 0.2502,
        "01": 0.2543
    },
    "z0u2y0_z0u3y1": {
        "00": 0.13,
        "10": 0.1255,
        "11": 0.1268,
        "01": 0.1237
    },
    "z0u3y0_z0u3y1": {
        "00": 0.1187,
        "10": 0.124,
        "11": 0.1249,
        "01": 0.1266
    },
    "z0u3y0_z1y1": {
        "10": 0.2505,
        "11": 0.2547
    },
    "z1y0_z0u2y0": {
        "00": 0.1258,
        "10": 0.12345,
        "11": 0.1266,
        "01": 0.1242
    },
    "z1y0_z0u2y1": {
        "00": 0.12255,
        "10": 0.1238,
        "11": 0.12615,
        "01": 0.12745
    },
    "z0u1y1_z0u2y0": {
        "10": 0.2454,
        "11": 0.2516
    },
    "z0u3y0_z0u1y1": {
        "10": 0.2471,
        "11": 0.2484
    },
    "z0u2y0_z1y0": {
        "00": 0.2415,
        "01": 0.25
    },
    "z0u3y1_z1y1": {
        "10": 0.2515,
        "11": 0.2511
    },
    "z0u1y0_z0u3y1": {
        "00": 0.2559,
        "01": 0.2387
    },
    "z0u2y1_z0u2y0": {
        "00": 0.1238,
        "10": 0.1299,
        "11": 0.1196,
        "01": 0.1221
    },
    "z0u2y1_z0u2y1": {
        "00": 0.125,
        "10": 0.1269,
        "11": 0.1277,
        "01": 0.125
    },
    "z0u1y0_z0u1y0": {
        "00": 0.5021,
        "01": 0.4979
    },
    "z0u2y0_z0u2y1": {
        "00": 0.1261,
        "10": 0.1285,
        "11": 0.1273,
        "01": 0.1256
    },
    "z0u3y1_z1y0": {
        "00": 0.2452,
        "01": 0.2522
    },
    "z0u2y1_z1y0": {
        "00": 0.2471,
        "01": 0.2454
    },
    "z1y1_z0u3y0": {
        "00": 0.12445,
        "10": 0.1229,
        "11": 0.1278,
        "01": 0.1247
    },
    "z1y0_z0u3y0": {
        "00": 0.12445,
        "10": 0.1229,
        "11": 0.1278,
        "01": 0.1247
    },
    "z1y1_z0u1y0": {
        "00": 0.25185,
        "01": 0.24815
    },
    "z0u3y0_z0u2y0": {
        "00": 0.1224,
        "10": 0.1226,
        "11": 0.125,
        "01": 0.1239
    },
    "z0u1y0_z1y1": {},
    "z0u1y0_z0u3y0": {
        "00": 0.2489,
        "01": 0.2565
    }
}
