{
    "z0u3y1_z0u1y1": {
        "00": 0.1232,
        "10": 0.1195,
        "11": 0.1305,
        "01": 0.1239
    },
    "z0u2y0_z0u2y0": {
        "10": 0.2487,
        "01": 0.2506
    },
    "z1y1_z0u2y1": {
        "00": 0.1286,
        "10": 0.12325,
        "11": 0.12235,
        "01": 0.1217
    },
    "z0u1y0_z0u1y1": {},
    "z0u3y0_z0u3y0": {
        "10": 0.2477,
        "01": 0.2544
    },
    "z1y0_z0u1y0": {
        "00": 0.12245,
        "10": 0.1261,
        "11": 0.1223,
        "01": 0.12915
    },
    "z0u3y0_z1y0": {
        "00": 0.1257,
        "10": 0.1202,
        "11": 0.1315,
        "01": 0.1236
    },
    "z0u3y1_z0u3y0": {
        "00": 0.2503,
        "11": 0.2504
    },
    "z0u2y0_z1y1": {
        "00": 0.1299,
        "10": 0.1217,
        "11": 0.1253,
        "01": 0.1251
    },
    "z0u2y1_z0u3y1": {
        "00": 0.1233,
        "10": 0.1254,
        "11": 0.1258,
        "01": 0.1239
    },
    "z0u3y1_z0u2y1": {
        "00": 0.1275,
        "10": 0.1235,
        "11": 0.1269,
        "01": 0.1278
    },
    "z0u2y0_z0u3y0": {
        "00": 0.1267,
        "10": 0.1272,
        "11": 0.1221,
        "01": 0.1245
    },
    "z0u1y1_z0u3y0": {
        "00": 0.1204,
        "10": 0.1314,
        "11": 0.121,
        "01": 0.1254
    },
    "z0u1y1_z0u3y1": {
        "00": 0.127,
        "10": 0.1253,
        "11": 0.1297,
        "01": 0.1198
    },
    "z0u2y1_z0u3y0": {
        "00": 0.1234,
        "10": 0.1287,
        "11": 0.1189,
        "01": 0.1306
    },
    "z0u1y1_z1y1": {
        "00": 0.2568,
        "10": 0.2513,
        "11": 0.2468,
        "01": 0.2451
    },
    "z0u2y1_z0u1y0": {
        "00": 0.1184,
        "10": 0.1252,
        "11": 0.127,
        "01": 0.1223
    },
    "z1y1_z0u3y1": {
        "00": 0.12415,
        "10": 0.1233,
        "11": 0.1235,
        "01": 0.12625
    },
    "z1y0_z0u3y1": {
        "00": 0.12415,
        "10": 0.1233,
        "11": 0.1235,
        "01": 0.12625
    },
    "z0u1y0_z1y0": {
        "00": 0.2472,
        "10": 0.2493,
        "11": 0.2523,
        "01": 0.2512
    },
    "z0u1y1_z1y0": {},
    "z0u1y1_z0u2y1": {
        "00": 0.1243,
        "10": 0.1233,
        "11": 0.1343,
        "01": 0.121
    },
    "z0u2y0_z0u1y0": {
        "00": 0.1227,
        "10": 0.1215,
        "11": 0.1332,
        "01": 0.1266
    },
    "z0u1y0_z0u2y1": {
        "00": 0.1272,
        "10": 0.1254,
        "11": 0.1222,
        "01": 0.1231
    },
    "z1y1_z0u2y0": {
        "00": 0.12595,
        "10": 0.1256,
        "11": 0.1272,
        "01": 0.12535
    },
    "z0u2y0_z0u1y1": {
        "00": 0.1215,
        "10": 0.1266,
        "11": 0.1247,
        "01": 0.1232
    },
    "z0u1y0_z0u2y0": {
        "00": 0.1256,
        "10": 0.1302,
        "11": 0.1224,
        "01": 0.1239
    },
    "z1y0_z0u1y1": {
        "00": 0.12485,
        "10": 0.12525,
        "11": 0.127,
        "01": 0.1229
    },
    "z0u3y0_z0u2y1": {
        "00": 0.1208,
        "10": 0.1281,
        "11": 0.1285,
        "01": 0.1275
    },
    "z1y0_z1y1": {
        "00": 0.12825,
        "10": 0.1263,
        "11": 0.1202,
        "01": 0.12525
    },
    "z0u1y1_z0u1y0": {},
    "z0u3y1_z0u3y1": {
        "10": 0.2516,
        "01": 0.2477
    },
    "z1y1_z1y0": {
        "00": 0.12595,
        "10": 0.12495,
        "11": 0.1208,
        "01": 0.1283
    },
    "z0u3y1_z0u1y0": {
        "00": 0.1274,
        "10": 0.1315,
        "11": 0.1258,
        "01": 0.1182
    },
    "z1y1_z0u1y1": {
        "00": 0.12485,
        "10": 0.12525,
        "11": 0.127,
        "01": 0.1229
    },
    "z1y0_z1y0": {
        "00": 0.12595,
        "10": 0.12495,
        "11": 0.1208,
        "01": 0.1283
    },
    "z0u2y1_z1y1": {
        "00": 0.1204,
        "10": 0.1276,
        "11": 0.1224,
        "01": 0.1254
    },
    "z0u1y1_z0u1y1": {
        "00": 0.2469,
        "10": 0.254,
        "11": 0.2495,
        "01": 0.2496
    },
    "z0u2y1_z0u1y1": {
        "00": 0.1194,
        "10": 0.1299,
        "11": 0.1245,
        "01": 0.1333
    },
    "z0u3y1_z0u2y0": {
        "00": 0.1179,
        "10": 0.1286,
        "11": 0.1232,
        "01": 0.1246
    },
    "z1y1_z1y1": {
        "00": 0.12825,
        "10": 0.1263,
        "11": 0.1202,
        "01": 0.12525
    },
    "z0u3y0_z0u1y0": {
        "00": 0.1262,
        "10": 0.1238,
        "11": 0.1287,
        "01": 0.1262
    },
    "z0u2y0_z0u3y1": {
        "00": 0.1246,
        "10": 0.1267,
        "11": 0.1228,
        "01": 0.1254
    },
    "z0u3y0_z0u3y1": {
        "00": 0.2471,
        "11": 0.2508
    },
    "z0u3y0_z1y1": {
        "00": 0.1241,
        "10": 0.1219,
        "11": 0.1238,
        "01": 0.1292
    },
    "z1y0_z0u2y0": {
        "00": 0.12595,
        "10": 0.1256,
        "11": 0.1272,
        "01": 0.12535
    },
    "z1y0_z0u2y1": {
        "00": 0.1286,
        "10": 0.12325,
        "11": 0.12235,
        "01": 0.1217
    },
    "z0u1y1_z0u2y0": {
        "00": 0.1207,
        "10": 0.1245,
        "11": 0.1219,
        "01": 0.13
    },
    "z0u3y0_z0u1y1": {
        "00": 0.1212,
        "10": 0.1231,
        "11": 0.1202,
        "01": 0.1306
    },
    "z0u2y0_z1y0": {
        "00": 0.1226,
        "10": 0.1252,
        "11": 0.1222,
        "01": 0.128
    },
    "z0u3y1_z1y1": {
        "00": 0.1251,
        "10": 0.1224,
        "11": 0.1255,
        "01": 0.1241
    },
    "z0u1y0_z0u3y1": {
        "00": 0.1246,
        "10": 0.129,
        "11": 0.1232,
        "01": 0.1256
    },
    "z0u2y1_z0u2y0": {
        "00": 0.2488,
        "11": 0.2546
    },
    "z0u2y1_z0u2y1": {
        "10": 0.2495,
        "01": 0.2471
    },
    "z0u1y0_z0u1y0": {
        "00": 0.2508,
        "10": 0.2491,
        "11": 0.249,
        "01": 0.2511
    },
    "z0u2y0_z0u2y1": {
        "00": 0.2568,
        "11": 0.2439
    },
    "z0u3y1_z1y0": {
        "00": 0.1279,
        "10": 0.123,
        "11": 0.1239,
        "01": 0.1281
    },
    "z0u2y1_z1y0": {
        "00": 0.1238,
        "10": 0.1266,
        "11": 0.1276,
        "01": 0.1262
    },
    "z1y1_z0u3y0": {
        "00": 0.1238,
        "10": 0.1294,
        "11": 0.1255,
        "01": 0.1241
    },
    "z1y0_z0u3y0": {
        "00": 0.1238,
        "10": 0.1294,
        "11": 0.1255,
        "01": 0.1241
    },
    "z1y1_z0u1y0": {
        "00": 0.12245,
        "10": 0.1261,
        "11": 0.1223,
        "01": 0.12915
    },
    "z0u3y0_z0u2y0": {
        "00": 0.1245,
        "10": 0.1251,
        "11": 0.1246,
        "01": 0.1209
    },
    "z0u1y0_z1y1": {},
    "z0u1y0_z0u3y0": {
        "00": 0.1262,
        "10": 0.1227,
        "11": 0.1253,
        "01": 0.1234
    }
}
