{
    "z0u3y1_z0u1y1": {
        "10": 0.2479,
        "11": 0.2484
    },
    "z0u2y0_z0u2y0": {
        "00": 0.1236,
        "10": 0.1234,
        "11": 0.1245,
        "01": 0.1323
    },
    "z1y1_z0u2y1": {
        "00": 0.128,
        "10": 0.1302,
        "11": 0.1249,
        "01": 0.12745
    },
    "z0u1y0_z0u1y1": {},
    "z0u3y0_z0u3y0": {
        "00": 0.1252,
        "10": 0.1268,
        "11": 0.1254,
        "01": 0.1232
    },
    "z1y0_z0u1y0": {
        "00": 0.25035,
        "01": 0.24965
    },
    "z0u3y0_z1y0": {
        "00": 0.2486,
        "01": 0.2526
    },
    "z0u3y1_z0u3y0": {
        "00": 0.1288,
        "10": 0.1211,
        "11": 0.1259,
        "01": 0.1272
    },
    "z0u2y0_z1y1": {
        "10": 0.2477,
        "11": 0.2475
    },
    "z0u2y1_z0u3y1": {
        "00": 0.1226,
        "10": 0.1264,
        "11": 0.1237,
        "01": 0.1287
    },
    "z0u3y1_z0u2y1": {
        "00": 0.1273,
        "10": 0.126,
        "11": 0.1263,
        "01": 0.1288
    },
    "z0u2y0_z0u3y0": {
        "00": 0.1287,
        "10": 0.1276,
        "11": 0.1213,
        "01": 0.1209
    },
    "z0u1y1_z0u3y0": {
        "10": 0.254,
        "11": 0.2493
    },
    "z0u1y1_z0u3y1": {
        "10": 0.2463,
        "11": 0.2504
    },
    "z0u2y1_z0u3y0": {
        "00": 0.1251,
        "10": 0.1221,
        "11": 0.1235,
        "01": 0.1279
    },
    "z0u1y1_z1y1": {
        "10": 0.4982,
        "11": 0.5018
    },
    "z0u2y1_z0u1y0": {
        "00": 0.2541,
        "01": 0.2491
    },
    "z1y1_z0u3y1": {
        "00": 0.12315,
        "10": 0.12525,
        "11": 0.1236,
        "01": 0.12965
    },
    "z1y0_z0u3y1": {
        "00": 0.12315,
        "10": 0.12525,
        "11": 0.1236,
        "01": 0.12965
    },
    "z0u1y0_z1y0": {
        "00": 0.4973,
        "01": 0.5027
    },
    "z0u1y1_z1y0": {},
    "z0u1y1_z0u2y1": {
        "10": 0.2432,
        "11": 0.2543
    },
    "z0u2y0_z0u1y0": {
        "00": 0.2529,
        "01": 0.2442
    },
    "z0u1y0_z0u2y1": {
        "00": 0.2495,
        "01": 0.252
    },
    "z1y1_z0u2y0": {
        "00": 0.12355,
        "10": 0.11935,
        "11": 0.12555,
        "01": 0.121
    },
    "z0u2y0_z0u1y1": {
        "10": 0.253,
        "11": 0.2499
    },
    "z0u1y0_z0u2y0": {
        "00": 0.2534,
        "01": 0.2451
    },
    "z1y0_z0u1y1": {
        "10": 0.24795,
        "11": 0.25205
    },
    "z0u3y0_z0u2y1": {
        "00": 0.1251,
        "10": 0.1247,
        "11": 0.126,
        "01": 0.1232
    },
    "z1y0_z1y1": {
        "10": 0.24995,
        "11": 0.25005
    },
    "z0u1y1_z0u1y0": {},
    "z0u3y1_z0u3y1": {
        "00": 0.1245,
        "10": 0.1231,
        "11": 0.1232,
        "01": 0.1262
    },
    "z1y1_z1y0": {
        "00": 0.2498,
        "01": 0.2502
    },
    "z0u3y1_z0u1y0": {
        "00": 0.2485,
        "01": 0.2552
    },
    "z1y1_z0u1y1": {
        "10": 0.24795,
        "11": 0.25205
    },
    "z1y0_z1y0": {
        "00": 0.2498,
        "01": 0.2502
    },
    "z0u2y1_z1y1": {
        "10": 0.2478,
        "11": 0.2478
    },
    "z0u1y1_z0u1y1": {
        "10": 0.5007,
        "11": 0.4993
    },
    "z0u2y1_z0u1y1": {
        "10": 0.2463,
        "11": 0.2505
    },
    "z0u3y1_z0u2y0": {
        "00": 0.1185,
        "10": 0.1223,
        "11": 0.1251,
        "01": 0.1257
    },
    "z1y1_z1y1": {
        "10": 0.24995,
        "11": 0.25005
    },
    "z0u3y0_z0u1y0": {
        "00": 0.2511,
        "01": 0.245
    },
    "z0u2y0_z0u3y1": {
        "00": 0.1247,
        "10": 0.1252,
        "11": 0.1218,
        "01": 0.1298
    },
    "z0u3y0_z0u3y1": {
        "00": 0.1278,
        "10": 0.1252,
        "11": 0.1243,
        "01": 0.1221
    },
    "z0u3y0_z1y1": {
        "10": 0.245,
        "11": 0.2538
    },
    "z1y0_z0u2y0": {
        "00": 0.12355,
        "10": 0.11935,
        "11": 0.12555,
        "01": 0.121
    },
    "z1y0_z0u2y1": {
        "00": 0.128,
        "10": 0.1302,
        "11": 0.1249,
        "01": 0.12745
    },
    "z0u1y1_z0u2y0": {
        "10": 0.2504,
        "11": 0.2521
    },
    "z0u3y0_z0u1y1": {
        "10": 0.2533,
        "11": 0.2506
    },
    "z0u2y0_z1y0": {
        "00": 0.2545,
        "01": 0.2503
    },
    "z0u3y1_z1y1": {
        "10": 0.2559,
        "11": 0.2455
    },
    "z0u1y0_z0u3y1": {
        "00": 0.2482,
        "01": 0.2506
    },
    "z0u2y1_z0u2y0": {
        "00": 0.1312,
        "10": 0.1224,
        "11": 0.1221,
        "01": 0.1245
    },
    "z0u2y1_z0u2y1": {
        "00": 0.1206,
        "10": 0.1269,
        "11": 0.125,
        "01": 0.1273
    },
    "z0u1y0_z0u1y0": {
        "00": 0.5053,
        "01": 0.4947
    },
    "z0u2y0_z0u2y1": {
        "00": 0.125,
        "10": 0.1287,
        "11": 0.1201,
        "01": 0.1224
    },
    "z0u3y1_z1y0": {
        "00": 0.2474,
        "01": 0.2512
    },
    "z0u2y1_z1y0": {
        "00": 0.2511,
        "01": 0.2533
    },
    "z1y1_z0u3y0": {
        "00": 0.12305,
        "10": 0.12555,
        "11": 0.1256,
        "01": 0.12415
    },
    "z1y0_z0u3y0": {
        "00": 0.12305,
        "10": 0.12555,
        "11": 0.1256,
        "01": 0.12415
    },
    "z1y1_z0u1y0": {
        "00": 0.25035,
        "01": 0.24965
    },
    "z0u3y0_z0u2y0": {
        "00": 0.131,
        "10": 0.1195,
        "11": 0.1232,
        "01": 0.1273
    },
    "z0u1y0_z1y1": {},
    "z0u1y0_z0u3y0": {
        "00": 0.2504,
        "01": 0.2508
    }
}
