{
    "z0u3y1_z0u1y1": {
        "00": 0.1199,
        "10": 0.1252,
        "11": 0.1203,
        "01": 0.1276
    },
    "z0u2y0_z0u2y0": {
        "00": 0.1298,
        "10": 0.122,
        "11": 0.1319,
        "01": 0.1266
    },
    "z1y1_z0u2y1": {
        "00": 0.1227,
        "10": 0.1267,
        "11": 0.1276,
        "01": 0.12375
    },
    "z0u1y0_z0u1y1": {},
    "z0u3y0_z0u3y0": {
        "00": 0.1235,
        "10": 0.1228,
        "11": 0.1312,
        "01": 0.1268
    },
    "z1y0_z0u1y0": {
        "00": 0.1239,
        "10": 0.12435,
        "11": 0.12315,
        "01": 0.1286
    },
    "z0u3y0_z1y0": {
        "00": 0.1237,
        "10": 0.1264,
        "11": 0.128,
        "01": 0.122
    },
    "z0u3y1_z0u3y0": {
        "00": 0.1242,
        "10": 0.1268,
        "11": 0.1215,
        "01": 0.1323
    },
    "z0u2y0_z1y1": {
        "00": 0.1211,
        "10": 0.1256,
        "11": 0.1308,
        "01": 0.1217
    },
    "z0u2y1_z0u3y1": {
        "00": 0.2586,
        "11": 0.2418
    },
    "z0u3y1_z0u2y1": {
        "10": 0.2466,
        "01": 0.2521
    },
    "z0u2y0_z0u3y0": {
        "00": 0.2529,
        "11": 0.2462
    },
    "z0u1y1_z0u3y0": {
        "00": 0.1259,
        "10": 0.1145,
        "11": 0.127,
        "01": 0.1306
    },
    "z0u1y1_z0u3y1": {
        "00": 0.1276,
        "10": 0.1285,
        "11": 0.1245,
        "01": 0.1214
    },
    "z0u2y1_z0u3y0": {
        "10": 0.252,
        "01": 0.2476
    },
    "z0u1y1_z1y1": {
        "00": 0.2525,
        "10": 0.2458,
        "11": 0.2536,
        "01": 0.2481
    },
    "z0u2y1_z0u1y0": {
        "00": 0.1223,
        "10": 0.1281,
        "11": 0.1245,
        "01": 0.1252
    },
    "z1y1_z0u3y1": {
        "00": 0.12265,
        "10": 0.1208,
        "11": 0.12545,
        "01": 0.12835
    },
    "z1y0_z0u3y1": {
        "00": 0.12265,
        "10": 0.1208,
        "11": 0.12545,
        "01": 0.12835
    },
    "z0u1y0_z1y0": {
        "00": 0.2587,
        "10": 0.2454,
        "11": 0.2495,
        "01": 0.2464
    },
    "z0u1y1_z1y0": {},
    "z0u1y1_z0u2y1": {
        "00": 0.1235,
        "10": 0.1336,
        "11": 0.1198,
        "01": 0.1271
    },
    "z0u2y0_z0u1y0": {
        "00": 0.1233,
        "10": 0.1236,
        "11": 0.1242,
        "01": 0.127
    },
    "z0u1y0_z0u2y1": {
        "00": 0.1243,
        "10": 0.1278,
        "11": 0.1262,
        "01": 0.122
    },
    "z1y1_z0u2y0": {
        "00": 0.1251,
        "10": 0.1236,
        "11": 0.12745,
        "01": 0.1231
    },
    "z0u2y0_z0u1y1": {
        "00": 0.1249,
        "10": 0.1258,
        "11": 0.1218,
        "01": 0.1294
    },
    "z0u1y0_z0u2y0": {
        "00": 0.1276,
        "10": 0.1219,
        "11": 0.1229,
        "01": 0.1273
    },
    "z1y0_z0u1y1": {
        "00": 0.12305,
        "10": 0.12425,
        "11": 0.12845,
        "01": 0.12425
    },
    "z0u3y0_z0u2y1": {
        "00": 0.2472,
        "11": 0.2526
    },
    "z1y0_z1y1": {
        "00": 0.1274,
        "10": 0.1232,
        "11": 0.1244,
        "01": 0.125
    },
    "z0u1y1_z0u1y0": {},
    "z0u3y1_z0u3y1": {
        "00": 0.1229,
        "10": 0.1287,
        "11": 0.1196,
        "01": 0.124
    },
    "z1y1_z1y0": {
        "00": 0.1266,
        "10": 0.12505,
        "11": 0.1249,
        "01": 0.12345
    },
    "z0u3y1_z0u1y0": {
        "00": 0.1292,
        "10": 0.1257,
        "11": 0.1245,
        "01": 0.1276
    },
    "z1y1_z0u1y1": {
        "00": 0.12305,
        "10": 0.12425,
        "11": 0.12845,
        "01": 0.12425
    },
    "z1y0_z1y0": {
        "00": 0.1266,
        "10": 0.12505,
        "11": 0.1249,
        "01": 0.12345
    },
    "z0u2y1_z1y1": {
        "00": 0.1252,
        "10": 0.1231,
        "11": 0.1223,
        "01": 0.1258
    },
    "z0u1y1_z0u1y1": {
        "00": 0.2486,
        "10": 0.2519,
        "11": 0.2453,
        "01": 0.2542
    },
    "z0u2y1_z0u1y1": {
        "00": 0.1234,
        "10": 0.1234,
        "11": 0.1279,
        "01": 0.1252
    },
    "z0u3y1_z0u2y0": {
        "00": 0.2475,
        "11": 0.2538
    },
    "z1y1_z1y1": {
        "00": 0.1274,
        "10": 0.1232,
        "11": 0.1244,
        "01": 0.125
    },
    "z0u3y0_z0u1y0": {
        "00": 0.1246,
        "10": 0.1269,
        "11": 0.125,
        "01": 0.1268
    },
    "z0u2y0_z0u3y1": {
        "10": 0.2494,
        "01": 0.2515
    },
    "z0u3y0_z0u3y1": {
        "00": 0.1217,
        "10": 0.1231,
        "11": 0.1286,
        "01": 0.1223
    },
    "z0u3y0_z1y1": {
        "00": 0.1248,
        "10": 0.1229,
        "11": 0.1286,
        "01": 0.1236
    },
    "z1y0_z0u2y0": {
        "00": 0.1251,
        "10": 0.1236,
        "11": 0.12745,
        "01": 0.1231
    },
    "z1y0_z0u2y1": {
        "00": 0.1227,
        "10": 0.1267,
        "11": 0.1276,
        "01": 0.12375
    },
    "z0u1y1_z0u2y0": {
        "00": 0.1256,
        "10": 0.1229,
        "11": 0.1293,
        "01": 0.1182
    },
    "z0u3y0_z0u1y1": {
        "00": 0.1213,
        "10": 0.1277,
        "11": 0.1225,
        "01": 0.1252
    },
    "z0u2y0_z1y0": {
        "00": 0.1252,
        "10": 0.1259,
        "11": 0.1213,
        "01": 0.1284
    },
    "z0u3y1_z1y1": {
        "00": 0.1266,
        "10": 0.1185,
        "11": 0.1297,
        "01": 0.1265
    },
    "z0u1y0_z0u3y1": {
        "00": 0.1241,
        "10": 0.1268,
        "11": 0.1241,
        "01": 0.1245
    },
    "z0u2y1_z0u2y0": {
        "00": 0.1266,
        "10": 0.1248,
        "11": 0.126,
        "01": 0.125
    },
    "z0u2y1_z0u2y1": {
        "00": 0.1227,
        "10": 0.118,
        "11": 0.1299,
        "01": 0.127
    },
    "z0u1y0_z0u1y0": {
        "00": 0.2464,
        "10": 0.2549,
        "11": 0.2453,
        "01": 0.2534
    },
    "z0u2y0_z0u2y1": {
        "00": 0.1234,
        "10": 0.1256,
        "11": 0.1165,
        "01": 0.1242
    },
    "z0u3y1_z1y0": {
        "00": 0.1226,
        "10": 0.1183,
        "11": 0.1254,
        "01": 0.1324
    },
    "z0u2y1_z1y0": {
        "00": 0.1299,
        "10": 0.1269,
        "11": 0.1231,
        "01": 0.1237
    },
    "z1y1_z0u3y0": {
        "00": 0.1231,
        "10": 0.12505,
        "11": 0.1262,
        "01": 0.1284
    },
    "z1y0_z0u3y0": {
        "00": 0.1231,
        "10": 0.12505,
        "11": 0.1262,
        "01": 0.1284
    },
    "z1y1_z0u1y0": {
        "00": 0.1239,
        "10": 0.12435,
        "11": 0.12315,
        "01": 0.1286
    },
    "z0u3y0_z0u2y0": {
        "10": 0.2456,
        "01": 0.2546
    },
    "z0u1y0_z1y1": {},
    "z0u1y0_z0u3y0": {
        "00": 0.1232,
        "10": 0.1209,
        "11": 0.1262,
        "01": 0.1302
    }
}
