{
    "z0u3y1_z0u1y1": {
        "11": 0.2578,
        "01": 0.2485
    },
    "z0u2y0_z0u2y0": {
        "00": 0.1224,
        "10": 0.1219,
        "11": 0.1279,
        "01": 0.1265
    },
    "z1y1_z0u2y1": {
        "00": 0.126,
        "10": 0.12335,
        "11": 0.12415,
        "01": 0.12495
    },
    "z0u1y0_z0u1y1": {},
    "z0u3y0_z0u3y0": {
        "00": 0.1252,
        "10": 0.1297,
        "11": 0.1259,
        "01": 0.1291
    },
    "z1y0_z0u1y0": {
        "00": 0.24735,
        "10": 0.25265
    },
    "z0u3y0_z1y0": {
        "00": 0.2503,
        "10": 0.2508
    },
    "z0u3y1_z0u3y0": {
        "00": 0.1213,
        "10": 0.1228,
        "11": 0.1243,
        "01": 0.1264
    },
    "z0u2y0_z1y1": {
        "11": 0.2593,
        "01": 0.246
    },
    "z0u2y1_z0u3y1": {
        "00": 0.1306,
        "10": 0.1259,
        "11": 0.1318,
        "01": 0.1194
    },
    "z0u3y1_z0u2y1": {
        "00": 0.1269,
        "10": 0.1269,
        "11": 0.1214,
        "01": 0.1272
    },
    "z0u2y0_z0u3y0": {
        "00": 0.1248,
        "10": 0.1305,
        "11": 0.1279,
        "01": 0.1196
    },
    "z0u1y1_z0u3y0": {
        "11": 0.2497,
        "01": 0.252
    },
    "z0u1y1_z0u3y1": {
        "11": 0.2453,
        "01": 0.253
    },
    "z0u2y1_z0u3y0": {
        "00": 0.1238,
        "10": 0.1223,
        "11": 0.1246,
        "01": 0.1216
    },
    "z0u1y1_z1y1": {
        "11": 0.5042,
        "01": 0.4958
    },
    "z0u2y1_z0u1y0": {
        "00": 0.2495,
        "10": 0.2483
    },
    "z1y1_z0u3y1": {
        "00": 0.123,
        "10": 0.1308,
        "11": 0.12605,
        "01": 0.12325
    },
    "z1y0_z0u3y1": {
        "00": 0.123,
        "10": 0.1308,
        "11": 0.12605,
        "01": 0.12325
    },
    "z0u1y0_z1y0": {
        "00": 0.5056,
        "10": 0.4944
    },
    "z0u1y1_z1y0": {},
    "z0u1y1_z0u2y1": {
        "11": 0.2555,
        "01": 0.2471
    },
    "z0u2y0_z0u1y0": {
        "00": 0.2545,
        "10": 0.2578
    },
    "z0u1y0_z0u2y1": {
        "00": 0.2459,
        "10": 0.2546
    },
    "z1y1_z0u2y0": {
        "00": 0.12285,
        "10": 0.1278,
        "11": 0.1244,
        "01": 0.1265
    },
    "z0u2y0_z0u1y1": {
        "11": 0.2486,
        "01": 0.2391
    },
    "z0u1y0_z0u2y0": {
        "00": 0.2484,
        "10": 0.2511
    },
    "z1y0_z0u1y1": {
        "11": 0.2533,
        "01": 0.2467
    },
    "z0u3y0_z0u2y1": {
        "00": 0.1246,
        "10": 0.1233,
        "11": 0.1214,
        "01": 0.1239
    },
    "z1y0_z1y1": {
        "11": 0.25315,
        "01": 0.24685
    },
    "z0u1y1_z0u1y0": {},
    "z0u3y1_z0u3y1": {
        "00": 0.1242,
        "10": 0.1262,
        "11": 0.1289,
        "01": 0.1259
    },
    "z1y1_z1y0": {
        "00": 0.2483,
        "10": 0.2517
    },
    "z0u3y1_z0u1y0": {
        "00": 0.2458,
        "10": 0.2479
    },
    "z1y1_z0u1y1": {
        "11": 0.2533,
        "01": 0.2467
    },
    "z1y0_z1y0": {
        "00": 0.2483,
        "10": 0.2517
    },
    "z0u2y1_z1y1": {
        "11": 0.251,
        "01": 0.2505
    },
    "z0u1y1_z0u1y1": {
        "11": 0.4991,
        "01": 0.5009
    },
    "z0u2y1_z0u1y1": {
        "11": 0.2531,
        "01": 0.2491
    },
    "z0u3y1_z0u2y0": {
        "00": 0.1239,
        "10": 0.1255,
        "11": 0.1189,
        "01": 0.1293
    },
    "z1y1_z1y1": {
        "11": 0.25315,
        "01": 0.24685
    },
    "z0u3y0_z0u1y0": {
        "00": 0.2517,
        "10": 0.2441
    },
    "z0u2y0_z0u3y1": {
        "00": 0.1201,
        "10": 0.124,
        "11": 0.1243,
        "01": 0.1288
    },
    "z0u3y0_z0u3y1": {
        "00": 0.1196,
        "10": 0.1318,
        "11": 0.1145,
        "01": 0.1242
    },
    "z0u3y0_z1y1": {
        "11": 0.25,
        "01": 0.2489
    },
    "z1y0_z0u2y0": {
        "00": 0.12285,
        "10": 0.1278,
        "11": 0.1244,
        "01": 0.1265
    },
    "z1y0_z0u2y1": {
        "00": 0.126,
        "10": 0.12335,
        "11": 0.12415,
        "01": 0.12495
    },
    "z0u1y1_z0u2y0": {
        "11": 0.2517,
        "01": 0.2457
    },
    "z0u3y0_z0u1y1": {
        "11": 0.2506,
        "01": 0.2536
    },
    "z0u2y0_z1y0": {
        "00": 0.2531,
        "10": 0.2416
    },
    "z0u3y1_z1y1": {
        "11": 0.2544,
        "01": 0.2482
    },
    "z0u1y0_z0u3y1": {
        "00": 0.2541,
        "10": 0.2483
    },
    "z0u2y1_z0u2y0": {
        "00": 0.1258,
        "10": 0.1233,
        "11": 0.1253,
        "01": 0.1225
    },
    "z0u2y1_z0u2y1": {
        "00": 0.1253,
        "10": 0.1252,
        "11": 0.1202,
        "01": 0.1324
    },
    "z0u1y0_z0u1y0": {
        "00": 0.4939,
        "10": 0.5061
    },
    "z0u2y0_z0u2y1": {
        "00": 0.12,
        "10": 0.1244,
        "11": 0.1295,
        "01": 0.1274
    },
    "z0u3y1_z1y0": {
        "00": 0.2511,
        "10": 0.2463
    },
    "z0u2y1_z1y0": {
        "00": 0.254,
        "10": 0.2445
    },
    "z1y1_z0u3y0": {
        "00": 0.12315,
        "10": 0.12305,
        "11": 0.12735,
        "01": 0.12335
    },
    "z1y0_z0u3y0": {
        "00": 0.12315,
        "10": 0.12305,
        "11": 0.12735,
        "01": 0.12335
    },
    "z1y1_z0u1y0": {
        "00": 0.24735,
        "10": 0.25265
    },
    "z0u3y0_z0u2y0": {
        "00": 0.1298,
        "10": 0.1285,
        "11": 0.1217,
        "01": 0.1268
    },
    "z0u1y0_z1y1": {},
    "z0u1y0_z0u3y0": {
        "00": 0.2537,
        "10": 0.2439
    }
}
