{
    "z0u3y1_z0u1y1": {
        "00": 0.1254,
        "10": 0.1236,
        "11": 0.1181,
        "01": 0.1265
    },
    "z0u2y0_z0u2y0": {
        "00": 0.2458,
        "11": 0.2569
    },
    "z1y1_z0u2y1": {
        "00": 0.1225,
        "10": 0.1266,
        "11": 0.12075,
        "01": 0.1238
    },
    "z0u1y0_z0u1y1": {},
    "z0u3y0_z0u3y0": {
        "00": 0.2533,
        "11": 0.2469
    },
    "z1y0_z0u1y0": {
        "00": 0.1279,
        "10": 0.1233,
        "11": 0.1242,
        "01": 0.1246
    },
    "z0u3y0_z1y0": {
        "00": 0.1287,
        "10": 0.1259,
        "11": 0.1254,
        "01": 0.1228
    },
    "z0u3y1_z0u3y0": {
        "10": 0.2497,
        "01": 0.2598
    },
    "z0u2y0_z1y1": {
        "00": 0.1231,
        "10": 0.1217,
        "11": 0.1282,
        "01": 0.1298
    },
    "z0u2y1_z0u3y1": {
        "00": 0.1278,
        "10": 0.1267,
        "11": 0.1226,
        "01": 0.1211
    },
    "z0u3y1_z0u2y1": {
        "00": 0.1261,
        "10": 0.1266,
        "11": 0.1218,
        "01": 0.1194
    },
    "z0u2y0_z0u3y0": {
        "00": 0.1249,
        "10": 0.125,
        "11": 0.1274,
        "01": 0.1237
    },
    "z0u1y1_z0u3y0": {
        "00": 0.12,
        "10": 0.1257,
        "11": 0.129,
        "01": 0.1274
    },
    "z0u1y1_z0u3y1": {
        "00": 0.1259,
        "10": 0.124,
        "11": 0.1279,
        "01": 0.1201
    },
    "z0u2y1_z0u3y0": {
        "00": 0.1285,
        "10": 0.1246,
        "11": 0.1246,
        "01": 0.1241
    },
    "z0u1y1_z1y1": {
        "00": 0.2532,
        "10": 0.2501,
        "11": 0.2483,
        "01": 0.2484
    },
    "z0u2y1_z0u1y0": {
        "00": 0.1255,
        "10": 0.124,
        "11": 0.1228,
        "01": 0.127
    },
    "z1y1_z0u3y1": {
        "00": 0.1281,
        "10": 0.12545,
        "11": 0.12215,
        "01": 0.1228
    },
    "z1y0_z0u3y1": {
        "00": 0.1281,
        "10": 0.12545,
        "11": 0.12215,
        "01": 0.1228
    },
    "z0u1y0_z1y0": {
        "00": 0.2535,
        "10": 0.2521,
        "11": 0.2538,
        "01": 0.2406
    },
    "z0u1y1_z1y0": {},
    "z0u1y1_z0u2y1": {
        "00": 0.1189,
        "10": 0.1277,
        "11": 0.1256,
        "01": 0.1258
    },
    "z0u2y0_z0u1y0": {
        "00": 0.1295,
        "10": 0.1281,
        "11": 0.1193,
        "01": 0.1247
    },
    "z0u1y0_z0u2y1": {
        "00": 0.1264,
        "10": 0.1228,
        "11": 0.1229,
        "01": 0.1304
    },
    "z1y1_z0u2y0": {
        "00": 0.12765,
        "10": 0.12725,
        "11": 0.12675,
        "01": 0.1247
    },
    "z0u2y0_z0u1y1": {
        "00": 0.128,
        "10": 0.1215,
        "11": 0.1245,
        "01": 0.1244
    },
    "z0u1y0_z0u2y0": {
        "00": 0.1238,
        "10": 0.1238,
        "11": 0.124,
        "01": 0.1259
    },
    "z1y0_z0u1y1": {
        "00": 0.1238,
        "10": 0.12345,
        "11": 0.1237,
        "01": 0.12905
    },
    "z0u3y0_z0u2y1": {
        "00": 0.1263,
        "10": 0.1253,
        "11": 0.1249,
        "01": 0.1248
    },
    "z1y0_z1y1": {
        "00": 0.1242,
        "10": 0.1231,
        "11": 0.12435,
        "01": 0.12835
    },
    "z0u1y1_z0u1y0": {},
    "z0u3y1_z0u3y1": {
        "00": 0.2457,
        "11": 0.2448
    },
    "z1y1_z1y0": {
        "00": 0.12305,
        "10": 0.1246,
        "11": 0.1279,
        "01": 0.12445
    },
    "z0u3y1_z0u1y0": {
        "00": 0.1248,
        "10": 0.1268,
        "11": 0.1301,
        "01": 0.1247
    },
    "z1y1_z0u1y1": {
        "00": 0.1238,
        "10": 0.12345,
        "11": 0.1237,
        "01": 0.12905
    },
    "z1y0_z1y0": {
        "00": 0.12305,
        "10": 0.1246,
        "11": 0.1279,
        "01": 0.12445
    },
    "z0u2y1_z1y1": {
        "00": 0.1295,
        "10": 0.1328,
        "11": 0.1228,
        "01": 0.1244
    },
    "z0u1y1_z0u1y1": {
        "00": 0.2425,
        "10": 0.2551,
        "11": 0.2519,
        "01": 0.2505
    },
    "z0u2y1_z0u1y1": {
        "00": 0.1264,
        "10": 0.1259,
        "11": 0.1225,
        "01": 0.1259
    },
    "z0u3y1_z0u2y0": {
        "00": 0.1242,
        "10": 0.1352,
        "11": 0.123,
        "01": 0.1237
    },
    "z1y1_z1y1": {
        "00": 0.1242,
        "10": 0.1231,
        "11": 0.12435,
        "01": 0.12835
    },
    "z0u3y0_z0u1y0": {
        "00": 0.1242,
        "10": 0.1242,
        "11": 0.1206,
        "01": 0.1247
    },
    "z0u2y0_z0u3y1": {
        "00": 0.1242,
        "10": 0.1302,
        "11": 0.122,
        "01": 0.1226
    },
    "z0u3y0_z0u3y1": {
        "10": 0.2475,
        "01": 0.2523
    },
    "z0u3y0_z1y1": {
        "00": 0.1241,
        "10": 0.1258,
        "11": 0.1218,
        "01": 0.1255
    },
    "z1y0_z0u2y0": {
        "00": 0.12765,
        "10": 0.12725,
        "11": 0.12675,
        "01": 0.1247
    },
    "z1y0_z0u2y1": {
        "00": 0.1225,
        "10": 0.1266,
        "11": 0.12075,
        "01": 0.1238
    },
    "z0u1y1_z0u2y0": {
        "00": 0.1264,
        "10": 0.1256,
        "11": 0.1265,
        "01": 0.1235
    },
    "z0u3y0_z0u1y1": {
        "00": 0.1286,
        "10": 0.1226,
        "11": 0.1251,
        "01": 0.13
    },
    "z0u2y0_z1y0": {
        "00": 0.1278,
        "10": 0.1291,
        "11": 0.1158,
        "01": 0.1245
    },
    "z0u3y1_z1y1": {
        "00": 0.1235,
        "10": 0.1284,
        "11": 0.121,
        "01": 0.1312
    },
    "z0u1y0_z0u3y1": {
        "00": 0.1253,
        "10": 0.1255,
        "11": 0.1218,
        "01": 0.1261
    },
    "z0u2y1_z0u2y0": {
        "10": 0.2507,
        "01": 0.25
    },
    "z0u2y1_z0u2y1": {
        "00": 0.2505,
        "11": 0.2488
    },
    "z0u1y0_z0u1y0": {
        "00": 0.2496,
        "10": 0.2499,
        "11": 0.2459,
        "01": 0.2546
    },
    "z0u2y0_z0u2y1": {
        "10": 0.2466,
        "01": 0.2507
    },
    "z0u3y1_z1y0": {
        "00": 0.1248,
        "10": 0.1182,
        "11": 0.1244,
        "01": 0.1285
    },
    "z0u2y1_z1y0": {
        "00": 0.1229,
        "10": 0.1275,
        "11": 0.1215,
        "01": 0.1186
    },
    "z1y1_z0u3y0": {
        "00": 0.1262,
        "10": 0.12765,
        "11": 0.1205,
        "01": 0.12715
    },
    "z1y0_z0u3y0": {
        "00": 0.1262,
        "10": 0.12765,
        "11": 0.1205,
        "01": 0.12715
    },
    "z1y1_z0u1y0": {
        "00": 0.1279,
        "10": 0.1233,
        "11": 0.1242,
        "01": 0.1246
    },
    "z0u3y0_z0u2y0": {
        "00": 0.1216,
        "10": 0.1321,
        "11": 0.1231,
        "01": 0.1219
    },
    "z0u1y0_z1y1": {},
    "z0u1y0_z0u3y0": {
        "00": 0.1262,
        "10": 0.1243,
        "11": 0.1263,
        "01": 0.1245
    }
}
