{
    "z0u3y1_z0u1y1": {
        "00": 0.1253,
        "10": 0.1284,
        "11": 0.133,
        "01": 0.1279
    },
    "z0u2y0_z0u2y0": {
        "10": 0.2395,
        "01": 0.25
    },
    "z1y1_z0u2y1": {
        "00": 0.12925,
        "10": 0.1222,
        "11": 0.12435,
        "01": 0.12445
    },
    "z0u1y0_z0u1y1": {},
    "z0u3y0_z0u3y0": {
        "10": 0.2521,
        "01": 0.2482
    },
    "z1y0_z0u1y0": {
        "00": 0.1244,
        "10": 0.1214,
        "11": 0.1255,
        "01": 0.1287
    },
    "z0u3y0_z1y0": {
        "00": 0.1286,
        "10": 0.1261,
        "11": 0.1263,
        "01": 0.1277
    },
    "z0u3y1_z0u3y0": {
        "00": 0.2487,
        "11": 0.2451
    },
    "z0u2y0_z1y1": {
        "00": 0.1249,
        "10": 0.1303,
        "11": 0.1248,
        "01": 0.1267
    },
    "z0u2y1_z0u3y1": {
        "00": 0.1313,
        "10": 0.125,
        "11": 0.1216,
        "01": 0.1226
    },
    "z0u3y1_z0u2y1": {
        "00": 0.1257,
        "10": 0.1276,
        "11": 0.1287,
        "01": 0.123
    },
    "z0u2y0_z0u3y0": {
        "00": 0.1292,
        "10": 0.123,
        "11": 0.1184,
        "01": 0.1277
    },
    "z0u1y1_z0u3y0": {
        "00": 0.1275,
        "10": 0.1194,
        "11": 0.128,
        "01": 0.1255
    },
    "z0u1y1_z0u3y1": {
        "00": 0.118,
        "10": 0.1273,
        "11": 0.133,
        "01": 0.1213
    },
    "z0u2y1_z0u3y0": {
        "00": 0.1251,
        "10": 0.1274,
        "11": 0.1238,
        "01": 0.1232
    },
    "z0u1y1_z1y1": {
        "00": 0.2528,
        "10": 0.2496,
        "11": 0.254,
        "01": 0.2436
    },
    "z0u2y1_z0u1y0": {
        "00": 0.1269,
        "10": 0.1275,
        "11": 0.1287,
        "01": 0.1176
    },
    "z1y1_z0u3y1": {
        "00": 0.12075,
        "10": 0.1264,
        "11": 0.1234,
        "01": 0.1214
    },
    "z1y0_z0u3y1": {
        "00": 0.12075,
        "10": 0.1264,
        "11": 0.1234,
        "01": 0.1214
    },
    "z0u1y0_z1y0": {
        "00": 0.2495,
        "10": 0.2466,
        "11": 0.2519,
        "01": 0.252
    },
    "z0u1y1_z1y0": {},
    "z0u1y1_z0u2y1": {
        "00": 0.1272,
        "10": 0.1226,
        "11": 0.1242,
        "01": 0.1243
    },
    "z0u2y0_z0u1y0": {
        "00": 0.1258,
        "10": 0.1233,
        "11": 0.1245,
        "01": 0.1275
    },
    "z0u1y0_z0u2y1": {
        "00": 0.1238,
        "10": 0.1298,
        "11": 0.1255,
        "01": 0.1281
    },
    "z1y1_z0u2y0": {
        "00": 0.1231,
        "10": 0.12445,
        "11": 0.12395,
        "01": 0.12825
    },
    "z0u2y0_z0u1y1": {
        "00": 0.126,
        "10": 0.1202,
        "11": 0.1265,
        "01": 0.1262
    },
    "z0u1y0_z0u2y0": {
        "00": 0.1197,
        "10": 0.1246,
        "11": 0.1225,
        "01": 0.126
    },
    "z1y0_z0u1y1": {
        "00": 0.1233,
        "10": 0.12315,
        "11": 0.1225,
        "01": 0.13105
    },
    "z0u3y0_z0u2y1": {
        "00": 0.1264,
        "10": 0.1301,
        "11": 0.1233,
        "01": 0.119
    },
    "z1y0_z1y1": {
        "00": 0.1218,
        "10": 0.13085,
        "11": 0.12235,
        "01": 0.125
    },
    "z0u1y1_z0u1y0": {},
    "z0u3y1_z0u3y1": {
        "10": 0.2498,
        "01": 0.2564
    },
    "z1y1_z1y0": {
        "00": 0.12575,
        "10": 0.12905,
        "11": 0.1218,
        "01": 0.1234
    },
    "z0u3y1_z0u1y0": {
        "00": 0.1279,
        "10": 0.1207,
        "11": 0.117,
        "01": 0.1198
    },
    "z1y1_z0u1y1": {
        "00": 0.1233,
        "10": 0.12315,
        "11": 0.1225,
        "01": 0.13105
    },
    "z1y0_z1y0": {
        "00": 0.12575,
        "10": 0.12905,
        "11": 0.1218,
        "01": 0.1234
    },
    "z0u2y1_z1y1": {
        "00": 0.1207,
        "10": 0.127,
        "11": 0.1272,
        "01": 0.1272
    },
    "z0u1y1_z0u1y1": {
        "00": 0.2515,
        "10": 0.2515,
        "11": 0.2459,
        "01": 0.2511
    },
    "z0u2y1_z0u1y1": {
        "00": 0.1261,
        "10": 0.1242,
        "11": 0.1249,
        "01": 0.1241
    },
    "z0u3y1_z0u2y0": {
        "00": 0.1209,
        "10": 0.1274,
        "11": 0.1245,
        "01": 0.1222
    },
    "z1y1_z1y1": {
        "00": 0.1218,
        "10": 0.13085,
        "11": 0.12235,
        "01": 0.125
    },
    "z0u3y0_z0u1y0": {
        "00": 0.1255,
        "10": 0.1225,
        "11": 0.1301,
        "01": 0.1279
    },
    "z0u2y0_z0u3y1": {
        "00": 0.1291,
        "10": 0.1318,
        "11": 0.1189,
        "01": 0.1219
    },
    "z0u3y0_z0u3y1": {
        "00": 0.2543,
        "11": 0.2454
    },
    "z0u3y0_z1y1": {
        "00": 0.1224,
        "10": 0.1235,
        "11": 0.1221,
        "01": 0.1233
    },
    "z1y0_z0u2y0": {
        "00": 0.1231,
        "10": 0.12445,
        "11": 0.12395,
        "01": 0.12825
    },
    "z1y0_z0u2y1": {
        "00": 0.12925,
        "10": 0.1222,
        "11": 0.12435,
        "01": 0.12445
    },
    "z0u1y1_z0u2y0": {
        "00": 0.122,
        "10": 0.1255,
        "11": 0.1328,
        "01": 0.1214
    },
    "z0u3y0_z0u1y1": {
        "00": 0.1301,
        "10": 0.1241,
        "11": 0.1192,
        "01": 0.1206
    },
    "z0u2y0_z1y0": {
        "00": 0.1214,
        "10": 0.1265,
        "11": 0.1212,
        "01": 0.1242
    },
    "z0u3y1_z1y1": {
        "00": 0.1274,
        "10": 0.1285,
        "11": 0.1244,
        "01": 0.126
    },
    "z0u1y0_z0u3y1": {
        "00": 0.122,
        "10": 0.1261,
        "11": 0.1299,
        "01": 0.1226
    },
    "z0u2y1_z0u2y0": {
        "00": 0.2567,
        "11": 0.2487
    },
    "z0u2y1_z0u2y1": {
        "10": 0.2457,
        "01": 0.2489
    },
    "z0u1y0_z0u1y0": {
        "00": 0.256,
        "10": 0.2487,
        "11": 0.2494,
        "01": 0.2459
    },
    "z0u2y0_z0u2y1": {
        "00": 0.2529,
        "11": 0.2576
    },
    "z0u3y1_z1y0": {
        "00": 0.1212,
        "10": 0.1268,
        "11": 0.1267,
        "01": 0.119
    },
    "z0u2y1_z1y0": {
        "00": 0.12,
        "10": 0.1261,
        "11": 0.1205,
        "01": 0.1313
    },
    "z1y1_z0u3y0": {
        "00": 0.1266,
        "10": 0.1282,
        "11": 0.12475,
        "01": 0.1285
    },
    "z1y0_z0u3y0": {
        "00": 0.1266,
        "10": 0.1282,
        "11": 0.12475,
        "01": 0.1285
    },
    "z1y1_z0u1y0": {
        "00": 0.1244,
        "10": 0.1214,
        "11": 0.1255,
        "01": 0.1287
    },
    "z0u3y0_z0u2y0": {
        "00": 0.13,
        "10": 0.1204,
        "11": 0.1239,
        "01": 0.1269
    },
    "z0u1y0_z1y1": {},
    "z0u1y0_z0u3y0": {
        "00": 0.1237,
        "10": 0.1238,
        "11": 0.1266,
        "01": 0.1253
    }
}
