{
    "z0u3y1_z0u1y1": {
        "11": 0.2486,
        "01": 0.2522
    },
    "z0u2y0_z0u2y0": {
        "00": 0.1185,
        "10": 0.1253,
        "11": 0.1305,
        "01": 0.1175
    },
    "z1y1_z0u2y1": {
        "00": 0.125,
        "10": 0.12765,
        "11": 0.12655,
        "01": 0.12705
    },
    "z0u1y0_z0u1y1": {},
    "z0u3y0_z0u3y0": {
        "00": 0.1211,
        "10": 0.1284,
        "11": 0.1199,
        "01": 0.125
    },
    "z1y0_z0u1y0": {
        "00": 0.2513,
        "10": 0.2487
    },
    "z0u3y0_z1y0": {
        "00": 0.2481,
        "10": 0.247
    },
    "z0u3y1_z0u3y0": {
        "00": 0.1322,
        "10": 0.1259,
        "11": 0.1253,
        "01": 0.1225
    },
    "z0u2y0_z1y1": {
        "11": 0.2552,
        "01": 0.2471
    },
    "z0u2y1_z0u3y1": {
        "00": 0.127,
        "10": 0.1236,
        "11": 0.1277,
        "01": 0.1306
    },
    "z0u3y1_z0u2y1": {
        "00": 0.1219,
        "10": 0.1264,
        "11": 0.1226,
        "01": 0.1251
    },
    "z0u2y0_z0u3y0": {
        "00": 0.1252,
        "10": 0.1266,
        "11": 0.125,
        "01": 0.1204
    },
    "z0u1y1_z0u3y0": {
        "11": 0.2483,
        "01": 0.2512
    },
    "z0u1y1_z0u3y1": {
        "11": 0.2443,
        "01": 0.2562
    },
    "z0u2y1_z0u3y0": {
        "00": 0.1202,
        "10": 0.1228,
        "11": 0.1276,
        "01": 0.1205
    },
    "z0u1y1_z1y1": {
        "11": 0.4981,
        "01": 0.5019
    },
    "z0u2y1_z0u1y0": {
        "00": 0.2524,
        "10": 0.2501
    },
    "z1y1_z0u3y1": {
        "00": 0.12575,
        "10": 0.12255,
        "11": 0.12695,
        "01": 0.12575
    },
    "z1y0_z0u3y1": {
        "00": 0.12575,
        "10": 0.12255,
        "11": 0.12695,
        "01": 0.12575
    },
    "z0u1y0_z1y0": {
        "00": 0.5053,
        "10": 0.4947
    },
    "z0u1y1_z1y0": {},
    "z0u1y1_z0u2y1": {
        "11": 0.2435,
        "01": 0.2503
    },
    "z0u2y0_z0u1y0": {
        "00": 0.2495,
        "10": 0.2508
    },
    "z0u1y0_z0u2y1": {
        "00": 0.2554,
        "10": 0.2523
    },
    "z1y1_z0u2y0": {
        "00": 0.12175,
        "10": 0.1256,
        "11": 0.12055,
        "01": 0.12585
    },
    "z0u2y0_z0u1y1": {
        "11": 0.2477,
        "01": 0.252
    },
    "z0u1y0_z0u2y0": {
        "00": 0.2479,
        "10": 0.2444
    },
    "z1y0_z0u1y1": {
        "11": 0.2479,
        "01": 0.2521
    },
    "z0u3y0_z0u2y1": {
        "00": 0.1231,
        "10": 0.1245,
        "11": 0.1221,
        "01": 0.1233
    },
    "z1y0_z1y1": {
        "11": 0.25325,
        "01": 0.24675
    },
    "z0u1y1_z0u1y0": {},
    "z0u3y1_z0u3y1": {
        "00": 0.1177,
        "10": 0.1303,
        "11": 0.1237,
        "01": 0.1224
    },
    "z1y1_z1y0": {
        "00": 0.25115,
        "10": 0.24885
    },
    "z0u3y1_z0u1y0": {
        "00": 0.2517,
        "10": 0.2475
    },
    "z1y1_z0u1y1": {
        "11": 0.2479,
        "01": 0.2521
    },
    "z1y0_z1y0": {
        "00": 0.25115,
        "10": 0.24885
    },
    "z0u2y1_z1y1": {
        "11": 0.2402,
        "01": 0.2474
    },
    "z0u1y1_z0u1y1": {
        "11": 0.4949,
        "01": 0.5051
    },
    "z0u2y1_z0u1y1": {
        "11": 0.248,
        "01": 0.2495
    },
    "z0u3y1_z0u2y0": {
        "00": 0.1272,
        "10": 0.12,
        "11": 0.1254,
        "01": 0.1314
    },
    "z1y1_z1y1": {
        "11": 0.25325,
        "01": 0.24675
    },
    "z0u3y0_z0u1y0": {
        "00": 0.2534,
        "10": 0.2448
    },
    "z0u2y0_z0u3y1": {
        "00": 0.1198,
        "10": 0.1274,
        "11": 0.1261,
        "01": 0.1295
    },
    "z0u3y0_z0u3y1": {
        "00": 0.1246,
        "10": 0.1286,
        "11": 0.1291,
        "01": 0.1233
    },
    "z0u3y0_z1y1": {
        "11": 0.251,
        "01": 0.2539
    },
    "z1y0_z0u2y0": {
        "00": 0.12175,
        "10": 0.1256,
        "11": 0.12055,
        "01": 0.12585
    },
    "z1y0_z0u2y1": {
        "00": 0.125,
        "10": 0.12765,
        "11": 0.12655,
        "01": 0.12705
    },
    "z0u1y1_z0u2y0": {
        "11": 0.253,
        "01": 0.2532
    },
    "z0u3y0_z0u1y1": {
        "11": 0.2486,
        "01": 0.2532
    },
    "z0u2y0_z1y0": {
        "00": 0.2555,
        "10": 0.2422
    },
    "z0u3y1_z1y1": {
        "11": 0.2527,
        "01": 0.2441
    },
    "z0u1y0_z0u3y1": {
        "00": 0.2557,
        "10": 0.2566
    },
    "z0u2y1_z0u2y0": {
        "00": 0.1245,
        "10": 0.1291,
        "11": 0.1276,
        "01": 0.1234
    },
    "z0u2y1_z0u2y1": {
        "00": 0.1191,
        "10": 0.125,
        "11": 0.1265,
        "01": 0.1248
    },
    "z0u1y0_z0u1y0": {
        "00": 0.5008,
        "10": 0.4992
    },
    "z0u2y0_z0u2y1": {
        "00": 0.1281,
        "10": 0.1269,
        "11": 0.1238,
        "01": 0.1294
    },
    "z0u3y1_z1y0": {
        "00": 0.253,
        "10": 0.2502
    },
    "z0u2y1_z1y0": {
        "00": 0.2582,
        "10": 0.2542
    },
    "z1y1_z0u3y0": {
        "00": 0.1269,
        "10": 0.1248,
        "11": 0.1242,
        "01": 0.1231
    },
    "z1y0_z0u3y0": {
        "00": 0.1269,
        "10": 0.1248,
        "11": 0.1242,
        "01": 0.1231
    },
    "z1y1_z0u1y0": {
        "00": 0.2513,
        "10": 0.2487
    },
    "z0u3y0_z0u2y0": {
        "00": 0.1311,
        "10": 0.1272,
        "11": 0.1237,
        "01": 0.125
    },
    "z0u1y0_z1y1": {},
    "z0u1y0_z0u3y0": {
        "00": 0.249,
        "10": 0.2387
    }
}
