{
    "z0u3y1_z0u1y1": {
        "00": 0.1323,
        "10": 0.1282,
        "11": 0.1177,
        "01": 0.1279
    },
    "z0u2y0_z0u2y0": {
        "00": 0.1274,
        "10": 0.1273,
        "11": 0.121,
        "01": 0.1252
    },
    "z1y1_z0u2y1": {
        "00": 0.1236,
        "10": 0.12565,
        "11": 0.1264,
        "01": 0.1274
    },
    "z0u1y0_z0u1y1": {},
    "z0u3y0_z0u3y0": {
        "00": 0.1312,
        "10": 0.1234,
        "11": 0.1214,
        "01": 0.1269
    },
    "z1y0_z0u1y0": {
        "00": 0.1259,
        "10": 0.1277,
        "11": 0.1197,
        "01": 0.1267
    },
    "z0u3y0_z1y0": {
        "00": 0.132,
        "10": 0.1267,
        "11": 0.1235,
        "01": 0.1231
    },
    "z0u3y1_z0u3y0": {
        "00": 0.1266,
        "10": 0.1244,
        "11": 0.1287,
        "01": 0.1195
    },
    "z0u2y0_z1y1": {
        "00": 0.1256,
        "10": 0.1309,
        "11": 0.115,
        "01": 0.1255
    },
    "z0u2y1_z0u3y1": {
        "00": 0.2458,
        "11": 0.253
    },
    "z0u3y1_z0u2y1": {
        "10": 0.2554,
        "01": 0.2509
    },
    "z0u2y0_z0u3y0": {
        "00": 0.2532,
        "11": 0.2462
    },
    "z0u1y1_z0u3y0": {
        "00": 0.1201,
        "10": 0.125,
        "11": 0.1238,
        "01": 0.1246
    },
    "z0u1y1_z0u3y1": {
        "00": 0.1292,
        "10": 0.129,
        "11": 0.1279,
        "01": 0.1204
    },
    "z0u2y1_z0u3y0": {
        "10": 0.2536,
        "01": 0.2476
    },
    "z0u1y1_z1y1": {
        "00": 0.2509,
        "10": 0.2541,
        "11": 0.2486,
        "01": 0.2464
    },
    "z0u2y1_z0u1y0": {
        "00": 0.1262,
        "10": 0.1199,
        "11": 0.122,
        "01": 0.1258
    },
    "z1y1_z0u3y1": {
        "00": 0.12335,
        "10": 0.12295,
        "11": 0.12675,
        "01": 0.12415
    },
    "z1y0_z0u3y1": {
        "00": 0.12335,
        "10": 0.12295,
        "11": 0.12675,
        "01": 0.12415
    },
    "z0u1y0_z1y0": {
        "00": 0.2446,
        "10": 0.2538,
        "11": 0.2509,
        "01": 0.2507
    },
    "z0u1y1_z1y0": {},
    "z0u1y1_z0u2y1": {
        "00": 0.1269,
        "10": 0.1236,
        "11": 0.1306,
        "01": 0.1253
    },
    "z0u2y0_z0u1y0": {
        "00": 0.1291,
        "10": 0.1255,
        "11": 0.1234,
        "01": 0.1252
    },
    "z0u1y0_z0u2y1": {
        "00": 0.1191,
        "10": 0.1208,
        "11": 0.1289,
        "01": 0.1268
    },
    "z1y1_z0u2y0": {
        "00": 0.1265,
        "10": 0.125,
        "11": 0.12495,
        "01": 0.1205
    },
    "z0u2y0_z0u1y1": {
        "00": 0.1262,
        "10": 0.1245,
        "11": 0.1196,
        "01": 0.1265
    },
    "z0u1y0_z0u2y0": {
        "00": 0.1248,
        "10": 0.1247,
        "11": 0.1318,
        "01": 0.1231
    },
    "z1y0_z0u1y1": {
        "00": 0.12565,
        "10": 0.1225,
        "11": 0.1275,
        "01": 0.12435
    },
    "z0u3y0_z0u2y1": {
        "00": 0.2469,
        "11": 0.2531
    },
    "z1y0_z1y1": {
        "00": 0.1254,
        "10": 0.1312,
        "11": 0.1204,
        "01": 0.123
    },
    "z0u1y1_z0u1y0": {},
    "z0u3y1_z0u3y1": {
        "00": 0.1254,
        "10": 0.1268,
        "11": 0.1257,
        "01": 0.1229
    },
    "z1y1_z1y0": {
        "00": 0.12475,
        "10": 0.1246,
        "11": 0.1229,
        "01": 0.12775
    },
    "z0u3y1_z0u1y0": {
        "00": 0.1241,
        "10": 0.1217,
        "11": 0.1229,
        "01": 0.1252
    },
    "z1y1_z0u1y1": {
        "00": 0.12565,
        "10": 0.1225,
        "11": 0.1275,
        "01": 0.12435
    },
    "z1y0_z1y0": {
        "00": 0.12475,
        "10": 0.1246,
        "11": 0.1229,
        "01": 0.12775
    },
    "z0u2y1_z1y1": {
        "00": 0.1232,
        "10": 0.1296,
        "11": 0.1235,
        "01": 0.1278
    },
    "z0u1y1_z0u1y1": {
        "00": 0.2447,
        "10": 0.2543,
        "11": 0.2516,
        "01": 0.2494
    },
    "z0u2y1_z0u1y1": {
        "00": 0.1315,
        "10": 0.1264,
        "11": 0.1261,
        "01": 0.1221
    },
    "z0u3y1_z0u2y0": {
        "00": 0.2505,
        "11": 0.2432
    },
    "z1y1_z1y1": {
        "00": 0.1254,
        "10": 0.1312,
        "11": 0.1204,
        "01": 0.123
    },
    "z0u3y0_z0u1y0": {
        "00": 0.1332,
        "10": 0.1277,
        "11": 0.1228,
        "01": 0.1262
    },
    "z0u2y0_z0u3y1": {
        "10": 0.2581,
        "01": 0.2425
    },
    "z0u3y0_z0u3y1": {
        "00": 0.1243,
        "10": 0.1281,
        "11": 0.1209,
        "01": 0.1238
    },
    "z0u3y0_z1y1": {
        "00": 0.1243,
        "10": 0.1264,
        "11": 0.1227,
        "01": 0.1213
    },
    "z1y0_z0u2y0": {
        "00": 0.1265,
        "10": 0.125,
        "11": 0.12495,
        "01": 0.1205
    },
    "z1y0_z0u2y1": {
        "00": 0.1236,
        "10": 0.12565,
        "11": 0.1264,
        "01": 0.1274
    },
    "z0u1y1_z0u2y0": {
        "00": 0.1273,
        "10": 0.1226,
        "11": 0.121,
        "01": 0.1227
    },
    "z0u3y0_z0u1y1": {
        "00": 0.1199,
        "10": 0.1245,
        "11": 0.1224,
        "01": 0.1233
    },
    "z0u2y0_z1y0": {
        "00": 0.1249,
        "10": 0.1276,
        "11": 0.129,
        "01": 0.1215
    },
    "z0u3y1_z1y1": {
        "00": 0.1272,
        "10": 0.1308,
        "11": 0.1224,
        "01": 0.1196
    },
    "z0u1y0_z0u3y1": {
        "00": 0.1225,
        "10": 0.1238,
        "11": 0.1307,
        "01": 0.1269
    },
    "z0u2y1_z0u2y0": {
        "00": 0.1255,
        "10": 0.1277,
        "11": 0.1255,
        "01": 0.1231
    },
    "z0u2y1_z0u2y1": {
        "00": 0.1287,
        "10": 0.1226,
        "11": 0.1185,
        "01": 0.1284
    },
    "z0u1y0_z0u1y0": {
        "00": 0.246,
        "10": 0.2555,
        "11": 0.2444,
        "01": 0.2541
    },
    "z0u2y0_z0u2y1": {
        "00": 0.1194,
        "10": 0.1212,
        "11": 0.1295,
        "01": 0.129
    },
    "z0u3y1_z1y0": {
        "00": 0.1255,
        "10": 0.1267,
        "11": 0.122,
        "01": 0.1258
    },
    "z0u2y1_z1y0": {
        "00": 0.1302,
        "10": 0.1211,
        "11": 0.1205,
        "01": 0.1241
    },
    "z1y1_z0u3y0": {
        "00": 0.11945,
        "10": 0.1265,
        "11": 0.12645,
        "01": 0.1304
    },
    "z1y0_z0u3y0": {
        "00": 0.11945,
        "10": 0.1265,
        "11": 0.12645,
        "01": 0.1304
    },
    "z1y1_z0u1y0": {
        "00": 0.1259,
        "10": 0.1277,
        "11": 0.1197,
        "01": 0.1267
    },
    "z0u3y0_z0u2y0": {
        "10": 0.245,
        "01": 0.255
    },
    "z0u1y0_z1y1": {},
    "z0u1y0_z0u3y0": {
        "00": 0.1298,
        "10": 0.1202,
        "11": 0.1247,
        "01": 0.1214
    }
}
