{
    "z0u3y1_z0u1y1": {
        "00": 0.1242,
        "10": 0.1209,
        "11": 0.1244,
        "01": 0.1318
    },
    "z0u2y0_z0u2y0": {
        "10": 0.2435,
        "01": 0.2454
    },
    "z1y1_z0u2y1": {
        "00": 0.1268,
        "10": 0.1267,
        "11": 0.12485,
        "01": 0.12515
    },
    "z0u1y0_z0u1y1": {},
    "z0u3y0_z0u3y0": {
        "10": 0.2493,
        "01": 0.2444
    },
    "z1y0_z0u1y0": {
        "00": 0.12455,
        "10": 0.12625,
        "11": 0.12295,
        "01": 0.12625
    },
    "z0u3y0_z1y0": {
        "00": 0.1157,
        "10": 0.1219,
        "11": 0.1287,
        "01": 0.1288
    },
    "z0u3y1_z0u3y0": {
        "00": 0.2549,
        "11": 0.2502
    },
    "z0u2y0_z1y1": {
        "00": 0.1295,
        "10": 0.126,
        "11": 0.1291,
        "01": 0.127
    },
    "z0u2y1_z0u3y1": {
        "00": 0.1268,
        "10": 0.1291,
        "11": 0.125,
        "01": 0.1236
    },
    "z0u3y1_z0u2y1": {
        "00": 0.126,
        "10": 0.1231,
        "11": 0.1256,
        "01": 0.1263
    },
    "z0u2y0_z0u3y0": {
        "00": 0.1218,
        "10": 0.1269,
        "11": 0.1284,
        "01": 0.1218
    },
    "z0u1y1_z0u3y0": {
        "00": 0.1276,
        "10": 0.127,
        "11": 0.1256,
        "01": 0.1282
    },
    "z0u1y1_z0u3y1": {
        "00": 0.1247,
        "10": 0.1166,
        "11": 0.124,
        "01": 0.1263
    },
    "z0u2y1_z0u3y0": {
        "00": 0.1199,
        "10": 0.1191,
        "11": 0.1308,
        "01": 0.1257
    },
    "z0u1y1_z1y1": {
        "00": 0.2433,
        "10": 0.2477,
        "11": 0.2562,
        "01": 0.2528
    },
    "z0u2y1_z0u1y0": {
        "00": 0.1256,
        "10": 0.1239,
        "11": 0.1273,
        "01": 0.1307
    },
    "z1y1_z0u3y1": {
        "00": 0.1242,
        "10": 0.12375,
        "11": 0.1203,
        "01": 0.1239
    },
    "z1y0_z0u3y1": {
        "00": 0.1242,
        "10": 0.12375,
        "11": 0.1203,
        "01": 0.1239
    },
    "z0u1y0_z1y0": {
        "00": 0.2571,
        "10": 0.2528,
        "11": 0.2415,
        "01": 0.2486
    },
    "z0u1y1_z1y0": {},
    "z0u1y1_z0u2y1": {
        "00": 0.1229,
        "10": 0.1239,
        "11": 0.1279,
        "01": 0.1296
    },
    "z0u2y0_z0u1y0": {
        "00": 0.1246,
        "10": 0.1267,
        "11": 0.1296,
        "01": 0.1251
    },
    "z0u1y0_z0u2y1": {
        "00": 0.1261,
        "10": 0.1291,
        "11": 0.1173,
        "01": 0.1239
    },
    "z1y1_z0u2y0": {
        "00": 0.1222,
        "10": 0.1255,
        "11": 0.12625,
        "01": 0.12255
    },
    "z0u2y0_z0u1y1": {
        "00": 0.1269,
        "10": 0.1213,
        "11": 0.1257,
        "01": 0.1201
    },
    "z0u1y0_z0u2y0": {
        "00": 0.1262,
        "10": 0.1301,
        "11": 0.1235,
        "01": 0.1238
    },
    "z1y0_z0u1y1": {
        "00": 0.1264,
        "10": 0.12455,
        "11": 0.125,
        "01": 0.12405
    },
    "z0u3y0_z0u2y1": {
        "00": 0.12,
        "10": 0.1256,
        "11": 0.1292,
        "01": 0.1292
    },
    "z1y0_z1y1": {
        "00": 0.12425,
        "10": 0.122,
        "11": 0.12465,
        "01": 0.1291
    },
    "z0u1y1_z0u1y0": {},
    "z0u3y1_z0u3y1": {
        "10": 0.2456,
        "01": 0.2493
    },
    "z1y1_z1y0": {
        "00": 0.127,
        "10": 0.12645,
        "11": 0.12185,
        "01": 0.1247
    },
    "z0u3y1_z0u1y0": {
        "00": 0.1255,
        "10": 0.1232,
        "11": 0.1249,
        "01": 0.1251
    },
    "z1y1_z0u1y1": {
        "00": 0.1264,
        "10": 0.12455,
        "11": 0.125,
        "01": 0.12405
    },
    "z1y0_z1y0": {
        "00": 0.127,
        "10": 0.12645,
        "11": 0.12185,
        "01": 0.1247
    },
    "z0u2y1_z1y1": {
        "00": 0.1287,
        "10": 0.1278,
        "11": 0.1272,
        "01": 0.1227
    },
    "z0u1y1_z0u1y1": {
        "00": 0.2531,
        "10": 0.2457,
        "11": 0.2471,
        "01": 0.2541
    },
    "z0u2y1_z0u1y1": {
        "00": 0.1235,
        "10": 0.125,
        "11": 0.1214,
        "01": 0.1226
    },
    "z0u3y1_z0u2y0": {
        "00": 0.1243,
        "10": 0.121,
        "11": 0.1255,
        "01": 0.1282
    },
    "z1y1_z1y1": {
        "00": 0.12425,
        "10": 0.122,
        "11": 0.12465,
        "01": 0.1291
    },
    "z0u3y0_z0u1y0": {
        "00": 0.1183,
        "10": 0.1264,
        "11": 0.1248,
        "01": 0.1271
    },
    "z0u2y0_z0u3y1": {
        "00": 0.1226,
        "10": 0.1263,
        "11": 0.1223,
        "01": 0.1299
    },
    "z0u3y0_z0u3y1": {
        "00": 0.2522,
        "11": 0.2541
    },
    "z0u3y0_z1y1": {
        "00": 0.1207,
        "10": 0.128,
        "11": 0.1301,
        "01": 0.1261
    },
    "z1y0_z0u2y0": {
        "00": 0.1222,
        "10": 0.1255,
        "11": 0.12625,
        "01": 0.12255
    },
    "z1y0_z0u2y1": {
        "00": 0.1268,
        "10": 0.1267,
        "11": 0.12485,
        "01": 0.12515
    },
    "z0u1y1_z0u2y0": {
        "00": 0.1224,
        "10": 0.1192,
        "11": 0.1266,
        "01": 0.1275
    },
    "z0u3y0_z0u1y1": {
        "00": 0.1257,
        "10": 0.1281,
        "11": 0.1252,
        "01": 0.1244
    },
    "z0u2y0_z1y0": {
        "00": 0.1219,
        "10": 0.1205,
        "11": 0.124,
        "01": 0.122
    },
    "z0u3y1_z1y1": {
        "00": 0.1248,
        "10": 0.1226,
        "11": 0.119,
        "01": 0.1259
    },
    "z0u1y0_z0u3y1": {
        "00": 0.1231,
        "10": 0.1343,
        "11": 0.1229,
        "01": 0.1223
    },
    "z0u2y1_z0u2y0": {
        "00": 0.251,
        "11": 0.2518
    },
    "z0u2y1_z0u2y1": {
        "10": 0.2475,
        "01": 0.2497
    },
    "z0u1y0_z0u1y0": {
        "00": 0.2503,
        "10": 0.2564,
        "11": 0.2461,
        "01": 0.2472
    },
    "z0u2y0_z0u2y1": {
        "00": 0.2583,
        "11": 0.2528
    },
    "z0u3y1_z1y0": {
        "00": 0.1298,
        "10": 0.1229,
        "11": 0.1293,
        "01": 0.1257
    },
    "z0u2y1_z1y0": {
        "00": 0.1262,
        "10": 0.1203,
        "11": 0.1244,
        "01": 0.1227
    },
    "z1y1_z0u3y0": {
        "00": 0.1263,
        "10": 0.1243,
        "11": 0.1314,
        "01": 0.12585
    },
    "z1y0_z0u3y0": {
        "00": 0.1263,
        "10": 0.1243,
        "11": 0.1314,
        "01": 0.12585
    },
    "z1y1_z0u1y0": {
        "00": 0.12455,
        "10": 0.12625,
        "11": 0.12295,
        "01": 0.12625
    },
    "z0u3y0_z0u2y0": {
        "00": 0.1196,
        "10": 0.1261,
        "11": 0.1259,
        "01": 0.1244
    },
    "z0u1y0_z1y1": {},
    "z0u1y0_z0u3y0": {
        "00": 0.125,
        "10": 0.1239,
        "11": 0.1262,
        "01": 0.1223
    }
}
