{
    "z0u3y1_z0u1y1": {
        "00": 0.1229,
        "10": 0.124,
        "11": 0.1289,
        "01": 0.1272
    },
    "z0u2y0_z0u2y0": {
        "00": 0.1294,
        "10": 0.1228,
        "11": 0.1262,
        "01": 0.1236
    },
    "z1y1_z0u2y1": {
        "00": 0.1272,
        "10": 0.12155,
        "11": 0.1195,
        "01": 0.1296
    },
    "z0u1y0_z0u1y1": {},
    "z0u3y0_z0u3y0": {
        "00": 0.1266,
        "10": 0.1246,
        "11": 0.1223,
        "01": 0.1295
    },
    "z1y0_z0u1y0": {
        "00": 0.1267,
        "10": 0.1259,
        "11": 0.12205,
        "01": 0.12535
    },
    "z0u3y0_z1y0": {
        "00": 0.1304,
        "10": 0.1243,
        "11": 0.1244,
        "01": 0.1242
    },
    "z0u3y1_z0u3y0": {
        "00": 0.1195,
        "10": 0.1253,
        "11": 0.1248,
        "01": 0.1244
    },
    "z0u2y0_z1y1": {
        "00": 0.1197,
        "10": 0.1263,
        "11": 0.12,
        "01": 0.1261
    },
    "z0u2y1_z0u3y1": {
        "00": 0.2411,
        "11": 0.255
    },
    "z0u3y1_z0u2y1": {
        "10": 0.2467,
        "01": 0.2472
    },
    "z0u2y0_z0u3y0": {
        "00": 0.2537,
        "11": 0.2466
    },
    "z0u1y1_z0u3y0": {
        "00": 0.1292,
        "10": 0.1228,
        "11": 0.1217,
        "01": 0.1208
    },
    "z0u1y1_z0u3y1": {
        "00": 0.1322,
        "10": 0.1257,
        "11": 0.1228,
        "01": 0.1248
    },
    "z0u2y1_z0u3y0": {
        "10": 0.2507,
        "01": 0.2532
    },
    "z0u1y1_z1y1": {
        "00": 0.2465,
        "10": 0.25,
        "11": 0.2559,
        "01": 0.2476
    },
    "z0u2y1_z0u1y0": {
        "00": 0.1283,
        "10": 0.1226,
        "11": 0.1283,
        "01": 0.1258
    },
    "z1y1_z0u3y1": {
        "00": 0.1269,
        "10": 0.1242,
        "11": 0.12085,
        "01": 0.127
    },
    "z1y0_z0u3y1": {
        "00": 0.1269,
        "10": 0.1242,
        "11": 0.12085,
        "01": 0.127
    },
    "z0u1y0_z1y0": {
        "00": 0.2417,
        "10": 0.2541,
        "11": 0.2507,
        "01": 0.2535
    },
    "z0u1y1_z1y0": {},
    "z0u1y1_z0u2y1": {
        "00": 0.1244,
        "10": 0.13,
        "11": 0.124,
        "01": 0.1229
    },
    "z0u2y0_z0u1y0": {
        "00": 0.1221,
        "10": 0.1323,
        "11": 0.1237,
        "01": 0.1289
    },
    "z0u1y0_z0u2y1": {
        "00": 0.1247,
        "10": 0.1213,
        "11": 0.1238,
        "01": 0.1267
    },
    "z1y1_z0u2y0": {
        "00": 0.12525,
        "10": 0.12525,
        "11": 0.12785,
        "01": 0.1238
    },
    "z0u2y0_z0u1y1": {
        "00": 0.12,
        "10": 0.1257,
        "11": 0.1277,
        "01": 0.1196
    },
    "z0u1y0_z0u2y0": {
        "00": 0.127,
        "10": 0.1278,
        "11": 0.1268,
        "01": 0.1219
    },
    "z1y0_z0u1y1": {
        "00": 0.12375,
        "10": 0.12925,
        "11": 0.12365,
        "01": 0.12335
    },
    "z0u3y0_z0u2y1": {
        "00": 0.2515,
        "11": 0.2471
    },
    "z1y0_z1y1": {
        "00": 0.12525,
        "10": 0.1243,
        "11": 0.12635,
        "01": 0.1241
    },
    "z0u1y1_z0u1y0": {},
    "z0u3y1_z0u3y1": {
        "00": 0.1273,
        "10": 0.1272,
        "11": 0.1279,
        "01": 0.1236
    },
    "z1y1_z1y0": {
        "00": 0.12235,
        "10": 0.1245,
        "11": 0.12795,
        "01": 0.1252
    },
    "z0u3y1_z0u1y0": {
        "00": 0.1226,
        "10": 0.1285,
        "11": 0.1235,
        "01": 0.1224
    },
    "z1y1_z0u1y1": {
        "00": 0.12375,
        "10": 0.12925,
        "11": 0.12365,
        "01": 0.12335
    },
    "z1y0_z1y0": {
        "00": 0.12235,
        "10": 0.1245,
        "11": 0.12795,
        "01": 0.1252
    },
    "z0u2y1_z1y1": {
        "00": 0.1266,
        "10": 0.1239,
        "11": 0.1201,
        "01": 0.1218
    },
    "z0u1y1_z0u1y1": {
        "00": 0.2578,
        "10": 0.2459,
        "11": 0.2478,
        "01": 0.2485
    },
    "z0u2y1_z0u1y1": {
        "00": 0.1226,
        "10": 0.1281,
        "11": 0.1267,
        "01": 0.1176
    },
    "z0u3y1_z0u2y0": {
        "00": 0.2468,
        "11": 0.2593
    },
    "z1y1_z1y1": {
        "00": 0.12525,
        "10": 0.1243,
        "11": 0.12635,
        "01": 0.1241
    },
    "z0u3y0_z0u1y0": {
        "00": 0.1316,
        "10": 0.1273,
        "11": 0.1244,
        "01": 0.1193
    },
    "z0u2y0_z0u3y1": {
        "10": 0.2479,
        "01": 0.2518
    },
    "z0u3y0_z0u3y1": {
        "00": 0.1232,
        "10": 0.1259,
        "11": 0.1226,
        "01": 0.1253
    },
    "z0u3y0_z1y1": {
        "00": 0.1248,
        "10": 0.1258,
        "11": 0.1213,
        "01": 0.1248
    },
    "z1y0_z0u2y0": {
        "00": 0.12525,
        "10": 0.12525,
        "11": 0.12785,
        "01": 0.1238
    },
    "z1y0_z0u2y1": {
        "00": 0.1272,
        "10": 0.12155,
        "11": 0.1195,
        "01": 0.1296
    },
    "z0u1y1_z0u2y0": {
        "00": 0.1203,
        "10": 0.131,
        "11": 0.1217,
        "01": 0.1257
    },
    "z0u3y0_z0u1y1": {
        "00": 0.1233,
        "10": 0.1226,
        "11": 0.1266,
        "01": 0.1249
    },
    "z0u2y0_z1y0": {
        "00": 0.1253,
        "10": 0.1257,
        "11": 0.1297,
        "01": 0.1272
    },
    "z0u3y1_z1y1": {
        "00": 0.1253,
        "10": 0.133,
        "11": 0.1211,
        "01": 0.1219
    },
    "z0u1y0_z0u3y1": {
        "00": 0.1243,
        "10": 0.1215,
        "11": 0.1226,
        "01": 0.1247
    },
    "z0u2y1_z0u2y0": {
        "00": 0.1292,
        "10": 0.1207,
        "11": 0.1274,
        "01": 0.1279
    },
    "z0u2y1_z0u2y1": {
        "00": 0.1251,
        "10": 0.1247,
        "11": 0.1217,
        "01": 0.1233
    },
    "z0u1y0_z0u1y0": {
        "00": 0.2516,
        "10": 0.2507,
        "11": 0.249,
        "01": 0.2487
    },
    "z0u2y0_z0u2y1": {
        "00": 0.1245,
        "10": 0.1267,
        "11": 0.1294,
        "01": 0.1174
    },
    "z0u3y1_z1y0": {
        "00": 0.1247,
        "10": 0.1243,
        "11": 0.1268,
        "01": 0.1229
    },
    "z0u2y1_z1y0": {
        "00": 0.1266,
        "10": 0.1261,
        "11": 0.1256,
        "01": 0.1293
    },
    "z1y1_z0u3y0": {
        "00": 0.1245,
        "10": 0.12665,
        "11": 0.1272,
        "01": 0.1227
    },
    "z1y0_z0u3y0": {
        "00": 0.1245,
        "10": 0.12665,
        "11": 0.1272,
        "01": 0.1227
    },
    "z1y1_z0u1y0": {
        "00": 0.1267,
        "10": 0.1259,
        "11": 0.12205,
        "01": 0.12535
    },
    "z0u3y0_z0u2y0": {
        "10": 0.2535,
        "01": 0.2479
    },
    "z0u1y0_z1y1": {},
    "z0u1y0_z0u3y0": {
        "00": 0.1282,
        "10": 0.1258,
        "11": 0.1248,
        "01": 0.1281
    }
}
