{
    "z0u3y1_z0u1y1": {
        "00": 0.1244,
        "10": 0.1289,
        "11": 0.1216,
        "01": 0.1231
    },
    "z0u2y0_z0u2y0": {
        "00": 0.125,
        "10": 0.125,
        "11": 0.1266,
        "01": 0.1265
    },
    "z1y1_z0u2y1": {
        "00": 0.12465,
        "10": 0.12855,
        "11": 0.12665,
        "01": 0.1263
    },
    "z0u1y0_z0u1y1": {},
    "z0u3y0_z0u3y0": {
        "00": 0.1282,
        "10": 0.1224,
        "11": 0.1269,
        "01": 0.1231
    },
    "z1y0_z0u1y0": {
        "00": 0.1278,
        "10": 0.12605,
        "11": 0.1236,
        "01": 0.12255
    },
    "z0u3y0_z1y0": {
        "00": 0.1261,
        "10": 0.1289,
        "11": 0.1248,
        "01": 0.1202
    },
    "z0u3y1_z0u3y0": {
        "00": 0.1244,
        "10": 0.1293,
        "11": 0.1231,
        "01": 0.1202
    },
    "z0u2y0_z1y1": {
        "00": 0.123,
        "10": 0.1224,
        "11": 0.1242,
        "01": 0.1299
    },
    "z0u2y1_z0u3y1": {
        "00": 0.2468,
        "11": 0.245
    },
    "z0u3y1_z0u2y1": {
        "10": 0.2474,
        "01": 0.2467
    },
    "z0u2y0_z0u3y0": {
        "00": 0.2546,
        "11": 0.2447
    },
    "z0u1y1_z0u3y0": {
        "00": 0.1252,
        "10": 0.1301,
        "11": 0.1207,
        "01": 0.1266
    },
    "z0u1y1_z0u3y1": {
        "00": 0.1204,
        "10": 0.1237,
        "11": 0.1293,
        "01": 0.124
    },
    "z0u2y1_z0u3y0": {
        "10": 0.2545,
        "01": 0.2537
    },
    "z0u1y1_z1y1": {
        "00": 0.2473,
        "10": 0.2483,
        "11": 0.2461,
        "01": 0.2583
    },
    "z0u2y1_z0u1y0": {
        "00": 0.1271,
        "10": 0.1271,
        "11": 0.1278,
        "01": 0.1243
    },
    "z1y1_z0u3y1": {
        "00": 0.12745,
        "10": 0.12705,
        "11": 0.12335,
        "01": 0.12575
    },
    "z1y0_z0u3y1": {
        "00": 0.12745,
        "10": 0.12705,
        "11": 0.12335,
        "01": 0.12575
    },
    "z0u1y0_z1y0": {
        "00": 0.2504,
        "10": 0.2485,
        "11": 0.2471,
        "01": 0.254
    },
    "z0u1y1_z1y0": {},
    "z0u1y1_z0u2y1": {
        "00": 0.1266,
        "10": 0.1251,
        "11": 0.1215,
        "01": 0.1228
    },
    "z0u2y0_z0u1y0": {
        "00": 0.1242,
        "10": 0.1258,
        "11": 0.1251,
        "01": 0.1232
    },
    "z0u1y0_z0u2y1": {
        "00": 0.1297,
        "10": 0.1244,
        "11": 0.1203,
        "01": 0.12
    },
    "z1y1_z0u2y0": {
        "00": 0.1233,
        "10": 0.1249,
        "11": 0.1253,
        "01": 0.12035
    },
    "z0u2y0_z0u1y1": {
        "00": 0.1263,
        "10": 0.1304,
        "11": 0.1226,
        "01": 0.1224
    },
    "z0u1y0_z0u2y0": {
        "00": 0.1292,
        "10": 0.1256,
        "11": 0.1246,
        "01": 0.1262
    },
    "z1y0_z0u1y1": {
        "00": 0.12545,
        "10": 0.1267,
        "11": 0.12425,
        "01": 0.1236
    },
    "z0u3y0_z0u2y1": {
        "00": 0.2519,
        "11": 0.2464
    },
    "z1y0_z1y1": {
        "00": 0.12505,
        "10": 0.1253,
        "11": 0.1252,
        "01": 0.12445
    },
    "z0u1y1_z0u1y0": {},
    "z0u3y1_z0u3y1": {
        "00": 0.1255,
        "10": 0.1266,
        "11": 0.1276,
        "01": 0.1233
    },
    "z1y1_z1y0": {
        "00": 0.1255,
        "10": 0.12305,
        "11": 0.1296,
        "01": 0.12185
    },
    "z0u3y1_z0u1y0": {
        "00": 0.1207,
        "10": 0.126,
        "11": 0.1272,
        "01": 0.1281
    },
    "z1y1_z0u1y1": {
        "00": 0.12545,
        "10": 0.1267,
        "11": 0.12425,
        "01": 0.1236
    },
    "z1y0_z1y0": {
        "00": 0.1255,
        "10": 0.12305,
        "11": 0.1296,
        "01": 0.12185
    },
    "z0u2y1_z1y1": {
        "00": 0.1234,
        "10": 0.1284,
        "11": 0.1204,
        "01": 0.1275
    },
    "z0u1y1_z0u1y1": {
        "00": 0.2516,
        "10": 0.2517,
        "11": 0.2512,
        "01": 0.2455
    },
    "z0u2y1_z0u1y1": {
        "00": 0.1236,
        "10": 0.12,
        "11": 0.13,
        "01": 0.1201
    },
    "z0u3y1_z0u2y0": {
        "00": 0.2511,
        "11": 0.2548
    },
    "z1y1_z1y1": {
        "00": 0.12505,
        "10": 0.1253,
        "11": 0.1252,
        "01": 0.12445
    },
    "z0u3y0_z0u1y0": {
        "00": 0.1219,
        "10": 0.1316,
        "11": 0.1282,
        "01": 0.1198
    },
    "z0u2y0_z0u3y1": {
        "10": 0.249,
        "01": 0.2517
    },
    "z0u3y0_z0u3y1": {
        "00": 0.123,
        "10": 0.1274,
        "11": 0.119,
        "01": 0.13
    },
    "z0u3y0_z1y1": {
        "00": 0.1274,
        "10": 0.1197,
        "11": 0.1279,
        "01": 0.125
    },
    "z1y0_z0u2y0": {
        "00": 0.1233,
        "10": 0.1249,
        "11": 0.1253,
        "01": 0.12035
    },
    "z1y0_z0u2y1": {
        "00": 0.12465,
        "10": 0.12855,
        "11": 0.12665,
        "01": 0.1263
    },
    "z0u1y1_z0u2y0": {
        "00": 0.1306,
        "10": 0.126,
        "11": 0.1216,
        "01": 0.1258
    },
    "z0u3y0_z0u1y1": {
        "00": 0.1259,
        "10": 0.1207,
        "11": 0.1266,
        "01": 0.1253
    },
    "z0u2y0_z1y0": {
        "00": 0.1264,
        "10": 0.1225,
        "11": 0.1254,
        "01": 0.1262
    },
    "z0u3y1_z1y1": {
        "00": 0.1266,
        "10": 0.1251,
        "11": 0.1256,
        "01": 0.1195
    },
    "z0u1y0_z0u3y1": {
        "00": 0.1213,
        "10": 0.1258,
        "11": 0.1118,
        "01": 0.1329
    },
    "z0u2y1_z0u2y0": {
        "00": 0.1288,
        "10": 0.1241,
        "11": 0.121,
        "01": 0.1228
    },
    "z0u2y1_z0u2y1": {
        "00": 0.1229,
        "10": 0.1301,
        "11": 0.1279,
        "01": 0.1224
    },
    "z0u1y0_z0u1y0": {
        "00": 0.2528,
        "10": 0.2487,
        "11": 0.2465,
        "01": 0.252
    },
    "z0u2y0_z0u2y1": {
        "00": 0.1236,
        "10": 0.1231,
        "11": 0.1192,
        "01": 0.131
    },
    "z0u3y1_z1y0": {
        "00": 0.1276,
        "10": 0.128,
        "11": 0.1265,
        "01": 0.1211
    },
    "z0u2y1_z1y0": {
        "00": 0.1242,
        "10": 0.1239,
        "11": 0.1289,
        "01": 0.1233
    },
    "z1y1_z0u3y0": {
        "00": 0.1254,
        "10": 0.1238,
        "11": 0.12135,
        "01": 0.12585
    },
    "z1y0_z0u3y0": {
        "00": 0.1254,
        "10": 0.1238,
        "11": 0.12135,
        "01": 0.12585
    },
    "z1y1_z0u1y0": {
        "00": 0.1278,
        "10": 0.12605,
        "11": 0.1236,
        "01": 0.12255
    },
    "z0u3y0_z0u2y0": {
        "10": 0.246,
        "01": 0.2557
    },
    "z0u1y0_z1y1": {},
    "z0u1y0_z0u3y0": {
        "00": 0.1222,
        "10": 0.1289,
        "11": 0.1266,
        "01": 0.1305
    }
}
