{
    "z0u3y1_z0u1y1": {
        "11": 0.4979
    },
    "z0u2y0_z0u2y0": {
        "00": 0.2513,
        "11": 0.2463
    },
    "z1y1_z0u2y1": {
        "00": 0.2484,
        "11": 0.25055
    },
    "z0u1y0_z0u1y1": {},
    "z0u3y0_z0u3y0": {
        "00": 0.2514,
        "11": 0.2501
    },
    "z1y0_z0u1y0": {
        "00": 0.5
    },
    "z0u3y0_z1y0": {
        "00": 0.4946
    },
    "z0u3y1_z0u3y0": {
        "00": 0.242,
        "11": 0.2575
    },
    "z0u2y0_z1y1": {
        "11": 0.4985
    },
    "z0u2y1_z0u3y1": {
        "00": 0.2482,
        "11": 0.2496
    },
    "z0u3y1_z0u2y1": {
        "00": 0.2518,
        "11": 0.2492
    },
    "z0u2y0_z0u3y0": {
        "00": 0.252,
        "11": 0.2466
    },
    "z0u1y1_z0u3y0": {
        "11": 0.493
    },
    "z0u1y1_z0u3y1": {
        "11": 0.507
    },
    "z0u2y1_z0u3y0": {
        "00": 0.2506,
        "11": 0.2516
    },
    "z0u1y1_z1y1": {
        "11": 1.0
    },
    "z0u2y1_z0u1y0": {
        "00": 0.5011
    },
    "z1y1_z0u3y1": {
        "00": 0.2534,
        "11": 0.24515
    },
    "z1y0_z0u3y1": {
        "00": 0.2534,
        "11": 0.24515
    },
    "z0u1y0_z1y0": {
        "00": 1.0
    },
    "z0u1y1_z1y0": {},
    "z0u1y1_z0u2y1": {
        "11": 0.4963
    },
    "z0u2y0_z0u1y0": {
        "00": 0.4993
    },
    "z0u1y0_z0u2y1": {
        "00": 0.5002
    },
    "z1y1_z0u2y0": {
        "00": 0.2516,
        "11": 0.24945
    },
    "z0u2y0_z0u1y1": {
        "11": 0.5007
    },
    "z0u1y0_z0u2y0": {
        "00": 0.4998
    },
    "z1y0_z0u1y1": {
        "11": 0.5
    },
    "z0u3y0_z0u2y1": {
        "00": 0.2533,
        "11": 0.2482
    },
    "z1y0_z1y1": {
        "11": 0.5
    },
    "z0u1y1_z0u1y0": {},
    "z0u3y1_z0u3y1": {
        "00": 0.2524,
        "11": 0.2481
    },
    "z1y1_z1y0": {
        "00": 0.5
    },
    "z0u3y1_z0u1y0": {
        "00": 0.5021
    },
    "z1y1_z0u1y1": {
        "11": 0.5
    },
    "z1y0_z1y0": {
        "00": 0.5
    },
    "z0u2y1_z1y1": {
        "11": 0.5029
    },
    "z0u1y1_z0u1y1": {
        "11": 1.0
    },
    "z0u2y1_z0u1y1": {
        "11": 0.4989
    },
    "z0u3y1_z0u2y0": {
        "00": 0.248,
        "11": 0.251
    },
    "z1y1_z1y1": {
        "11": 0.5
    },
    "z0u3y0_z0u1y0": {
        "00": 0.5003
    },
    "z0u2y0_z0u3y1": {
        "00": 0.2499,
        "11": 0.2515
    },
    "z0u3y0_z0u3y1": {
        "00": 0.2436,
        "11": 0.2549
    },
    "z0u3y0_z1y1": {
        "11": 0.5054
    },
    "z1y0_z0u2y0": {
        "00": 0.2516,
        "11": 0.24945
    },
    "z1y0_z0u2y1": {
        "00": 0.2484,
        "11": 0.25055
    },
    "z0u1y1_z0u2y0": {
        "11": 0.5037
    },
    "z0u3y0_z0u1y1": {
        "11": 0.4997
    },
    "z0u2y0_z1y0": {
        "00": 0.5015
    },
    "z0u3y1_z1y1": {
        "11": 0.5046
    },
    "z0u1y0_z0u3y1": {
        "00": 0.4915
    },
    "z0u2y1_z0u2y0": {
        "00": 0.2531,
        "11": 0.2509
    },
    "z0u2y1_z0u2y1": {
        "00": 0.2418,
        "11": 0.2542
    },
    "z0u1y0_z0u1y0": {
        "00": 1.0
    },
    "z0u2y0_z0u2y1": {
        "00": 0.2434,
        "11": 0.259
    },
    "z0u3y1_z1y0": {
        "00": 0.4954
    },
    "z0u2y1_z1y0": {
        "00": 0.4971
    },
    "z1y1_z0u3y0": {
        "00": 0.2466,
        "11": 0.25485
    },
    "z1y0_z0u3y0": {
        "00": 0.2466,
        "11": 0.25485
    },
    "z1y1_z0u1y0": {
        "00": 0.5
    },
    "z0u3y0_z0u2y0": {
        "00": 0.2408,
        "11": 0.2577
    },
    "z0u1y0_z1y1": {},
    "z0u1y0_z0u3y0": {
        "00": 0.5085
    }
}
