{
    "z0u3y1_z0u1y1": {
        "00": 0.1221,
        "10": 0.1242,
        "11": 0.1277,
        "01": 0.1208
    },
    "z0u2y0_z0u2y0": {
        "00": 0.1229,
        "10": 0.121,
        "11": 0.1269,
        "01": 0.1302
    },
    "z1y1_z0u2y1": {
        "00": 0.1295,
        "10": 0.12645,
        "11": 0.1218,
        "01": 0.1247
    },
    "z0u1y0_z0u1y1": {},
    "z0u3y0_z0u3y0": {
        "00": 0.1295,
        "10": 0.1202,
        "11": 0.1281,
        "01": 0.1234
    },
    "z1y0_z0u1y0": {
        "00": 0.12675,
        "10": 0.1251,
        "11": 0.1234,
        "01": 0.12475
    },
    "z0u3y0_z1y0": {
        "00": 0.1273,
        "10": 0.1215,
        "11": 0.1231,
        "01": 0.1228
    },
    "z0u3y1_z0u3y0": {
        "00": 0.129,
        "10": 0.1235,
        "11": 0.1204,
        "01": 0.1162
    },
    "z0u2y0_z1y1": {
        "00": 0.1274,
        "10": 0.126,
        "11": 0.1207,
        "01": 0.1215
    },
    "z0u2y1_z0u3y1": {
        "00": 0.2543,
        "11": 0.2514
    },
    "z0u3y1_z0u2y1": {
        "10": 0.25,
        "01": 0.2495
    },
    "z0u2y0_z0u3y0": {
        "00": 0.2513,
        "11": 0.2483
    },
    "z0u1y1_z0u3y0": {
        "00": 0.1264,
        "10": 0.1222,
        "11": 0.1264,
        "01": 0.1296
    },
    "z0u1y1_z0u3y1": {
        "00": 0.1196,
        "10": 0.1212,
        "11": 0.1292,
        "01": 0.1254
    },
    "z0u2y1_z0u3y0": {
        "10": 0.2452,
        "01": 0.2491
    },
    "z0u1y1_z1y1": {
        "00": 0.2506,
        "10": 0.2505,
        "11": 0.2475,
        "01": 0.2514
    },
    "z0u2y1_z0u1y0": {
        "00": 0.1239,
        "10": 0.1254,
        "11": 0.1222,
        "01": 0.1218
    },
    "z1y1_z0u3y1": {
        "00": 0.1267,
        "10": 0.12445,
        "11": 0.12475,
        "01": 0.1252
    },
    "z1y0_z0u3y1": {
        "00": 0.1267,
        "10": 0.12445,
        "11": 0.12475,
        "01": 0.1252
    },
    "z0u1y0_z1y0": {
        "00": 0.2475,
        "10": 0.2452,
        "11": 0.2521,
        "01": 0.2552
    },
    "z0u1y1_z1y0": {},
    "z0u1y1_z0u2y1": {
        "00": 0.1255,
        "10": 0.1272,
        "11": 0.1248,
        "01": 0.1316
    },
    "z0u2y0_z0u1y0": {
        "00": 0.1236,
        "10": 0.1276,
        "11": 0.1249,
        "01": 0.1272
    },
    "z0u1y0_z0u2y1": {
        "00": 0.1245,
        "10": 0.122,
        "11": 0.128,
        "01": 0.1246
    },
    "z1y1_z0u2y0": {
        "00": 0.1232,
        "10": 0.12625,
        "11": 0.1236,
        "01": 0.1245
    },
    "z0u2y0_z0u1y1": {
        "00": 0.1226,
        "10": 0.1224,
        "11": 0.1234,
        "01": 0.1283
    },
    "z0u1y0_z0u2y0": {
        "00": 0.1223,
        "10": 0.1243,
        "11": 0.1262,
        "01": 0.1281
    },
    "z1y0_z0u1y1": {
        "00": 0.1233,
        "10": 0.12455,
        "11": 0.12805,
        "01": 0.1241
    },
    "z0u3y0_z0u2y1": {
        "00": 0.2506,
        "11": 0.2527
    },
    "z1y0_z1y1": {
        "00": 0.12715,
        "10": 0.1242,
        "11": 0.1239,
        "01": 0.12475
    },
    "z0u1y1_z0u1y0": {},
    "z0u3y1_z0u3y1": {
        "00": 0.1256,
        "10": 0.1246,
        "11": 0.1324,
        "01": 0.1283
    },
    "z1y1_z1y0": {
        "00": 0.1209,
        "10": 0.1269,
        "11": 0.1264,
        "01": 0.1258
    },
    "z0u3y1_z0u1y0": {
        "00": 0.1245,
        "10": 0.1272,
        "11": 0.1252,
        "01": 0.1283
    },
    "z1y1_z0u1y1": {
        "00": 0.1233,
        "10": 0.12455,
        "11": 0.12805,
        "01": 0.1241
    },
    "z1y0_z1y0": {
        "00": 0.1209,
        "10": 0.1269,
        "11": 0.1264,
        "01": 0.1258
    },
    "z0u2y1_z1y1": {
        "00": 0.1241,
        "10": 0.1238,
        "11": 0.1259,
        "01": 0.1217
    },
    "z0u1y1_z0u1y1": {
        "00": 0.2533,
        "10": 0.2492,
        "11": 0.2536,
        "01": 0.2439
    },
    "z0u2y1_z0u1y1": {
        "00": 0.1297,
        "10": 0.1208,
        "11": 0.1282,
        "01": 0.128
    },
    "z0u3y1_z0u2y0": {
        "00": 0.2478,
        "11": 0.2527
    },
    "z1y1_z1y1": {
        "00": 0.12715,
        "10": 0.1242,
        "11": 0.1239,
        "01": 0.12475
    },
    "z0u3y0_z0u1y0": {
        "00": 0.1214,
        "10": 0.1271,
        "11": 0.1247,
        "01": 0.1239
    },
    "z0u2y0_z0u3y1": {
        "10": 0.2499,
        "01": 0.2505
    },
    "z0u3y0_z0u3y1": {
        "00": 0.1259,
        "10": 0.1232,
        "11": 0.1255,
        "01": 0.1242
    },
    "z0u3y0_z1y1": {
        "00": 0.1287,
        "10": 0.1256,
        "11": 0.1229,
        "01": 0.1281
    },
    "z1y0_z0u2y0": {
        "00": 0.1232,
        "10": 0.12625,
        "11": 0.1236,
        "01": 0.1245
    },
    "z1y0_z0u2y1": {
        "00": 0.1295,
        "10": 0.12645,
        "11": 0.1218,
        "01": 0.1247
    },
    "z0u1y1_z0u2y0": {
        "00": 0.1268,
        "10": 0.1242,
        "11": 0.122,
        "01": 0.1179
    },
    "z0u3y0_z0u1y1": {
        "00": 0.1287,
        "10": 0.1277,
        "11": 0.1265,
        "01": 0.12
    },
    "z0u2y0_z1y0": {
        "00": 0.1253,
        "10": 0.1251,
        "11": 0.1274,
        "01": 0.1266
    },
    "z0u3y1_z1y1": {
        "00": 0.1286,
        "10": 0.1231,
        "11": 0.1279,
        "01": 0.1191
    },
    "z0u1y0_z0u3y1": {
        "00": 0.1236,
        "10": 0.1292,
        "11": 0.1282,
        "01": 0.1223
    },
    "z0u2y1_z0u2y0": {
        "00": 0.1257,
        "10": 0.126,
        "11": 0.1272,
        "01": 0.1229
    },
    "z0u2y1_z0u2y1": {
        "00": 0.1271,
        "10": 0.1219,
        "11": 0.1203,
        "01": 0.1289
    },
    "z0u1y0_z0u1y0": {
        "00": 0.2471,
        "10": 0.2445,
        "11": 0.2517,
        "01": 0.2567
    },
    "z0u2y0_z0u2y1": {
        "00": 0.1227,
        "10": 0.1284,
        "11": 0.1185,
        "01": 0.1294
    },
    "z0u3y1_z1y0": {
        "00": 0.1246,
        "10": 0.127,
        "11": 0.1245,
        "01": 0.1252
    },
    "z0u2y1_z1y0": {
        "00": 0.1259,
        "10": 0.1278,
        "11": 0.1285,
        "01": 0.1223
    },
    "z1y1_z0u3y0": {
        "00": 0.1271,
        "10": 0.1226,
        "11": 0.12505,
        "01": 0.12415
    },
    "z1y0_z0u3y0": {
        "00": 0.1271,
        "10": 0.1226,
        "11": 0.12505,
        "01": 0.12415
    },
    "z1y1_z0u1y0": {
        "00": 0.12675,
        "10": 0.1251,
        "11": 0.1234,
        "01": 0.12475
    },
    "z0u3y0_z0u2y0": {
        "10": 0.247,
        "01": 0.2497
    },
    "z0u1y0_z1y1": {},
    "z0u1y0_z0u3y0": {
        "00": 0.1236,
        "10": 0.1223,
        "11": 0.1252,
        "01": 0.1256
    }
}
