{
    "z0u3y1_z0u1y1": {
        "00": 0.1269,
        "10": 0.1263,
        "11": 0.1234,
        "01": 0.1236
    },
    "z0u2y0_z0u2y0": {
        "00": 0.128,
        "10": 0.1285,
        "11": 0.1219,
        "01": 0.1232
    },
    "z1y1_z0u2y1": {
        "00": 0.12375,
        "10": 0.1297,
        "11": 0.1264,
        "01": 0.1245
    },
    "z0u1y0_z0u1y1": {},
    "z0u3y0_z0u3y0": {
        "00": 0.125,
        "10": 0.1235,
        "11": 0.1228,
        "01": 0.1308
    },
    "z1y0_z0u1y0": {
        "00": 0.1233,
        "10": 0.12625,
        "11": 0.12545,
        "01": 0.125
    },
    "z0u3y0_z1y0": {
        "00": 0.1212,
        "10": 0.1288,
        "11": 0.122,
        "01": 0.128
    },
    "z0u3y1_z0u3y0": {
        "00": 0.1247,
        "10": 0.1191,
        "11": 0.1269,
        "01": 0.126
    },
    "z0u2y0_z1y1": {
        "00": 0.1274,
        "10": 0.1215,
        "11": 0.1273,
        "01": 0.1281
    },
    "z0u2y1_z0u3y1": {
        "00": 0.2455,
        "11": 0.2413
    },
    "z0u3y1_z0u2y1": {
        "10": 0.2577,
        "01": 0.2501
    },
    "z0u2y0_z0u3y0": {
        "00": 0.2471,
        "11": 0.2546
    },
    "z0u1y1_z0u3y0": {
        "00": 0.1207,
        "10": 0.134,
        "11": 0.1224,
        "01": 0.1229
    },
    "z0u1y1_z0u3y1": {
        "00": 0.1264,
        "10": 0.124,
        "11": 0.1264,
        "01": 0.1232
    },
    "z0u2y1_z0u3y0": {
        "10": 0.2551,
        "01": 0.2581
    },
    "z0u1y1_z1y1": {
        "00": 0.2526,
        "10": 0.2467,
        "11": 0.2465,
        "01": 0.2542
    },
    "z0u2y1_z0u1y0": {
        "00": 0.1319,
        "10": 0.1264,
        "11": 0.1246,
        "01": 0.1193
    },
    "z1y1_z0u3y1": {
        "00": 0.1243,
        "10": 0.1229,
        "11": 0.1265,
        "01": 0.1254
    },
    "z1y0_z0u3y1": {
        "00": 0.1243,
        "10": 0.1229,
        "11": 0.1265,
        "01": 0.1254
    },
    "z0u1y0_z1y0": {
        "00": 0.2493,
        "10": 0.2435,
        "11": 0.2492,
        "01": 0.258
    },
    "z0u1y1_z1y0": {},
    "z0u1y1_z0u2y1": {
        "00": 0.1244,
        "10": 0.1271,
        "11": 0.1287,
        "01": 0.1259
    },
    "z0u2y0_z0u1y0": {
        "00": 0.1234,
        "10": 0.1266,
        "11": 0.1245,
        "01": 0.1247
    },
    "z0u1y0_z0u2y1": {
        "00": 0.1214,
        "10": 0.1295,
        "11": 0.1199,
        "01": 0.1259
    },
    "z1y1_z0u2y0": {
        "00": 0.1254,
        "10": 0.12045,
        "11": 0.1253,
        "01": 0.1245
    },
    "z0u2y0_z0u1y1": {
        "00": 0.1261,
        "10": 0.1245,
        "11": 0.129,
        "01": 0.1212
    },
    "z0u1y0_z0u2y0": {
        "00": 0.1269,
        "10": 0.1279,
        "11": 0.1262,
        "01": 0.1223
    },
    "z1y0_z0u1y1": {
        "00": 0.12535,
        "10": 0.1283,
        "11": 0.12305,
        "01": 0.1233
    },
    "z0u3y0_z0u2y1": {
        "00": 0.2442,
        "11": 0.2531
    },
    "z1y0_z1y1": {
        "00": 0.1246,
        "10": 0.12965,
        "11": 0.1215,
        "01": 0.12425
    },
    "z0u1y1_z0u1y0": {},
    "z0u3y1_z0u3y1": {
        "00": 0.124,
        "10": 0.1298,
        "11": 0.1229,
        "01": 0.1266
    },
    "z1y1_z1y0": {
        "00": 0.1327,
        "10": 0.12145,
        "11": 0.12545,
        "01": 0.1204
    },
    "z0u3y1_z0u1y0": {
        "00": 0.1293,
        "10": 0.1201,
        "11": 0.125,
        "01": 0.1254
    },
    "z1y1_z0u1y1": {
        "00": 0.12535,
        "10": 0.1283,
        "11": 0.12305,
        "01": 0.1233
    },
    "z1y0_z1y0": {
        "00": 0.1327,
        "10": 0.12145,
        "11": 0.12545,
        "01": 0.1204
    },
    "z0u2y1_z1y1": {
        "00": 0.1253,
        "10": 0.1297,
        "11": 0.1237,
        "01": 0.1256
    },
    "z0u1y1_z0u1y1": {
        "00": 0.2462,
        "10": 0.2491,
        "11": 0.2506,
        "01": 0.2541
    },
    "z0u2y1_z0u1y1": {
        "00": 0.1194,
        "10": 0.1267,
        "11": 0.1269,
        "01": 0.1248
    },
    "z0u3y1_z0u2y0": {
        "00": 0.2453,
        "11": 0.2469
    },
    "z1y1_z1y1": {
        "00": 0.1246,
        "10": 0.12965,
        "11": 0.1215,
        "01": 0.12425
    },
    "z0u3y0_z0u1y0": {
        "00": 0.1321,
        "10": 0.1231,
        "11": 0.1233,
        "01": 0.1223
    },
    "z0u2y0_z0u3y1": {
        "10": 0.2476,
        "01": 0.2507
    },
    "z0u3y0_z0u3y1": {
        "00": 0.1228,
        "10": 0.1255,
        "11": 0.1213,
        "01": 0.1283
    },
    "z0u3y0_z1y1": {
        "00": 0.1236,
        "10": 0.1226,
        "11": 0.1241,
        "01": 0.1297
    },
    "z1y0_z0u2y0": {
        "00": 0.1254,
        "10": 0.12045,
        "11": 0.1253,
        "01": 0.1245
    },
    "z1y0_z0u2y1": {
        "00": 0.12375,
        "10": 0.1297,
        "11": 0.1264,
        "01": 0.1245
    },
    "z0u1y1_z0u2y0": {
        "00": 0.1186,
        "10": 0.126,
        "11": 0.1244,
        "01": 0.1249
    },
    "z0u3y0_z0u1y1": {
        "00": 0.1228,
        "10": 0.1225,
        "11": 0.1261,
        "01": 0.1278
    },
    "z0u2y0_z1y0": {
        "00": 0.1278,
        "10": 0.1241,
        "11": 0.1208,
        "01": 0.123
    },
    "z0u3y1_z1y1": {
        "00": 0.1252,
        "10": 0.1282,
        "11": 0.1238,
        "01": 0.1237
    },
    "z0u1y0_z0u3y1": {
        "00": 0.1331,
        "10": 0.1239,
        "11": 0.1229,
        "01": 0.1255
    },
    "z0u2y1_z0u2y0": {
        "00": 0.1276,
        "10": 0.1234,
        "11": 0.1247,
        "01": 0.1292
    },
    "z0u2y1_z0u2y1": {
        "00": 0.1198,
        "10": 0.1282,
        "11": 0.1232,
        "01": 0.1239
    },
    "z0u1y0_z0u1y0": {
        "00": 0.254,
        "10": 0.2459,
        "11": 0.253,
        "01": 0.2471
    },
    "z0u2y0_z0u2y1": {
        "00": 0.1254,
        "10": 0.1291,
        "11": 0.124,
        "01": 0.1199
    },
    "z0u3y1_z1y0": {
        "00": 0.1325,
        "10": 0.1178,
        "11": 0.124,
        "01": 0.1248
    },
    "z0u2y1_z1y0": {
        "00": 0.1306,
        "10": 0.1276,
        "11": 0.1189,
        "01": 0.1186
    },
    "z1y1_z0u3y0": {
        "00": 0.1231,
        "10": 0.1276,
        "11": 0.1235,
        "01": 0.1267
    },
    "z1y0_z0u3y0": {
        "00": 0.1231,
        "10": 0.1276,
        "11": 0.1235,
        "01": 0.1267
    },
    "z1y1_z0u1y0": {
        "00": 0.1233,
        "10": 0.12625,
        "11": 0.12545,
        "01": 0.125
    },
    "z0u3y0_z0u2y0": {
        "10": 0.255,
        "01": 0.2477
    },
    "z0u1y0_z1y1": {},
    "z0u1y0_z0u3y0": {
        "00": 0.1246,
        "10": 0.1256,
        "11": 0.1225,
        "01": 0.1219
    }
}
