{
    "z0u3y1_z0u1y1": {
        "11": 0.2535,
        "01": 0.2539
    },
    "z0u2y0_z0u2y0": {
        "00": 0.1275,
        "10": 0.1192,
        "11": 0.1231,
        "01": 0.128
    },
    "z1y1_z0u2y1": {
        "00": 0.1219,
        "10": 0.1244,
        "11": 0.12335,
        "01": 0.12585
    },
    "z0u1y0_z0u1y1": {},
    "z0u3y0_z0u3y0": {
        "00": 0.1289,
        "10": 0.1202,
        "11": 0.1214,
        "01": 0.1227
    },
    "z1y0_z0u1y0": {
        "00": 0.24785,
        "10": 0.25215
    },
    "z0u3y0_z1y0": {
        "00": 0.2448,
        "10": 0.2533
    },
    "z0u3y1_z0u3y0": {
        "00": 0.1243,
        "10": 0.1251,
        "11": 0.1213,
        "01": 0.1229
    },
    "z0u2y0_z1y1": {
        "11": 0.2539,
        "01": 0.2462
    },
    "z0u2y1_z0u3y1": {
        "00": 0.1294,
        "10": 0.1246,
        "11": 0.1269,
        "01": 0.1219
    },
    "z0u3y1_z0u2y1": {
        "00": 0.121,
        "10": 0.1284,
        "11": 0.1259,
        "01": 0.1272
    },
    "z0u2y0_z0u3y0": {
        "00": 0.1226,
        "10": 0.1253,
        "11": 0.1262,
        "01": 0.1275
    },
    "z0u1y1_z0u3y0": {
        "11": 0.2433,
        "01": 0.242
    },
    "z0u1y1_z0u3y1": {
        "11": 0.2595,
        "01": 0.2552
    },
    "z0u2y1_z0u3y0": {
        "00": 0.1211,
        "10": 0.1237,
        "11": 0.1277,
        "01": 0.1247
    },
    "z0u1y1_z1y1": {
        "11": 0.5014,
        "01": 0.4986
    },
    "z0u2y1_z0u1y0": {
        "00": 0.2509,
        "10": 0.2515
    },
    "z1y1_z0u3y1": {
        "00": 0.12735,
        "10": 0.1259,
        "11": 0.12705,
        "01": 0.12445
    },
    "z1y0_z0u3y1": {
        "00": 0.12735,
        "10": 0.1259,
        "11": 0.12705,
        "01": 0.12445
    },
    "z0u1y0_z1y0": {
        "00": 0.5028,
        "10": 0.4972
    },
    "z0u1y1_z1y0": {},
    "z0u1y1_z0u2y1": {
        "11": 0.259,
        "01": 0.2451
    },
    "z0u2y0_z0u1y0": {
        "00": 0.2518,
        "10": 0.2493
    },
    "z0u1y0_z0u2y1": {
        "00": 0.2451,
        "10": 0.245
    },
    "z1y1_z0u2y0": {
        "00": 0.1261,
        "10": 0.1276,
        "11": 0.12605,
        "01": 0.12475
    },
    "z0u2y0_z0u1y1": {
        "11": 0.248,
        "01": 0.2509
    },
    "z0u1y0_z0u2y0": {
        "00": 0.2591,
        "10": 0.2508
    },
    "z1y0_z0u1y1": {
        "11": 0.25335,
        "01": 0.24665
    },
    "z0u3y0_z0u2y1": {
        "00": 0.1214,
        "10": 0.1183,
        "11": 0.122,
        "01": 0.129
    },
    "z1y0_z1y1": {
        "11": 0.24675,
        "01": 0.25325
    },
    "z0u1y1_z0u1y0": {},
    "z0u3y1_z0u3y1": {
        "00": 0.1275,
        "10": 0.1268,
        "11": 0.1232,
        "01": 0.1289
    },
    "z1y1_z1y0": {
        "00": 0.24635,
        "10": 0.25365
    },
    "z0u3y1_z0u1y0": {
        "00": 0.2424,
        "10": 0.2502
    },
    "z1y1_z0u1y1": {
        "11": 0.25335,
        "01": 0.24665
    },
    "z1y0_z1y0": {
        "00": 0.24635,
        "10": 0.25365
    },
    "z0u2y1_z1y1": {
        "11": 0.2507,
        "01": 0.2541
    },
    "z0u1y1_z0u1y1": {
        "11": 0.4989,
        "01": 0.5011
    },
    "z0u2y1_z0u1y1": {
        "11": 0.246,
        "01": 0.2516
    },
    "z0u3y1_z0u2y0": {
        "00": 0.1238,
        "10": 0.1294,
        "11": 0.1233,
        "01": 0.121
    },
    "z1y1_z1y1": {
        "11": 0.24675,
        "01": 0.25325
    },
    "z0u3y0_z0u1y0": {
        "00": 0.2496,
        "10": 0.2547
    },
    "z0u2y0_z0u3y1": {
        "00": 0.1272,
        "10": 0.1226,
        "11": 0.122,
        "01": 0.1266
    },
    "z0u3y0_z0u3y1": {
        "00": 0.125,
        "10": 0.1236,
        "11": 0.1352,
        "01": 0.123
    },
    "z0u3y0_z1y1": {
        "11": 0.2485,
        "01": 0.2534
    },
    "z1y0_z0u2y0": {
        "00": 0.1261,
        "10": 0.1276,
        "11": 0.12605,
        "01": 0.12475
    },
    "z1y0_z0u2y1": {
        "00": 0.1219,
        "10": 0.1244,
        "11": 0.12335,
        "01": 0.12585
    },
    "z0u1y1_z0u2y0": {
        "11": 0.2485,
        "01": 0.2474
    },
    "z0u3y0_z0u1y1": {
        "11": 0.2522,
        "01": 0.2435
    },
    "z0u2y0_z1y0": {
        "00": 0.2499,
        "10": 0.25
    },
    "z0u3y1_z1y1": {
        "11": 0.2467,
        "01": 0.252
    },
    "z0u1y0_z0u3y1": {
        "00": 0.2456,
        "10": 0.2468
    },
    "z0u2y1_z0u2y0": {
        "00": 0.1193,
        "10": 0.1273,
        "11": 0.1234,
        "01": 0.1333
    },
    "z0u2y1_z0u2y1": {
        "00": 0.1285,
        "10": 0.1217,
        "11": 0.1211,
        "01": 0.1254
    },
    "z0u1y0_z0u1y0": {
        "00": 0.5028,
        "10": 0.4972
    },
    "z0u2y0_z0u2y1": {
        "00": 0.1257,
        "10": 0.1256,
        "11": 0.127,
        "01": 0.1239
    },
    "z0u3y1_z1y0": {
        "00": 0.2447,
        "10": 0.2566
    },
    "z0u2y1_z1y0": {
        "00": 0.2512,
        "10": 0.244
    },
    "z1y1_z0u3y0": {
        "00": 0.124,
        "10": 0.12275,
        "11": 0.123,
        "01": 0.1255
    },
    "z1y0_z0u3y0": {
        "00": 0.124,
        "10": 0.12275,
        "11": 0.123,
        "01": 0.1255
    },
    "z1y1_z0u1y0": {
        "00": 0.24785,
        "10": 0.25215
    },
    "z0u3y0_z0u2y0": {
        "00": 0.1278,
        "10": 0.1263,
        "11": 0.1272,
        "01": 0.128
    },
    "z0u1y0_z1y1": {},
    "z0u1y0_z0u3y0": {
        "00": 0.2605,
        "10": 0.2471
    }
}
