{
    "z0u3y1_z0u1y1": {
        "00": 0.1223,
        "10": 0.1247,
        "11": 0.1237,
        "01": 0.1291
    },
    "z0u2y0_z0u2y0": {
        "10": 0.2538,
        "01": 0.2455
    },
    "z1y1_z0u2y1": {
        "00": 0.12855,
        "10": 0.1249,
        "11": 0.12885,
        "01": 0.12445
    },
    "z0u1y0_z0u1y1": {},
    "z0u3y0_z0u3y0": {
        "10": 0.2523,
        "01": 0.2446
    },
    "z1y0_z0u1y0": {
        "00": 0.12475,
        "10": 0.1236,
        "11": 0.12825,
        "01": 0.1234
    },
    "z0u3y0_z1y0": {
        "00": 0.1198,
        "10": 0.1195,
        "11": 0.126,
        "01": 0.1208
    },
    "z0u3y1_z0u3y0": {
        "00": 0.2514,
        "11": 0.246
    },
    "z0u2y0_z1y1": {
        "00": 0.1191,
        "10": 0.1245,
        "11": 0.1264,
        "01": 0.1288
    },
    "z0u2y1_z0u3y1": {
        "00": 0.1225,
        "10": 0.1192,
        "11": 0.1247,
        "01": 0.1203
    },
    "z0u3y1_z0u2y1": {
        "00": 0.1247,
        "10": 0.1242,
        "11": 0.1308,
        "01": 0.1219
    },
    "z0u2y0_z0u3y0": {
        "00": 0.1311,
        "10": 0.1231,
        "11": 0.1272,
        "01": 0.1213
    },
    "z0u1y1_z0u3y0": {
        "00": 0.1241,
        "10": 0.1199,
        "11": 0.1241,
        "01": 0.126
    },
    "z0u1y1_z0u3y1": {
        "00": 0.1268,
        "10": 0.1243,
        "11": 0.126,
        "01": 0.1288
    },
    "z0u2y1_z0u3y0": {
        "00": 0.124,
        "10": 0.1299,
        "11": 0.1243,
        "01": 0.1351
    },
    "z0u1y1_z1y1": {
        "00": 0.2483,
        "10": 0.2592,
        "11": 0.2462,
        "01": 0.2463
    },
    "z0u2y1_z0u1y0": {
        "00": 0.1184,
        "10": 0.1242,
        "11": 0.1258,
        "01": 0.121
    },
    "z1y1_z0u3y1": {
        "00": 0.12405,
        "10": 0.1304,
        "11": 0.12295,
        "01": 0.12585
    },
    "z1y0_z0u3y1": {
        "00": 0.12405,
        "10": 0.1304,
        "11": 0.12295,
        "01": 0.12585
    },
    "z0u1y0_z1y0": {
        "00": 0.2581,
        "10": 0.2532,
        "11": 0.24,
        "01": 0.2487
    },
    "z0u1y1_z1y0": {},
    "z0u1y1_z0u2y1": {
        "00": 0.1264,
        "10": 0.1242,
        "11": 0.1232,
        "01": 0.1309
    },
    "z0u2y0_z0u1y0": {
        "00": 0.1217,
        "10": 0.126,
        "11": 0.123,
        "01": 0.1277
    },
    "z0u1y0_z0u2y1": {
        "00": 0.1212,
        "10": 0.1283,
        "11": 0.1313,
        "01": 0.1287
    },
    "z1y1_z0u2y0": {
        "00": 0.12255,
        "10": 0.1253,
        "11": 0.1226,
        "01": 0.1228
    },
    "z0u2y0_z0u1y1": {
        "00": 0.1292,
        "10": 0.1263,
        "11": 0.1205,
        "01": 0.1256
    },
    "z0u1y0_z0u2y0": {
        "00": 0.1277,
        "10": 0.1159,
        "11": 0.1252,
        "01": 0.1217
    },
    "z1y0_z0u1y1": {
        "00": 0.12485,
        "10": 0.123,
        "11": 0.1248,
        "01": 0.12735
    },
    "z0u3y0_z0u2y1": {
        "00": 0.1273,
        "10": 0.1252,
        "11": 0.1237,
        "01": 0.1214
    },
    "z1y0_z1y1": {
        "00": 0.1245,
        "10": 0.12465,
        "11": 0.12405,
        "01": 0.1268
    },
    "z0u1y1_z0u1y0": {},
    "z0u3y1_z0u3y1": {
        "10": 0.2554,
        "01": 0.2472
    },
    "z1y1_z1y0": {
        "00": 0.12445,
        "10": 0.12275,
        "11": 0.1248,
        "01": 0.128
    },
    "z0u3y1_z0u1y0": {
        "00": 0.1243,
        "10": 0.1242,
        "11": 0.1239,
        "01": 0.1278
    },
    "z1y1_z0u1y1": {
        "00": 0.12485,
        "10": 0.123,
        "11": 0.1248,
        "01": 0.12735
    },
    "z1y0_z1y0": {
        "00": 0.12445,
        "10": 0.12275,
        "11": 0.1248,
        "01": 0.128
    },
    "z0u2y1_z1y1": {
        "00": 0.1325,
        "10": 0.1254,
        "11": 0.1254,
        "01": 0.125
    },
    "z0u1y1_z0u1y1": {
        "00": 0.2546,
        "10": 0.2453,
        "11": 0.2539,
        "01": 0.2462
    },
    "z0u2y1_z0u1y1": {
        "00": 0.1276,
        "10": 0.129,
        "11": 0.1263,
        "01": 0.1277
    },
    "z0u3y1_z0u2y0": {
        "00": 0.1211,
        "10": 0.1269,
        "11": 0.1229,
        "01": 0.1275
    },
    "z1y1_z1y1": {
        "00": 0.1245,
        "10": 0.12465,
        "11": 0.12405,
        "01": 0.1268
    },
    "z0u3y0_z0u1y0": {
        "00": 0.126,
        "10": 0.1258,
        "11": 0.12,
        "01": 0.1274
    },
    "z0u2y0_z0u3y1": {
        "00": 0.1206,
        "10": 0.1229,
        "11": 0.1228,
        "01": 0.131
    },
    "z0u3y0_z0u3y1": {
        "00": 0.2555,
        "11": 0.2476
    },
    "z0u3y0_z1y1": {
        "00": 0.1301,
        "10": 0.1271,
        "11": 0.1298,
        "01": 0.1269
    },
    "z1y0_z0u2y0": {
        "00": 0.12255,
        "10": 0.1253,
        "11": 0.1226,
        "01": 0.1228
    },
    "z1y0_z0u2y1": {
        "00": 0.12855,
        "10": 0.1249,
        "11": 0.12885,
        "01": 0.12445
    },
    "z0u1y1_z0u2y0": {
        "00": 0.1198,
        "10": 0.1237,
        "11": 0.1263,
        "01": 0.1255
    },
    "z0u3y0_z0u1y1": {
        "00": 0.1204,
        "10": 0.1231,
        "11": 0.1234,
        "01": 0.1339
    },
    "z0u2y0_z1y0": {
        "00": 0.127,
        "10": 0.1251,
        "11": 0.1302,
        "01": 0.1189
    },
    "z0u3y1_z1y1": {
        "00": 0.126,
        "10": 0.1232,
        "11": 0.1257,
        "01": 0.1308
    },
    "z0u1y0_z0u3y1": {
        "00": 0.1226,
        "10": 0.127,
        "11": 0.1262,
        "01": 0.1251
    },
    "z0u2y1_z0u2y0": {
        "00": 0.2469,
        "11": 0.2525
    },
    "z0u2y1_z0u2y1": {
        "10": 0.2516,
        "01": 0.249
    },
    "z0u1y0_z0u1y0": {
        "00": 0.2501,
        "10": 0.2534,
        "11": 0.2427,
        "01": 0.2538
    },
    "z0u2y0_z0u2y1": {
        "00": 0.2503,
        "11": 0.2504
    },
    "z0u3y1_z1y0": {
        "00": 0.1254,
        "10": 0.1257,
        "11": 0.1211,
        "01": 0.1221
    },
    "z0u2y1_z1y0": {
        "00": 0.1221,
        "10": 0.1253,
        "11": 0.1198,
        "01": 0.1245
    },
    "z1y1_z0u3y0": {
        "00": 0.1238,
        "10": 0.1254,
        "11": 0.12265,
        "01": 0.1249
    },
    "z1y0_z0u3y0": {
        "00": 0.1238,
        "10": 0.1254,
        "11": 0.12265,
        "01": 0.1249
    },
    "z1y1_z0u1y0": {
        "00": 0.12475,
        "10": 0.1236,
        "11": 0.12825,
        "01": 0.1234
    },
    "z0u3y0_z0u2y0": {
        "00": 0.1239,
        "10": 0.1269,
        "11": 0.1277,
        "01": 0.1239
    },
    "z0u1y0_z1y1": {},
    "z0u1y0_z0u3y0": {
        "00": 0.1241,
        "10": 0.1258,
        "11": 0.1231,
        "01": 0.1261
    }
}
