{
    "z0u3y1_z0u1y1": {
        "00": 0.1306,
        "10": 0.1231,
        "11": 0.1285,
        "01": 0.1213
    },
    "z0u2y0_z0u2y0": {
        "10": 0.2501,
        "01": 0.2577
    },
    "z1y1_z0u2y1": {
        "00": 0.1283,
        "10": 0.12295,
        "11": 0.12355,
        "01": 0.1262
    },
    "z0u1y0_z0u1y1": {},
    "z0u3y0_z0u3y0": {
        "10": 0.2529,
        "01": 0.248
    },
    "z1y0_z0u1y0": {
        "00": 0.1261,
        "10": 0.1251,
        "11": 0.12255,
        "01": 0.12625
    },
    "z0u3y0_z1y0": {
        "00": 0.125,
        "10": 0.1265,
        "11": 0.1233,
        "01": 0.126
    },
    "z0u3y1_z0u3y0": {
        "00": 0.2497,
        "11": 0.2413
    },
    "z0u2y0_z1y1": {
        "00": 0.1257,
        "10": 0.1198,
        "11": 0.1262,
        "01": 0.1246
    },
    "z0u2y1_z0u3y1": {
        "00": 0.1297,
        "10": 0.1281,
        "11": 0.1204,
        "01": 0.1208
    },
    "z0u3y1_z0u2y1": {
        "00": 0.1259,
        "10": 0.1174,
        "11": 0.1303,
        "01": 0.1278
    },
    "z0u2y0_z0u3y0": {
        "00": 0.1269,
        "10": 0.126,
        "11": 0.1219,
        "01": 0.1239
    },
    "z0u1y1_z0u3y0": {
        "00": 0.1228,
        "10": 0.1228,
        "11": 0.1313,
        "01": 0.1224
    },
    "z0u1y1_z0u3y1": {
        "00": 0.1271,
        "10": 0.1275,
        "11": 0.1253,
        "01": 0.1208
    },
    "z0u2y1_z0u3y0": {
        "00": 0.1309,
        "10": 0.1205,
        "11": 0.1293,
        "01": 0.1203
    },
    "z0u1y1_z1y1": {
        "00": 0.2493,
        "10": 0.2476,
        "11": 0.2479,
        "01": 0.2552
    },
    "z0u2y1_z0u1y0": {
        "00": 0.1245,
        "10": 0.1276,
        "11": 0.1259,
        "01": 0.1316
    },
    "z1y1_z0u3y1": {
        "00": 0.1252,
        "10": 0.12515,
        "11": 0.1207,
        "01": 0.1281
    },
    "z1y0_z0u3y1": {
        "00": 0.1252,
        "10": 0.12515,
        "11": 0.1207,
        "01": 0.1281
    },
    "z0u1y0_z1y0": {
        "00": 0.2432,
        "10": 0.2507,
        "11": 0.2556,
        "01": 0.2505
    },
    "z0u1y1_z1y0": {},
    "z0u1y1_z0u2y1": {
        "00": 0.1298,
        "10": 0.1268,
        "11": 0.1266,
        "01": 0.1248
    },
    "z0u2y0_z0u1y0": {
        "00": 0.1274,
        "10": 0.1237,
        "11": 0.1215,
        "01": 0.1282
    },
    "z0u1y0_z0u2y1": {
        "00": 0.127,
        "10": 0.1257,
        "11": 0.124,
        "01": 0.1229
    },
    "z1y1_z0u2y0": {
        "00": 0.124,
        "10": 0.12675,
        "11": 0.12785,
        "01": 0.1204
    },
    "z0u2y0_z0u1y1": {
        "00": 0.1249,
        "10": 0.1262,
        "11": 0.1257,
        "01": 0.1224
    },
    "z0u1y0_z0u2y0": {
        "00": 0.127,
        "10": 0.1212,
        "11": 0.126,
        "01": 0.1262
    },
    "z1y0_z0u1y1": {
        "00": 0.1262,
        "10": 0.1244,
        "11": 0.12225,
        "01": 0.12715
    },
    "z0u3y0_z0u2y1": {
        "00": 0.1283,
        "10": 0.1229,
        "11": 0.1242,
        "01": 0.1222
    },
    "z1y0_z1y1": {
        "00": 0.12955,
        "10": 0.12315,
        "11": 0.12335,
        "01": 0.12395
    },
    "z0u1y1_z0u1y0": {},
    "z0u3y1_z0u3y1": {
        "10": 0.2544,
        "01": 0.2546
    },
    "z1y1_z1y0": {
        "00": 0.12395,
        "10": 0.1216,
        "11": 0.12835,
        "01": 0.1261
    },
    "z0u3y1_z0u1y0": {
        "00": 0.1215,
        "10": 0.1287,
        "11": 0.1262,
        "01": 0.1201
    },
    "z1y1_z0u1y1": {
        "00": 0.1262,
        "10": 0.1244,
        "11": 0.12225,
        "01": 0.12715
    },
    "z1y0_z1y0": {
        "00": 0.12395,
        "10": 0.1216,
        "11": 0.12835,
        "01": 0.1261
    },
    "z0u2y1_z1y1": {
        "00": 0.1309,
        "10": 0.1238,
        "11": 0.1232,
        "01": 0.1239
    },
    "z0u1y1_z0u1y1": {
        "00": 0.2475,
        "10": 0.2533,
        "11": 0.2403,
        "01": 0.2589
    },
    "z0u2y1_z0u1y1": {
        "00": 0.1209,
        "10": 0.1243,
        "11": 0.1183,
        "01": 0.1269
    },
    "z0u3y1_z0u2y0": {
        "00": 0.1297,
        "10": 0.1212,
        "11": 0.1242,
        "01": 0.1235
    },
    "z1y1_z1y1": {
        "00": 0.12955,
        "10": 0.12315,
        "11": 0.12335,
        "01": 0.12395
    },
    "z0u3y0_z0u1y0": {
        "00": 0.1282,
        "10": 0.127,
        "11": 0.1231,
        "01": 0.1241
    },
    "z0u2y0_z0u3y1": {
        "00": 0.1231,
        "10": 0.1247,
        "11": 0.1309,
        "01": 0.1226
    },
    "z0u3y0_z0u3y1": {
        "00": 0.248,
        "11": 0.2511
    },
    "z0u3y0_z1y1": {
        "00": 0.1208,
        "10": 0.1259,
        "11": 0.126,
        "01": 0.1265
    },
    "z1y0_z0u2y0": {
        "00": 0.124,
        "10": 0.12675,
        "11": 0.12785,
        "01": 0.1204
    },
    "z1y0_z0u2y1": {
        "00": 0.1283,
        "10": 0.12295,
        "11": 0.12355,
        "01": 0.1262
    },
    "z0u1y1_z0u2y0": {
        "00": 0.1213,
        "10": 0.1285,
        "11": 0.1248,
        "01": 0.1174
    },
    "z0u3y0_z0u1y1": {
        "00": 0.121,
        "10": 0.1245,
        "11": 0.1278,
        "01": 0.1243
    },
    "z0u2y0_z1y0": {
        "00": 0.1222,
        "10": 0.1258,
        "11": 0.126,
        "01": 0.1297
    },
    "z0u3y1_z1y1": {
        "00": 0.1281,
        "10": 0.1255,
        "11": 0.1295,
        "01": 0.1234
    },
    "z0u1y0_z0u3y1": {
        "00": 0.1272,
        "10": 0.1281,
        "11": 0.1208,
        "01": 0.1239
    },
    "z0u2y1_z0u2y0": {
        "00": 0.2449,
        "11": 0.2502
    },
    "z0u2y1_z0u2y1": {
        "10": 0.255,
        "01": 0.2499
    },
    "z0u1y0_z0u1y0": {
        "00": 0.2499,
        "10": 0.2498,
        "11": 0.2469,
        "01": 0.2534
    },
    "z0u2y0_z0u2y1": {
        "00": 0.2476,
        "11": 0.2446
    },
    "z0u3y1_z1y0": {
        "00": 0.1247,
        "10": 0.122,
        "11": 0.118,
        "01": 0.1288
    },
    "z0u2y1_z1y0": {
        "00": 0.1247,
        "10": 0.1199,
        "11": 0.1267,
        "01": 0.1269
    },
    "z1y1_z0u3y0": {
        "00": 0.12405,
        "10": 0.12245,
        "11": 0.12915,
        "01": 0.1252
    },
    "z1y0_z0u3y0": {
        "00": 0.12405,
        "10": 0.12245,
        "11": 0.12915,
        "01": 0.1252
    },
    "z1y1_z0u1y0": {
        "00": 0.1261,
        "10": 0.1251,
        "11": 0.12255,
        "01": 0.12625
    },
    "z0u3y0_z0u2y0": {
        "00": 0.1273,
        "10": 0.1238,
        "11": 0.1246,
        "01": 0.1267
    },
    "z0u1y0_z1y1": {},
    "z0u1y0_z0u3y0": {
        "00": 0.1254,
        "10": 0.1198,
        "11": 0.1317,
        "01": 0.1231
    }
}
