{
    "z0u3y1_z0u1y1": {
        "00": 0.1231,
        "10": 0.121,
        "11": 0.1223,
        "01": 0.1262
    },
    "z0u2y0_z0u2y0": {
        "00": 0.1315,
        "10": 0.1221,
        "11": 0.1288,
        "01": 0.1187
    },
    "z1y1_z0u2y1": {
        "00": 0.12785,
        "10": 0.1279,
        "11": 0.1284,
        "01": 0.1217
    },
    "z0u1y0_z0u1y1": {},
    "z0u3y0_z0u3y0": {
        "00": 0.124,
        "10": 0.1283,
        "11": 0.123,
        "01": 0.1285
    },
    "z1y0_z0u1y0": {
        "00": 0.12575,
        "10": 0.12515,
        "11": 0.1235,
        "01": 0.1256
    },
    "z0u3y0_z1y0": {
        "00": 0.1269,
        "10": 0.1256,
        "11": 0.1269,
        "01": 0.1234
    },
    "z0u3y1_z0u3y0": {
        "00": 0.126,
        "10": 0.1292,
        "11": 0.1257,
        "01": 0.1205
    },
    "z0u2y0_z1y1": {
        "00": 0.1245,
        "10": 0.1269,
        "11": 0.1242,
        "01": 0.1266
    },
    "z0u2y1_z0u3y1": {
        "00": 0.2476,
        "11": 0.2478
    },
    "z0u3y1_z0u2y1": {
        "10": 0.2483,
        "01": 0.2503
    },
    "z0u2y0_z0u3y0": {
        "00": 0.2465,
        "11": 0.25
    },
    "z0u1y1_z0u3y0": {
        "00": 0.1272,
        "10": 0.1234,
        "11": 0.1289,
        "01": 0.1257
    },
    "z0u1y1_z0u3y1": {
        "00": 0.1275,
        "10": 0.1223,
        "11": 0.1203,
        "01": 0.1247
    },
    "z0u2y1_z0u3y0": {
        "10": 0.2592,
        "01": 0.2454
    },
    "z0u1y1_z1y1": {
        "00": 0.2499,
        "10": 0.2485,
        "11": 0.2461,
        "01": 0.2555
    },
    "z0u2y1_z0u1y0": {
        "00": 0.1196,
        "10": 0.1248,
        "11": 0.1251,
        "01": 0.125
    },
    "z1y1_z0u3y1": {
        "00": 0.1238,
        "10": 0.12425,
        "11": 0.1265,
        "01": 0.12255
    },
    "z1y0_z0u3y1": {
        "00": 0.1238,
        "10": 0.12425,
        "11": 0.1265,
        "01": 0.12255
    },
    "z0u1y0_z1y0": {
        "00": 0.2467,
        "10": 0.2484,
        "11": 0.2496,
        "01": 0.2553
    },
    "z0u1y1_z1y0": {},
    "z0u1y1_z0u2y1": {
        "00": 0.1226,
        "10": 0.1234,
        "11": 0.1293,
        "01": 0.1298
    },
    "z0u2y0_z0u1y0": {
        "00": 0.1218,
        "10": 0.1235,
        "11": 0.1252,
        "01": 0.1231
    },
    "z0u1y0_z0u2y1": {
        "00": 0.1227,
        "10": 0.1308,
        "11": 0.1274,
        "01": 0.125
    },
    "z1y1_z0u2y0": {
        "00": 0.1181,
        "10": 0.1225,
        "11": 0.1272,
        "01": 0.12635
    },
    "z0u2y0_z0u1y1": {
        "00": 0.1249,
        "10": 0.1248,
        "11": 0.1333,
        "01": 0.1234
    },
    "z0u1y0_z0u2y0": {
        "00": 0.1251,
        "10": 0.1211,
        "11": 0.126,
        "01": 0.1219
    },
    "z1y0_z0u1y1": {
        "00": 0.1253,
        "10": 0.12485,
        "11": 0.12285,
        "01": 0.127
    },
    "z0u3y0_z0u2y1": {
        "00": 0.246,
        "11": 0.254
    },
    "z1y0_z1y1": {
        "00": 0.12615,
        "10": 0.1232,
        "11": 0.12395,
        "01": 0.1267
    },
    "z0u1y1_z0u1y0": {},
    "z0u3y1_z0u3y1": {
        "00": 0.127,
        "10": 0.1234,
        "11": 0.1267,
        "01": 0.1215
    },
    "z1y1_z1y0": {
        "00": 0.1275,
        "10": 0.12865,
        "11": 0.1223,
        "01": 0.12155
    },
    "z0u3y1_z0u1y0": {
        "00": 0.1248,
        "10": 0.1287,
        "11": 0.1275,
        "01": 0.1264
    },
    "z1y1_z0u1y1": {
        "00": 0.1253,
        "10": 0.12485,
        "11": 0.12285,
        "01": 0.127
    },
    "z1y0_z1y0": {
        "00": 0.1275,
        "10": 0.12865,
        "11": 0.1223,
        "01": 0.12155
    },
    "z0u2y1_z1y1": {
        "00": 0.1231,
        "10": 0.1213,
        "11": 0.1252,
        "01": 0.1214
    },
    "z0u1y1_z0u1y1": {
        "00": 0.2454,
        "10": 0.2481,
        "11": 0.2562,
        "01": 0.2503
    },
    "z0u2y1_z0u1y1": {
        "00": 0.1242,
        "10": 0.1307,
        "11": 0.1261,
        "01": 0.1245
    },
    "z0u3y1_z0u2y0": {
        "00": 0.2525,
        "11": 0.2489
    },
    "z1y1_z1y1": {
        "00": 0.12615,
        "10": 0.1232,
        "11": 0.12395,
        "01": 0.1267
    },
    "z0u3y0_z0u1y0": {
        "00": 0.1242,
        "10": 0.128,
        "11": 0.1226,
        "01": 0.1198
    },
    "z0u2y0_z0u3y1": {
        "10": 0.2475,
        "01": 0.256
    },
    "z0u3y0_z0u3y1": {
        "00": 0.1284,
        "10": 0.1212,
        "11": 0.1255,
        "01": 0.1211
    },
    "z0u3y0_z1y1": {
        "00": 0.1237,
        "10": 0.1246,
        "11": 0.1264,
        "01": 0.1225
    },
    "z1y0_z0u2y0": {
        "00": 0.1181,
        "10": 0.1225,
        "11": 0.1272,
        "01": 0.12635
    },
    "z1y0_z0u2y1": {
        "00": 0.12785,
        "10": 0.1279,
        "11": 0.1284,
        "01": 0.1217
    },
    "z0u1y1_z0u2y0": {
        "00": 0.1277,
        "10": 0.117,
        "11": 0.1263,
        "01": 0.1239
    },
    "z0u3y0_z0u1y1": {
        "00": 0.1241,
        "10": 0.1269,
        "11": 0.125,
        "01": 0.1294
    },
    "z0u2y0_z1y0": {
        "00": 0.1188,
        "10": 0.1221,
        "11": 0.1304,
        "01": 0.1265
    },
    "z0u3y1_z1y1": {
        "00": 0.1196,
        "10": 0.1262,
        "11": 0.1262,
        "01": 0.1251
    },
    "z0u1y0_z0u3y1": {
        "00": 0.125,
        "10": 0.1299,
        "11": 0.1235,
        "01": 0.1234
    },
    "z0u2y1_z0u2y0": {
        "00": 0.1206,
        "10": 0.1292,
        "11": 0.1272,
        "01": 0.1246
    },
    "z0u2y1_z0u2y1": {
        "00": 0.1292,
        "10": 0.1231,
        "11": 0.1196,
        "01": 0.1265
    },
    "z0u1y0_z0u1y0": {
        "00": 0.2505,
        "10": 0.2475,
        "11": 0.2467,
        "01": 0.2553
    },
    "z0u2y0_z0u2y1": {
        "00": 0.1247,
        "10": 0.1255,
        "11": 0.1258,
        "01": 0.1229
    },
    "z0u3y1_z1y0": {
        "00": 0.1256,
        "10": 0.125,
        "11": 0.1272,
        "01": 0.1251
    },
    "z0u2y1_z1y0": {
        "00": 0.1284,
        "10": 0.1289,
        "11": 0.128,
        "01": 0.1237
    },
    "z1y1_z0u3y0": {
        "00": 0.12445,
        "10": 0.1265,
        "11": 0.12635,
        "01": 0.1256
    },
    "z1y0_z0u3y0": {
        "00": 0.12445,
        "10": 0.1265,
        "11": 0.12635,
        "01": 0.1256
    },
    "z1y1_z0u1y0": {
        "00": 0.12575,
        "10": 0.12515,
        "11": 0.1235,
        "01": 0.1256
    },
    "z0u3y0_z0u2y0": {
        "10": 0.2526,
        "01": 0.2474
    },
    "z0u1y0_z1y1": {},
    "z0u1y0_z0u3y0": {
        "00": 0.1238,
        "10": 0.1301,
        "11": 0.1211,
        "01": 0.1232
    }
}
