{
    "z0u3y1_z0u1y1": {
        "00": 0.1256,
        "10": 0.1195,
        "11": 0.1202,
        "01": 0.1266
    },
    "z0u2y0_z0u2y0": {
        "00": 0.2514,
        "11": 0.2521
    },
    "z1y1_z0u2y1": {
        "00": 0.12655,
        "10": 0.12545,
        "11": 0.1239,
        "01": 0.1283
    },
    "z0u1y0_z0u1y1": {},
    "z0u3y0_z0u3y0": {
        "00": 0.2479,
        "11": 0.2538
    },
    "z1y0_z0u1y0": {
        "00": 0.12655,
        "10": 0.1283,
        "11": 0.12435,
        "01": 0.1208
    },
    "z0u3y0_z1y0": {
        "00": 0.1287,
        "10": 0.1261,
        "11": 0.1216,
        "01": 0.1277
    },
    "z0u3y1_z0u3y0": {
        "10": 0.2465,
        "01": 0.2528
    },
    "z0u2y0_z1y1": {
        "00": 0.1256,
        "10": 0.122,
        "11": 0.123,
        "01": 0.1237
    },
    "z0u2y1_z0u3y1": {
        "00": 0.1169,
        "10": 0.1247,
        "11": 0.1244,
        "01": 0.1317
    },
    "z0u3y1_z0u2y1": {
        "00": 0.1263,
        "10": 0.1255,
        "11": 0.1247,
        "01": 0.1207
    },
    "z0u2y0_z0u3y0": {
        "00": 0.1189,
        "10": 0.1281,
        "11": 0.1195,
        "01": 0.1293
    },
    "z0u1y1_z0u3y0": {
        "00": 0.1275,
        "10": 0.1183,
        "11": 0.1252,
        "01": 0.1291
    },
    "z0u1y1_z0u3y1": {
        "00": 0.1253,
        "10": 0.1265,
        "11": 0.125,
        "01": 0.1231
    },
    "z0u2y1_z0u3y0": {
        "00": 0.1218,
        "10": 0.1313,
        "11": 0.1245,
        "01": 0.1247
    },
    "z0u1y1_z1y1": {
        "00": 0.2451,
        "10": 0.2446,
        "11": 0.255,
        "01": 0.2553
    },
    "z0u2y1_z0u1y0": {
        "00": 0.1221,
        "10": 0.1273,
        "11": 0.1271,
        "01": 0.1292
    },
    "z1y1_z0u3y1": {
        "00": 0.12415,
        "10": 0.123,
        "11": 0.1261,
        "01": 0.12695
    },
    "z1y0_z0u3y1": {
        "00": 0.12415,
        "10": 0.123,
        "11": 0.1261,
        "01": 0.12695
    },
    "z0u1y0_z1y0": {
        "00": 0.242,
        "10": 0.2544,
        "11": 0.2503,
        "01": 0.2533
    },
    "z0u1y1_z1y0": {},
    "z0u1y1_z0u2y1": {
        "00": 0.1229,
        "10": 0.1243,
        "11": 0.129,
        "01": 0.1202
    },
    "z0u2y0_z0u1y0": {
        "00": 0.1214,
        "10": 0.1268,
        "11": 0.1319,
        "01": 0.1246
    },
    "z0u1y0_z0u2y1": {
        "00": 0.125,
        "10": 0.1243,
        "11": 0.1283,
        "01": 0.128
    },
    "z1y1_z0u2y0": {
        "00": 0.12485,
        "10": 0.1247,
        "11": 0.12475,
        "01": 0.1215
    },
    "z0u2y0_z0u1y1": {
        "00": 0.1262,
        "10": 0.1265,
        "11": 0.119,
        "01": 0.1236
    },
    "z0u1y0_z0u2y0": {
        "00": 0.1193,
        "10": 0.1223,
        "11": 0.1265,
        "01": 0.1263
    },
    "z1y0_z0u1y1": {
        "00": 0.12715,
        "10": 0.1248,
        "11": 0.12415,
        "01": 0.1239
    },
    "z0u3y0_z0u2y1": {
        "00": 0.1287,
        "10": 0.1233,
        "11": 0.1214,
        "01": 0.1208
    },
    "z1y0_z1y1": {
        "00": 0.12475,
        "10": 0.12265,
        "11": 0.1275,
        "01": 0.1251
    },
    "z0u1y1_z0u1y0": {},
    "z0u3y1_z0u3y1": {
        "00": 0.2501,
        "11": 0.2506
    },
    "z1y1_z1y0": {
        "00": 0.1248,
        "10": 0.12735,
        "11": 0.1261,
        "01": 0.12175
    },
    "z0u3y1_z0u1y0": {
        "00": 0.1265,
        "10": 0.1258,
        "11": 0.1274,
        "01": 0.1284
    },
    "z1y1_z0u1y1": {
        "00": 0.12715,
        "10": 0.1248,
        "11": 0.12415,
        "01": 0.1239
    },
    "z1y0_z1y0": {
        "00": 0.1248,
        "10": 0.12735,
        "11": 0.1261,
        "01": 0.12175
    },
    "z0u2y1_z1y1": {
        "00": 0.1255,
        "10": 0.1224,
        "11": 0.1185,
        "01": 0.1283
    },
    "z0u1y1_z0u1y1": {
        "00": 0.2514,
        "10": 0.2502,
        "11": 0.2461,
        "01": 0.2523
    },
    "z0u2y1_z0u1y1": {
        "00": 0.1232,
        "10": 0.1249,
        "11": 0.1226,
        "01": 0.1236
    },
    "z0u3y1_z0u2y0": {
        "00": 0.1301,
        "10": 0.127,
        "11": 0.1265,
        "01": 0.1192
    },
    "z1y1_z1y1": {
        "00": 0.12475,
        "10": 0.12265,
        "11": 0.1275,
        "01": 0.1251
    },
    "z0u3y0_z0u1y0": {
        "00": 0.1244,
        "10": 0.1209,
        "11": 0.1234,
        "01": 0.13
    },
    "z0u2y0_z0u3y1": {
        "00": 0.1293,
        "10": 0.1216,
        "11": 0.1239,
        "01": 0.1294
    },
    "z0u3y0_z0u3y1": {
        "10": 0.2503,
        "01": 0.248
    },
    "z0u3y0_z1y1": {
        "00": 0.126,
        "10": 0.1197,
        "11": 0.1255,
        "01": 0.1247
    },
    "z1y0_z0u2y0": {
        "00": 0.12485,
        "10": 0.1247,
        "11": 0.12475,
        "01": 0.1215
    },
    "z1y0_z0u2y1": {
        "00": 0.12655,
        "10": 0.12545,
        "11": 0.1239,
        "01": 0.1283
    },
    "z0u1y1_z0u2y0": {
        "00": 0.1268,
        "10": 0.1235,
        "11": 0.1256,
        "01": 0.1277
    },
    "z0u3y0_z0u1y1": {
        "00": 0.1195,
        "10": 0.1333,
        "11": 0.1247,
        "01": 0.1238
    },
    "z0u2y0_z1y0": {
        "00": 0.1221,
        "10": 0.1347,
        "11": 0.1247,
        "01": 0.1242
    },
    "z0u3y1_z1y1": {
        "00": 0.1258,
        "10": 0.1235,
        "11": 0.131,
        "01": 0.1268
    },
    "z0u1y0_z0u3y1": {
        "00": 0.127,
        "10": 0.1183,
        "11": 0.1254,
        "01": 0.1265
    },
    "z0u2y1_z0u2y0": {
        "10": 0.2505,
        "01": 0.2552
    },
    "z0u2y1_z0u2y1": {
        "00": 0.2473,
        "11": 0.247
    },
    "z0u1y0_z0u1y0": {
        "00": 0.2443,
        "10": 0.2516,
        "11": 0.248,
        "01": 0.2561
    },
    "z0u2y0_z0u2y1": {
        "10": 0.2443,
        "01": 0.2522
    },
    "z0u3y1_z1y0": {
        "00": 0.1215,
        "10": 0.1252,
        "11": 0.1287,
        "01": 0.1175
    },
    "z0u2y1_z1y0": {
        "00": 0.1252,
        "10": 0.126,
        "11": 0.126,
        "01": 0.1281
    },
    "z1y1_z0u3y0": {
        "00": 0.12295,
        "10": 0.1266,
        "11": 0.1242,
        "01": 0.12605
    },
    "z1y0_z0u3y0": {
        "00": 0.12295,
        "10": 0.1266,
        "11": 0.1242,
        "01": 0.12605
    },
    "z1y1_z0u1y0": {
        "00": 0.12655,
        "10": 0.1283,
        "11": 0.12435,
        "01": 0.1208
    },
    "z0u3y0_z0u2y0": {
        "00": 0.124,
        "10": 0.1211,
        "11": 0.1301,
        "01": 0.1306
    },
    "z0u1y0_z1y1": {},
    "z0u1y0_z0u3y0": {
        "00": 0.1275,
        "10": 0.1235,
        "11": 0.1262,
        "01": 0.1256
    }
}
