{
    "z0u3y1_z0u1y1": {
        "00": 0.1181,
        "10": 0.1245,
        "11": 0.1247,
        "01": 0.1309
    },
    "z0u2y0_z0u2y0": {
        "00": 0.1267,
        "10": 0.1178,
        "11": 0.1266,
        "01": 0.1248
    },
    "z1y1_z0u2y1": {
        "00": 0.1242,
        "10": 0.125,
        "11": 0.12505,
        "01": 0.12425
    },
    "z0u1y0_z0u1y1": {},
    "z0u3y0_z0u3y0": {
        "00": 0.1312,
        "10": 0.1276,
        "11": 0.1192,
        "01": 0.1248
    },
    "z1y0_z0u1y0": {
        "00": 0.123,
        "10": 0.12635,
        "11": 0.12705,
        "01": 0.1236
    },
    "z0u3y0_z1y0": {
        "00": 0.1252,
        "10": 0.1179,
        "11": 0.1306,
        "01": 0.1251
    },
    "z0u3y1_z0u3y0": {
        "00": 0.1211,
        "10": 0.1256,
        "11": 0.1231,
        "01": 0.1263
    },
    "z0u2y0_z1y1": {
        "00": 0.123,
        "10": 0.1294,
        "11": 0.126,
        "01": 0.1236
    },
    "z0u2y1_z0u3y1": {
        "00": 0.2464,
        "11": 0.2488
    },
    "z0u3y1_z0u2y1": {
        "10": 0.2418,
        "01": 0.2542
    },
    "z0u2y0_z0u3y0": {
        "00": 0.2499,
        "11": 0.2494
    },
    "z0u1y1_z0u3y0": {
        "00": 0.1237,
        "10": 0.1208,
        "11": 0.1229,
        "01": 0.1272
    },
    "z0u1y1_z0u3y1": {
        "00": 0.1225,
        "10": 0.1259,
        "11": 0.1259,
        "01": 0.1311
    },
    "z0u2y1_z0u3y0": {
        "10": 0.2563,
        "01": 0.2485
    },
    "z0u1y1_z1y1": {
        "00": 0.2452,
        "10": 0.2476,
        "11": 0.2589,
        "01": 0.2483
    },
    "z0u2y1_z0u1y0": {
        "00": 0.1274,
        "10": 0.126,
        "11": 0.124,
        "01": 0.1258
    },
    "z1y1_z0u3y1": {
        "00": 0.1254,
        "10": 0.1258,
        "11": 0.1232,
        "01": 0.1252
    },
    "z1y0_z0u3y1": {
        "00": 0.1254,
        "10": 0.1258,
        "11": 0.1232,
        "01": 0.1252
    },
    "z0u1y0_z1y0": {
        "00": 0.2471,
        "10": 0.2482,
        "11": 0.2562,
        "01": 0.2485
    },
    "z0u1y1_z1y0": {},
    "z0u1y1_z0u2y1": {
        "00": 0.1304,
        "10": 0.1259,
        "11": 0.1194,
        "01": 0.1168
    },
    "z0u2y0_z0u1y0": {
        "00": 0.1247,
        "10": 0.1304,
        "11": 0.1284,
        "01": 0.1285
    },
    "z0u1y0_z0u2y1": {
        "00": 0.1227,
        "10": 0.1303,
        "11": 0.122,
        "01": 0.125
    },
    "z1y1_z0u2y0": {
        "00": 0.1243,
        "10": 0.127,
        "11": 0.1267,
        "01": 0.1235
    },
    "z0u2y0_z0u1y1": {
        "00": 0.1204,
        "10": 0.1283,
        "11": 0.1192,
        "01": 0.1201
    },
    "z0u1y0_z0u2y0": {
        "00": 0.1262,
        "10": 0.1249,
        "11": 0.1267,
        "01": 0.1222
    },
    "z1y0_z0u1y1": {
        "00": 0.12855,
        "10": 0.1216,
        "11": 0.12535,
        "01": 0.1245
    },
    "z0u3y0_z0u2y1": {
        "00": 0.2424,
        "11": 0.2561
    },
    "z1y0_z1y1": {
        "00": 0.12705,
        "10": 0.12335,
        "11": 0.12325,
        "01": 0.12635
    },
    "z0u1y1_z0u1y0": {},
    "z0u3y1_z0u3y1": {
        "00": 0.1284,
        "10": 0.1252,
        "11": 0.1285,
        "01": 0.1218
    },
    "z1y1_z1y0": {
        "00": 0.124,
        "10": 0.1246,
        "11": 0.1283,
        "01": 0.1231
    },
    "z0u3y1_z0u1y0": {
        "00": 0.129,
        "10": 0.1236,
        "11": 0.1295,
        "01": 0.1197
    },
    "z1y1_z0u1y1": {
        "00": 0.12855,
        "10": 0.1216,
        "11": 0.12535,
        "01": 0.1245
    },
    "z1y0_z1y0": {
        "00": 0.124,
        "10": 0.1246,
        "11": 0.1283,
        "01": 0.1231
    },
    "z0u2y1_z1y1": {
        "00": 0.1263,
        "10": 0.1209,
        "11": 0.1233,
        "01": 0.1298
    },
    "z0u1y1_z0u1y1": {
        "00": 0.2499,
        "10": 0.2566,
        "11": 0.2477,
        "01": 0.2458
    },
    "z0u2y1_z0u1y1": {
        "00": 0.1248,
        "10": 0.1202,
        "11": 0.125,
        "01": 0.1268
    },
    "z0u3y1_z0u2y0": {
        "00": 0.2493,
        "11": 0.2547
    },
    "z1y1_z1y1": {
        "00": 0.12705,
        "10": 0.12335,
        "11": 0.12325,
        "01": 0.12635
    },
    "z0u3y0_z0u1y0": {
        "00": 0.1206,
        "10": 0.1299,
        "11": 0.1229,
        "01": 0.1309
    },
    "z0u2y0_z0u3y1": {
        "10": 0.2483,
        "01": 0.2524
    },
    "z0u3y0_z0u3y1": {
        "00": 0.1213,
        "10": 0.1267,
        "11": 0.1251,
        "01": 0.1241
    },
    "z0u3y0_z1y1": {
        "00": 0.1269,
        "10": 0.1245,
        "11": 0.1247,
        "01": 0.1251
    },
    "z1y0_z0u2y0": {
        "00": 0.1243,
        "10": 0.127,
        "11": 0.1267,
        "01": 0.1235
    },
    "z1y0_z0u2y1": {
        "00": 0.1242,
        "10": 0.125,
        "11": 0.12505,
        "01": 0.12425
    },
    "z0u1y1_z0u2y0": {
        "00": 0.1243,
        "10": 0.1213,
        "11": 0.1298,
        "01": 0.1321
    },
    "z0u3y0_z0u1y1": {
        "00": 0.1198,
        "10": 0.1282,
        "11": 0.1212,
        "01": 0.1265
    },
    "z0u2y0_z1y0": {
        "00": 0.1225,
        "10": 0.1225,
        "11": 0.1256,
        "01": 0.1274
    },
    "z0u3y1_z1y1": {
        "00": 0.1225,
        "10": 0.1231,
        "11": 0.1313,
        "01": 0.1205
    },
    "z0u1y0_z0u3y1": {
        "00": 0.1271,
        "10": 0.1247,
        "11": 0.1217,
        "01": 0.124
    },
    "z0u2y1_z0u2y0": {
        "00": 0.1255,
        "10": 0.1241,
        "11": 0.1256,
        "01": 0.1201
    },
    "z0u2y1_z0u2y1": {
        "00": 0.1232,
        "10": 0.1276,
        "11": 0.1297,
        "01": 0.1242
    },
    "z0u1y0_z0u1y0": {
        "00": 0.2469,
        "10": 0.2514,
        "11": 0.2476,
        "01": 0.2541
    },
    "z0u2y0_z0u2y1": {
        "00": 0.1275,
        "10": 0.1271,
        "11": 0.1248,
        "01": 0.1247
    },
    "z0u3y1_z1y0": {
        "00": 0.1225,
        "10": 0.1269,
        "11": 0.1253,
        "01": 0.1279
    },
    "z0u2y1_z1y0": {
        "00": 0.1248,
        "10": 0.1219,
        "11": 0.1317,
        "01": 0.1213
    },
    "z1y1_z0u3y0": {
        "00": 0.1206,
        "10": 0.12385,
        "11": 0.126,
        "01": 0.12995
    },
    "z1y0_z0u3y0": {
        "00": 0.1206,
        "10": 0.12385,
        "11": 0.126,
        "01": 0.12995
    },
    "z1y1_z0u1y0": {
        "00": 0.123,
        "10": 0.12635,
        "11": 0.12705,
        "01": 0.1236
    },
    "z0u3y0_z0u2y0": {
        "10": 0.2508,
        "01": 0.2507
    },
    "z0u1y0_z1y1": {},
    "z0u1y0_z0u3y0": {
        "00": 0.1236,
        "10": 0.127,
        "11": 0.1306,
        "01": 0.1213
    }
}
