{
    "z0u3y1_z0u1y1": {
        "00": 0.1202,
        "10": 0.1258,
        "11": 0.1265,
        "01": 0.1204
    },
    "z0u2y0_z0u2y0": {
        "10": 0.2415,
        "01": 0.2508
    },
    "z1y1_z0u2y1": {
        "00": 0.12655,
        "10": 0.1247,
        "11": 0.1207,
        "01": 0.1284
    },
    "z0u1y0_z0u1y1": {},
    "z0u3y0_z0u3y0": {
        "10": 0.2479,
        "01": 0.2529
    },
    "z1y0_z0u1y0": {
        "00": 0.12705,
        "10": 0.12385,
        "11": 0.12495,
        "01": 0.12415
    },
    "z0u3y0_z1y0": {
        "00": 0.1247,
        "10": 0.1177,
        "11": 0.1241,
        "01": 0.1267
    },
    "z0u3y1_z0u3y0": {
        "00": 0.2522,
        "11": 0.25
    },
    "z0u2y0_z1y1": {
        "00": 0.1243,
        "10": 0.1336,
        "11": 0.1249,
        "01": 0.125
    },
    "z0u2y1_z0u3y1": {
        "00": 0.1207,
        "10": 0.1232,
        "11": 0.1269,
        "01": 0.1277
    },
    "z0u3y1_z0u2y1": {
        "00": 0.1243,
        "10": 0.1236,
        "11": 0.1249,
        "01": 0.129
    },
    "z0u2y0_z0u3y0": {
        "00": 0.1257,
        "10": 0.1248,
        "11": 0.1313,
        "01": 0.1278
    },
    "z0u1y1_z0u3y0": {
        "00": 0.1226,
        "10": 0.1277,
        "11": 0.1234,
        "01": 0.1247
    },
    "z0u1y1_z0u3y1": {
        "00": 0.1286,
        "10": 0.1228,
        "11": 0.1226,
        "01": 0.1276
    },
    "z0u2y1_z0u3y0": {
        "00": 0.1256,
        "10": 0.129,
        "11": 0.1217,
        "01": 0.1252
    },
    "z0u1y1_z1y1": {
        "00": 0.2501,
        "10": 0.2516,
        "11": 0.2497,
        "01": 0.2486
    },
    "z0u2y1_z0u1y0": {
        "00": 0.1212,
        "10": 0.1266,
        "11": 0.1302,
        "01": 0.1245
    },
    "z1y1_z0u3y1": {
        "00": 0.12355,
        "10": 0.12405,
        "11": 0.1308,
        "01": 0.1238
    },
    "z1y0_z0u3y1": {
        "00": 0.12355,
        "10": 0.12405,
        "11": 0.1308,
        "01": 0.1238
    },
    "z0u1y0_z1y0": {
        "00": 0.2514,
        "10": 0.2459,
        "11": 0.249,
        "01": 0.2537
    },
    "z0u1y1_z1y0": {},
    "z0u1y1_z0u2y1": {
        "00": 0.1236,
        "10": 0.1309,
        "11": 0.12,
        "01": 0.1325
    },
    "z0u2y0_z0u1y0": {
        "00": 0.1206,
        "10": 0.1248,
        "11": 0.1238,
        "01": 0.1244
    },
    "z0u1y0_z0u2y1": {
        "00": 0.1189,
        "10": 0.1211,
        "11": 0.1259,
        "01": 0.1294
    },
    "z1y1_z0u2y0": {
        "00": 0.1253,
        "10": 0.1254,
        "11": 0.1236,
        "01": 0.12535
    },
    "z0u2y0_z0u1y1": {
        "00": 0.1272,
        "10": 0.129,
        "11": 0.1262,
        "01": 0.124
    },
    "z0u1y0_z0u2y0": {
        "00": 0.1231,
        "10": 0.1311,
        "11": 0.1245,
        "01": 0.126
    },
    "z1y0_z0u1y1": {
        "00": 0.12625,
        "10": 0.12395,
        "11": 0.12455,
        "01": 0.12525
    },
    "z0u3y0_z0u2y1": {
        "00": 0.1224,
        "10": 0.1238,
        "11": 0.1205,
        "01": 0.1319
    },
    "z1y0_z1y1": {
        "00": 0.1277,
        "10": 0.1266,
        "11": 0.1207,
        "01": 0.125
    },
    "z0u1y1_z0u1y0": {},
    "z0u3y1_z0u3y1": {
        "10": 0.2486,
        "01": 0.2492
    },
    "z1y1_z1y0": {
        "00": 0.12425,
        "10": 0.12395,
        "11": 0.12385,
        "01": 0.12795
    },
    "z0u3y1_z0u1y0": {
        "00": 0.1284,
        "10": 0.1211,
        "11": 0.13,
        "01": 0.1276
    },
    "z1y1_z0u1y1": {
        "00": 0.12625,
        "10": 0.12395,
        "11": 0.12455,
        "01": 0.12525
    },
    "z1y0_z1y0": {
        "00": 0.12425,
        "10": 0.12395,
        "11": 0.12385,
        "01": 0.12795
    },
    "z0u2y1_z1y1": {
        "00": 0.1272,
        "10": 0.1227,
        "11": 0.1201,
        "01": 0.1212
    },
    "z0u1y1_z0u1y1": {
        "00": 0.2561,
        "10": 0.2499,
        "11": 0.2494,
        "01": 0.2446
    },
    "z0u2y1_z0u1y1": {
        "00": 0.1277,
        "10": 0.1271,
        "11": 0.1187,
        "01": 0.124
    },
    "z0u3y1_z0u2y0": {
        "00": 0.1267,
        "10": 0.1256,
        "11": 0.1212,
        "01": 0.1247
    },
    "z1y1_z1y1": {
        "00": 0.1277,
        "10": 0.1266,
        "11": 0.1207,
        "01": 0.125
    },
    "z0u3y0_z0u1y0": {
        "00": 0.1176,
        "10": 0.1302,
        "11": 0.1253,
        "01": 0.1251
    },
    "z0u2y0_z0u3y1": {
        "00": 0.1194,
        "10": 0.126,
        "11": 0.122,
        "01": 0.123
    },
    "z0u3y0_z0u3y1": {
        "00": 0.2522,
        "11": 0.247
    },
    "z0u3y0_z1y1": {
        "00": 0.13,
        "10": 0.1311,
        "11": 0.1216,
        "01": 0.1241
    },
    "z1y0_z0u2y0": {
        "00": 0.1253,
        "10": 0.1254,
        "11": 0.1236,
        "01": 0.12535
    },
    "z1y0_z0u2y1": {
        "00": 0.12655,
        "10": 0.1247,
        "11": 0.1207,
        "01": 0.1284
    },
    "z0u1y1_z0u2y0": {
        "00": 0.1254,
        "10": 0.1221,
        "11": 0.1219,
        "01": 0.1236
    },
    "z0u3y0_z0u1y1": {
        "00": 0.1248,
        "10": 0.1311,
        "11": 0.1215,
        "01": 0.1244
    },
    "z0u2y0_z1y0": {
        "00": 0.1264,
        "10": 0.1231,
        "11": 0.1245,
        "01": 0.1182
    },
    "z0u3y1_z1y1": {
        "00": 0.1278,
        "10": 0.1253,
        "11": 0.1178,
        "01": 0.126
    },
    "z0u1y0_z0u3y1": {
        "00": 0.1261,
        "10": 0.1268,
        "11": 0.129,
        "01": 0.1223
    },
    "z0u2y1_z0u2y0": {
        "00": 0.2489,
        "11": 0.2527
    },
    "z0u2y1_z0u2y1": {
        "10": 0.2472,
        "01": 0.2512
    },
    "z0u1y0_z0u1y0": {
        "00": 0.2458,
        "10": 0.2573,
        "11": 0.2453,
        "01": 0.2516
    },
    "z0u2y0_z0u2y1": {
        "00": 0.254,
        "11": 0.2537
    },
    "z0u3y1_z1y0": {
        "00": 0.124,
        "10": 0.1237,
        "11": 0.131,
        "01": 0.1244
    },
    "z0u2y1_z1y0": {
        "00": 0.1274,
        "10": 0.1285,
        "11": 0.1264,
        "01": 0.1265
    },
    "z1y1_z0u3y0": {
        "00": 0.1256,
        "10": 0.1244,
        "11": 0.1229,
        "01": 0.1249
    },
    "z1y0_z0u3y0": {
        "00": 0.1256,
        "10": 0.1244,
        "11": 0.1229,
        "01": 0.1249
    },
    "z1y1_z0u1y0": {
        "00": 0.12705,
        "10": 0.12385,
        "11": 0.12495,
        "01": 0.12415
    },
    "z0u3y0_z0u2y0": {
        "00": 0.1253,
        "10": 0.1255,
        "11": 0.1225,
        "01": 0.1281
    },
    "z0u1y0_z1y1": {},
    "z0u1y0_z0u3y0": {
        "00": 0.1252,
        "10": 0.1182,
        "11": 0.1292,
        "01": 0.1232
    }
}
