{
    "z0u3y1_z0u1y1": {
        "11": 0.2454,
        "01": 0.2497
    },
    "z0u2y0_z0u2y0": {
        "00": 0.126,
        "10": 0.1251,
        "11": 0.1239,
        "01": 0.1271
    },
    "z1y1_z0u2y1": {
        "00": 0.12695,
        "10": 0.1249,
        "11": 0.12835,
        "01": 0.12495
    },
    "z0u1y0_z0u1y1": {},
    "z0u3y0_z0u3y0": {
        "00": 0.1263,
        "10": 0.1229,
        "11": 0.1297,
        "01": 0.1253
    },
    "z1y0_z0u1y0": {
        "00": 0.2502,
        "10": 0.2498
    },
    "z0u3y0_z1y0": {
        "00": 0.249,
        "10": 0.2488
    },
    "z0u3y1_z0u3y0": {
        "00": 0.13,
        "10": 0.1267,
        "11": 0.1204,
        "01": 0.1287
    },
    "z0u2y0_z1y1": {
        "11": 0.2545,
        "01": 0.2514
    },
    "z0u2y1_z0u3y1": {
        "00": 0.1238,
        "10": 0.1313,
        "11": 0.1245,
        "01": 0.1252
    },
    "z0u3y1_z0u2y1": {
        "00": 0.1238,
        "10": 0.1254,
        "11": 0.1261,
        "01": 0.1226
    },
    "z0u2y0_z0u3y0": {
        "00": 0.124,
        "10": 0.1234,
        "11": 0.1197,
        "01": 0.1223
    },
    "z0u1y1_z0u3y0": {
        "11": 0.2449,
        "01": 0.2514
    },
    "z0u1y1_z0u3y1": {
        "11": 0.2507,
        "01": 0.253
    },
    "z0u2y1_z0u3y0": {
        "00": 0.1282,
        "10": 0.1213,
        "11": 0.1222,
        "01": 0.1235
    },
    "z0u1y1_z1y1": {
        "11": 0.5022,
        "01": 0.4978
    },
    "z0u2y1_z0u1y0": {
        "00": 0.249,
        "10": 0.2502
    },
    "z1y1_z0u3y1": {
        "00": 0.1232,
        "10": 0.12305,
        "11": 0.122,
        "01": 0.125
    },
    "z1y0_z0u3y1": {
        "00": 0.1232,
        "10": 0.12305,
        "11": 0.122,
        "01": 0.125
    },
    "z0u1y0_z1y0": {
        "00": 0.5058,
        "10": 0.4942
    },
    "z0u1y1_z1y0": {},
    "z0u1y1_z0u2y1": {
        "11": 0.2531,
        "01": 0.247
    },
    "z0u2y0_z0u1y0": {
        "00": 0.2468,
        "10": 0.2504
    },
    "z0u1y0_z0u2y1": {
        "00": 0.2506,
        "10": 0.2493
    },
    "z1y1_z0u2y0": {
        "00": 0.12335,
        "10": 0.1248,
        "11": 0.123,
        "01": 0.1237
    },
    "z0u2y0_z0u1y1": {
        "11": 0.2511,
        "01": 0.2517
    },
    "z0u1y0_z0u2y0": {
        "00": 0.2517,
        "10": 0.2484
    },
    "z1y0_z0u1y1": {
        "11": 0.2528,
        "01": 0.2472
    },
    "z0u3y0_z0u2y1": {
        "00": 0.1192,
        "10": 0.1183,
        "11": 0.1225,
        "01": 0.1271
    },
    "z1y0_z1y1": {
        "11": 0.24935,
        "01": 0.25065
    },
    "z0u1y1_z0u1y0": {},
    "z0u3y1_z0u3y1": {
        "00": 0.1273,
        "10": 0.1271,
        "11": 0.1191,
        "01": 0.1207
    },
    "z1y1_z1y0": {
        "00": 0.25285,
        "10": 0.24715
    },
    "z0u3y1_z0u1y0": {
        "00": 0.2501,
        "10": 0.2548
    },
    "z1y1_z0u1y1": {
        "11": 0.2528,
        "01": 0.2472
    },
    "z1y0_z1y0": {
        "00": 0.25285,
        "10": 0.24715
    },
    "z0u2y1_z1y1": {
        "11": 0.2513,
        "01": 0.249
    },
    "z0u1y1_z0u1y1": {
        "11": 0.4988,
        "01": 0.5012
    },
    "z0u2y1_z0u1y1": {
        "11": 0.2503,
        "01": 0.2505
    },
    "z0u3y1_z0u2y0": {
        "00": 0.129,
        "10": 0.123,
        "11": 0.1234,
        "01": 0.1267
    },
    "z1y1_z1y1": {
        "11": 0.24935,
        "01": 0.25065
    },
    "z0u3y0_z0u1y0": {
        "00": 0.2484,
        "10": 0.247
    },
    "z0u2y0_z0u3y1": {
        "00": 0.1228,
        "10": 0.1257,
        "11": 0.1274,
        "01": 0.1347
    },
    "z0u3y0_z0u3y1": {
        "00": 0.1276,
        "10": 0.1202,
        "11": 0.1239,
        "01": 0.1241
    },
    "z0u3y0_z1y1": {
        "11": 0.2521,
        "01": 0.2501
    },
    "z1y0_z0u2y0": {
        "00": 0.12335,
        "10": 0.1248,
        "11": 0.123,
        "01": 0.1237
    },
    "z1y0_z0u2y1": {
        "00": 0.12695,
        "10": 0.1249,
        "11": 0.12835,
        "01": 0.12495
    },
    "z0u1y1_z0u2y0": {
        "11": 0.2478,
        "01": 0.2521
    },
    "z0u3y0_z0u1y1": {
        "11": 0.2464,
        "01": 0.2582
    },
    "z0u2y0_z1y0": {
        "00": 0.245,
        "10": 0.2491
    },
    "z0u3y1_z1y1": {
        "11": 0.2446,
        "01": 0.2505
    },
    "z0u1y0_z0u3y1": {
        "00": 0.2575,
        "10": 0.2598
    },
    "z0u2y1_z0u2y0": {
        "00": 0.1255,
        "10": 0.1161,
        "11": 0.1254,
        "01": 0.1293
    },
    "z0u2y1_z0u2y1": {
        "00": 0.1269,
        "10": 0.126,
        "11": 0.1276,
        "01": 0.1232
    },
    "z0u1y0_z0u1y0": {
        "00": 0.5008,
        "10": 0.4992
    },
    "z0u2y0_z0u2y1": {
        "00": 0.1236,
        "10": 0.1223,
        "11": 0.1318,
        "01": 0.1202
    },
    "z0u3y1_z1y0": {
        "00": 0.2525,
        "10": 0.2524
    },
    "z0u2y1_z1y0": {
        "00": 0.2488,
        "10": 0.2509
    },
    "z1y1_z0u3y0": {
        "00": 0.12675,
        "10": 0.127,
        "11": 0.1251,
        "01": 0.1279
    },
    "z1y0_z0u3y0": {
        "00": 0.12675,
        "10": 0.127,
        "11": 0.1251,
        "01": 0.1279
    },
    "z1y1_z0u1y0": {
        "00": 0.2502,
        "10": 0.2498
    },
    "z0u3y0_z0u2y0": {
        "00": 0.1231,
        "10": 0.1303,
        "11": 0.1268,
        "01": 0.1327
    },
    "z0u1y0_z1y1": {},
    "z0u1y0_z0u3y0": {
        "00": 0.2409,
        "10": 0.2418
    }
}
