{
    "z0u3y1_z0u1y1": {
        "11": 0.249,
        "01": 0.2532
    },
    "z0u2y0_z0u2y0": {
        "00": 0.1205,
        "10": 0.1274,
        "11": 0.1224,
        "01": 0.13
    },
    "z1y1_z0u2y1": {
        "00": 0.1276,
        "10": 0.12685,
        "11": 0.1254,
        "01": 0.1249
    },
    "z0u1y0_z0u1y1": {},
    "z0u3y0_z0u3y0": {
        "00": 0.1238,
        "10": 0.1233,
        "11": 0.1237,
        "01": 0.1269
    },
    "z1y0_z0u1y0": {
        "00": 0.24765,
        "10": 0.25235
    },
    "z0u3y0_z1y0": {
        "00": 0.2518,
        "10": 0.246
    },
    "z0u3y1_z0u3y0": {
        "00": 0.1263,
        "10": 0.1234,
        "11": 0.1223,
        "01": 0.1256
    },
    "z0u2y0_z1y1": {
        "11": 0.2511,
        "01": 0.2473
    },
    "z0u2y1_z0u3y1": {
        "00": 0.1229,
        "10": 0.1249,
        "11": 0.1238,
        "01": 0.1256
    },
    "z0u3y1_z0u2y1": {
        "00": 0.1267,
        "10": 0.1218,
        "11": 0.1287,
        "01": 0.1254
    },
    "z0u2y0_z0u3y0": {
        "00": 0.1287,
        "10": 0.1277,
        "11": 0.1218,
        "01": 0.1179
    },
    "z0u1y1_z0u3y0": {
        "11": 0.2499,
        "01": 0.2523
    },
    "z0u1y1_z0u3y1": {
        "11": 0.2492,
        "01": 0.2486
    },
    "z0u2y1_z0u3y0": {
        "00": 0.1279,
        "10": 0.1281,
        "11": 0.1212,
        "01": 0.1256
    },
    "z0u1y1_z1y1": {
        "11": 0.4944,
        "01": 0.5056
    },
    "z0u2y1_z0u1y0": {
        "00": 0.2561,
        "10": 0.2447
    },
    "z1y1_z0u3y1": {
        "00": 0.12855,
        "10": 0.1264,
        "11": 0.12395,
        "01": 0.12555
    },
    "z1y0_z0u3y1": {
        "00": 0.12855,
        "10": 0.1264,
        "11": 0.12395,
        "01": 0.12555
    },
    "z0u1y0_z1y0": {
        "00": 0.495,
        "10": 0.505
    },
    "z0u1y1_z1y0": {},
    "z0u1y1_z0u2y1": {
        "11": 0.2473,
        "01": 0.2498
    },
    "z0u2y0_z0u1y0": {
        "00": 0.2508,
        "10": 0.2453
    },
    "z0u1y0_z0u2y1": {
        "00": 0.253,
        "10": 0.2508
    },
    "z1y1_z0u2y0": {
        "00": 0.12125,
        "10": 0.1243,
        "11": 0.12335,
        "01": 0.12635
    },
    "z0u2y0_z0u1y1": {
        "11": 0.2522,
        "01": 0.2517
    },
    "z0u1y0_z0u2y0": {
        "00": 0.2495,
        "10": 0.2467
    },
    "z1y0_z0u1y1": {
        "11": 0.2511,
        "01": 0.2489
    },
    "z0u3y0_z0u2y1": {
        "00": 0.1285,
        "10": 0.1296,
        "11": 0.1219,
        "01": 0.124
    },
    "z1y0_z1y1": {
        "11": 0.2493,
        "01": 0.2507
    },
    "z0u1y1_z0u1y0": {},
    "z0u3y1_z0u3y1": {
        "00": 0.1232,
        "10": 0.1268,
        "11": 0.1262,
        "01": 0.1262
    },
    "z1y1_z1y0": {
        "00": 0.2496,
        "10": 0.2504
    },
    "z0u3y1_z0u1y0": {
        "00": 0.2501,
        "10": 0.2477
    },
    "z1y1_z0u1y1": {
        "11": 0.2511,
        "01": 0.2489
    },
    "z1y0_z1y0": {
        "00": 0.2496,
        "10": 0.2504
    },
    "z0u2y1_z1y1": {
        "11": 0.2498,
        "01": 0.2535
    },
    "z0u1y1_z0u1y1": {
        "11": 0.4981,
        "01": 0.5019
    },
    "z0u2y1_z0u1y1": {
        "11": 0.2517,
        "01": 0.2475
    },
    "z0u3y1_z0u2y0": {
        "00": 0.1254,
        "10": 0.1213,
        "11": 0.128,
        "01": 0.1227
    },
    "z1y1_z1y1": {
        "11": 0.2493,
        "01": 0.2507
    },
    "z0u3y0_z0u1y0": {
        "00": 0.2537,
        "10": 0.2464
    },
    "z0u2y0_z0u3y1": {
        "00": 0.1241,
        "10": 0.13,
        "11": 0.1251,
        "01": 0.1247
    },
    "z0u3y0_z0u3y1": {
        "00": 0.1274,
        "10": 0.1282,
        "11": 0.1214,
        "01": 0.1253
    },
    "z0u3y0_z1y1": {
        "11": 0.2544,
        "01": 0.2478
    },
    "z1y0_z0u2y0": {
        "00": 0.12125,
        "10": 0.1243,
        "11": 0.12335,
        "01": 0.12635
    },
    "z1y0_z0u2y1": {
        "00": 0.1276,
        "10": 0.12685,
        "11": 0.1254,
        "01": 0.1249
    },
    "z0u1y1_z0u2y0": {
        "11": 0.2534,
        "01": 0.2495
    },
    "z0u3y0_z0u1y1": {
        "11": 0.254,
        "01": 0.2459
    },
    "z0u2y0_z1y0": {
        "00": 0.2534,
        "10": 0.2482
    },
    "z0u3y1_z1y1": {
        "11": 0.248,
        "01": 0.2457
    },
    "z0u1y0_z0u3y1": {
        "00": 0.2459,
        "10": 0.2559
    },
    "z0u2y1_z0u2y0": {
        "00": 0.1262,
        "10": 0.1252,
        "11": 0.127,
        "01": 0.1248
    },
    "z0u2y1_z0u2y1": {
        "00": 0.1301,
        "10": 0.128,
        "11": 0.1227,
        "01": 0.116
    },
    "z0u1y0_z0u1y0": {
        "00": 0.5004,
        "10": 0.4996
    },
    "z0u2y0_z0u2y1": {
        "00": 0.1273,
        "10": 0.122,
        "11": 0.1279,
        "01": 0.1225
    },
    "z0u3y1_z1y0": {
        "00": 0.2546,
        "10": 0.2517
    },
    "z0u2y1_z1y0": {
        "00": 0.2459,
        "10": 0.2508
    },
    "z1y1_z0u3y0": {
        "00": 0.12235,
        "10": 0.1227,
        "11": 0.12645,
        "01": 0.12405
    },
    "z1y0_z0u3y0": {
        "00": 0.12235,
        "10": 0.1227,
        "11": 0.12645,
        "01": 0.12405
    },
    "z1y1_z0u1y0": {
        "00": 0.24765,
        "10": 0.25235
    },
    "z0u3y0_z0u2y0": {
        "00": 0.1261,
        "10": 0.1258,
        "11": 0.1199,
        "01": 0.1242
    },
    "z0u1y0_z1y1": {},
    "z0u1y0_z0u3y0": {
        "00": 0.2485,
        "10": 0.2497
    }
}
