{
    "z0u3y1_z0u1y1": {
        "11": 0.4959
    },
    "z0u2y0_z0u2y0": {
        "00": 0.2529,
        "11": 0.2485
    },
    "z1y1_z0u2y1": {
        "00": 0.2481,
        "11": 0.2542
    },
    "z0u1y0_z0u1y1": {},
    "z0u3y0_z0u3y0": {
        "00": 0.2496,
        "11": 0.2503
    },
    "z1y0_z0u1y0": {
        "00": 0.5
    },
    "z0u3y0_z1y0": {
        "00": 0.4984
    },
    "z0u3y1_z0u3y0": {
        "00": 0.2546,
        "11": 0.2486
    },
    "z0u2y0_z1y1": {
        "11": 0.4952
    },
    "z0u2y1_z0u3y1": {
        "00": 0.2532,
        "11": 0.2503
    },
    "z0u3y1_z0u2y1": {
        "00": 0.2549,
        "11": 0.2482
    },
    "z0u2y0_z0u3y0": {
        "00": 0.2551,
        "11": 0.2517
    },
    "z0u1y1_z0u3y0": {
        "11": 0.4993
    },
    "z0u1y1_z0u3y1": {
        "11": 0.5007
    },
    "z0u2y1_z0u3y0": {
        "00": 0.2434,
        "11": 0.2531
    },
    "z0u1y1_z1y1": {
        "11": 1.0
    },
    "z0u2y1_z0u1y0": {
        "00": 0.499
    },
    "z1y1_z0u3y1": {
        "00": 0.24545,
        "11": 0.2503
    },
    "z1y0_z0u3y1": {
        "00": 0.24545,
        "11": 0.2503
    },
    "z0u1y0_z1y0": {
        "00": 1.0
    },
    "z0u1y1_z1y0": {},
    "z0u1y1_z0u2y1": {
        "11": 0.4948
    },
    "z0u2y0_z0u1y0": {
        "00": 0.5026
    },
    "z0u1y0_z0u2y1": {
        "00": 0.4953
    },
    "z1y1_z0u2y0": {
        "00": 0.2519,
        "11": 0.2458
    },
    "z0u2y0_z0u1y1": {
        "11": 0.4974
    },
    "z0u1y0_z0u2y0": {
        "00": 0.5047
    },
    "z1y0_z0u1y1": {
        "11": 0.5
    },
    "z0u3y0_z0u2y1": {
        "00": 0.2479,
        "11": 0.2562
    },
    "z1y0_z1y1": {
        "11": 0.5
    },
    "z0u1y1_z0u1y0": {},
    "z0u3y1_z0u3y1": {
        "00": 0.2454,
        "11": 0.2514
    },
    "z1y1_z1y0": {
        "00": 0.5
    },
    "z0u3y1_z0u1y0": {
        "00": 0.5041
    },
    "z1y1_z0u1y1": {
        "11": 0.5
    },
    "z1y0_z1y0": {
        "00": 0.5
    },
    "z0u2y1_z1y1": {
        "11": 0.501
    },
    "z0u1y1_z0u1y1": {
        "11": 1.0
    },
    "z0u2y1_z0u1y1": {
        "11": 0.501
    },
    "z0u3y1_z0u2y0": {
        "00": 0.2515,
        "11": 0.2454
    },
    "z1y1_z1y1": {
        "11": 0.5
    },
    "z0u3y0_z0u1y0": {
        "00": 0.5003
    },
    "z0u2y0_z0u3y1": {
        "00": 0.2421,
        "11": 0.2511
    },
    "z0u3y0_z0u3y1": {
        "00": 0.2476,
        "11": 0.2525
    },
    "z0u3y0_z1y1": {
        "11": 0.5016
    },
    "z1y0_z0u2y0": {
        "00": 0.2519,
        "11": 0.2458
    },
    "z1y0_z0u2y1": {
        "00": 0.2481,
        "11": 0.2542
    },
    "z0u1y1_z0u2y0": {
        "11": 0.5052
    },
    "z0u3y0_z0u1y1": {
        "11": 0.4997
    },
    "z0u2y0_z1y0": {
        "00": 0.5048
    },
    "z0u3y1_z1y1": {
        "11": 0.5027
    },
    "z0u1y0_z0u3y1": {
        "00": 0.4942
    },
    "z0u2y1_z0u2y0": {
        "00": 0.254,
        "11": 0.2555
    },
    "z0u2y1_z0u2y1": {
        "00": 0.2483,
        "11": 0.2422
    },
    "z0u1y0_z0u1y0": {
        "00": 1.0
    },
    "z0u2y0_z0u2y1": {
        "00": 0.251,
        "11": 0.2476
    },
    "z0u3y1_z1y0": {
        "00": 0.4973
    },
    "z0u2y1_z1y0": {
        "00": 0.499
    },
    "z1y1_z0u3y0": {
        "00": 0.25455,
        "11": 0.2497
    },
    "z1y0_z0u3y0": {
        "00": 0.25455,
        "11": 0.2497
    },
    "z1y1_z0u1y0": {
        "00": 0.5
    },
    "z0u3y0_z0u2y0": {
        "00": 0.251,
        "11": 0.2449
    },
    "z0u1y0_z1y1": {},
    "z0u1y0_z0u3y0": {
        "00": 0.5058
    }
}
