{
    "z0u3y1_z0u1y1": {
        "10": 0.2513,
        "11": 0.2545
    },
    "z0u2y0_z0u2y0": {
        "00": 0.1266,
        "10": 0.1278,
        "11": 0.1193,
        "01": 0.1278
    },
    "z1y1_z0u2y1": {
        "00": 0.123,
        "10": 0.12965,
        "11": 0.12425,
        "01": 0.12565
    },
    "z0u1y0_z0u1y1": {},
    "z0u3y0_z0u3y0": {
        "00": 0.1289,
        "10": 0.1237,
        "11": 0.1203,
        "01": 0.1193
    },
    "z1y0_z0u1y0": {
        "00": 0.2481,
        "01": 0.2519
    },
    "z0u3y0_z1y0": {
        "00": 0.258,
        "01": 0.2475
    },
    "z0u3y1_z0u3y0": {
        "00": 0.1275,
        "10": 0.1233,
        "11": 0.1271,
        "01": 0.1256
    },
    "z0u2y0_z1y1": {
        "10": 0.2456,
        "11": 0.2529
    },
    "z0u2y1_z0u3y1": {
        "00": 0.129,
        "10": 0.1208,
        "11": 0.1206,
        "01": 0.1233
    },
    "z0u3y1_z0u2y1": {
        "00": 0.1265,
        "10": 0.1239,
        "11": 0.1222,
        "01": 0.1275
    },
    "z0u2y0_z0u3y0": {
        "00": 0.1277,
        "10": 0.1272,
        "11": 0.1255,
        "01": 0.1281
    },
    "z0u1y1_z0u3y0": {
        "10": 0.2524,
        "11": 0.2493
    },
    "z0u1y1_z0u3y1": {
        "10": 0.2507,
        "11": 0.2476
    },
    "z0u2y1_z0u3y0": {
        "00": 0.1238,
        "10": 0.1303,
        "11": 0.1306,
        "01": 0.1216
    },
    "z0u1y1_z1y1": {
        "10": 0.4964,
        "11": 0.5036
    },
    "z0u2y1_z0u1y0": {
        "00": 0.2467,
        "01": 0.2548
    },
    "z1y1_z0u3y1": {
        "00": 0.12305,
        "10": 0.12575,
        "11": 0.12695,
        "01": 0.1232
    },
    "z1y0_z0u3y1": {
        "00": 0.12305,
        "10": 0.12575,
        "11": 0.12695,
        "01": 0.1232
    },
    "z0u1y0_z1y0": {
        "00": 0.4881,
        "01": 0.5119
    },
    "z0u1y1_z1y0": {},
    "z0u1y1_z0u2y1": {
        "10": 0.2497,
        "11": 0.2553
    },
    "z0u2y0_z0u1y0": {
        "00": 0.2516,
        "01": 0.2477
    },
    "z0u1y0_z0u2y1": {
        "00": 0.2601,
        "01": 0.246
    },
    "z1y1_z0u2y0": {
        "00": 0.123,
        "10": 0.12445,
        "11": 0.12165,
        "01": 0.12835
    },
    "z0u2y0_z0u1y1": {
        "10": 0.2492,
        "11": 0.2515
    },
    "z0u1y0_z0u2y0": {
        "00": 0.2494,
        "01": 0.2445
    },
    "z1y0_z0u1y1": {
        "10": 0.24645,
        "11": 0.25355
    },
    "z0u3y0_z0u2y1": {
        "00": 0.1213,
        "10": 0.1193,
        "11": 0.1284,
        "01": 0.1315
    },
    "z1y0_z1y1": {
        "10": 0.2488,
        "11": 0.2512
    },
    "z0u1y1_z0u1y0": {},
    "z0u3y1_z0u3y1": {
        "00": 0.1248,
        "10": 0.1278,
        "11": 0.1213,
        "01": 0.1226
    },
    "z1y1_z1y0": {
        "00": 0.246,
        "01": 0.254
    },
    "z0u3y1_z0u1y0": {
        "00": 0.2421,
        "01": 0.2521
    },
    "z1y1_z0u1y1": {
        "10": 0.24645,
        "11": 0.25355
    },
    "z1y0_z1y0": {
        "00": 0.246,
        "01": 0.254
    },
    "z0u2y1_z1y1": {
        "10": 0.2446,
        "11": 0.2566
    },
    "z0u1y1_z0u1y1": {
        "10": 0.5026,
        "11": 0.4974
    },
    "z0u2y1_z0u1y1": {
        "10": 0.2505,
        "11": 0.248
    },
    "z0u3y1_z0u2y0": {
        "00": 0.118,
        "10": 0.1209,
        "11": 0.1326,
        "01": 0.1284
    },
    "z1y1_z1y1": {
        "10": 0.2488,
        "11": 0.2512
    },
    "z0u3y0_z0u1y0": {
        "00": 0.2485,
        "01": 0.2523
    },
    "z0u2y0_z0u3y1": {
        "00": 0.1214,
        "10": 0.1227,
        "11": 0.1284,
        "01": 0.119
    },
    "z0u3y0_z0u3y1": {
        "00": 0.1247,
        "10": 0.1322,
        "11": 0.1267,
        "01": 0.1242
    },
    "z0u3y0_z1y1": {
        "10": 0.2492,
        "11": 0.2453
    },
    "z1y0_z0u2y0": {
        "00": 0.123,
        "10": 0.12445,
        "11": 0.12165,
        "01": 0.12835
    },
    "z1y0_z0u2y1": {
        "00": 0.123,
        "10": 0.12965,
        "11": 0.12425,
        "01": 0.12565
    },
    "z0u1y1_z0u2y0": {
        "10": 0.2499,
        "11": 0.2451
    },
    "z0u3y0_z0u1y1": {
        "10": 0.2428,
        "11": 0.2564
    },
    "z0u2y0_z1y0": {
        "00": 0.2512,
        "01": 0.2503
    },
    "z0u3y1_z1y1": {
        "10": 0.2477,
        "11": 0.2506
    },
    "z0u1y0_z0u3y1": {
        "00": 0.2428,
        "01": 0.2551
    },
    "z0u2y1_z0u2y0": {
        "00": 0.1196,
        "10": 0.1266,
        "11": 0.1267,
        "01": 0.1274
    },
    "z0u2y1_z0u2y1": {
        "00": 0.1234,
        "10": 0.1293,
        "11": 0.1228,
        "01": 0.1242
    },
    "z0u1y0_z0u1y0": {
        "00": 0.5079,
        "01": 0.4921
    },
    "z0u2y0_z0u2y1": {
        "00": 0.1252,
        "10": 0.1284,
        "11": 0.1245,
        "01": 0.1204
    },
    "z0u3y1_z1y0": {
        "00": 0.2508,
        "01": 0.2509
    },
    "z0u2y1_z1y0": {
        "00": 0.2517,
        "01": 0.2471
    },
    "z1y1_z0u3y0": {
        "00": 0.12715,
        "10": 0.12615,
        "11": 0.12115,
        "01": 0.1266
    },
    "z1y0_z0u3y0": {
        "00": 0.12715,
        "10": 0.12615,
        "11": 0.12115,
        "01": 0.1266
    },
    "z1y1_z0u1y0": {
        "00": 0.2481,
        "01": 0.2519
    },
    "z0u3y0_z0u2y0": {
        "00": 0.1212,
        "10": 0.1199,
        "11": 0.1346,
        "01": 0.1238
    },
    "z0u1y0_z1y1": {},
    "z0u1y0_z0u3y0": {
        "00": 0.2521,
        "01": 0.25
    }
}
