{
    "z0u3y1_z0u1y1": {
        "00": 0.1309,
        "10": 0.13,
        "11": 0.1189,
        "01": 0.1221
    },
    "z0u2y0_z0u2y0": {
        "00": 0.2499,
        "11": 0.2508
    },
    "z1y1_z0u2y1": {
        "00": 0.12495,
        "10": 0.1269,
        "11": 0.1266,
        "01": 0.12635
    },
    "z0u1y0_z0u1y1": {},
    "z0u3y0_z0u3y0": {
        "00": 0.2553,
        "11": 0.2543
    },
    "z1y0_z0u1y0": {
        "00": 0.123,
        "10": 0.1264,
        "11": 0.12305,
        "01": 0.12755
    },
    "z0u3y0_z1y0": {
        "00": 0.1267,
        "10": 0.1247,
        "11": 0.1243,
        "01": 0.123
    },
    "z0u3y1_z0u3y0": {
        "10": 0.2538,
        "01": 0.2548
    },
    "z0u2y0_z1y1": {
        "00": 0.1306,
        "10": 0.1195,
        "11": 0.1234,
        "01": 0.1257
    },
    "z0u2y1_z0u3y1": {
        "00": 0.1227,
        "10": 0.1328,
        "11": 0.1236,
        "01": 0.1261
    },
    "z0u3y1_z0u2y1": {
        "00": 0.1251,
        "10": 0.1308,
        "11": 0.1245,
        "01": 0.1207
    },
    "z0u2y0_z0u3y0": {
        "00": 0.127,
        "10": 0.1222,
        "11": 0.1236,
        "01": 0.1263
    },
    "z0u1y1_z0u3y0": {
        "00": 0.1215,
        "10": 0.127,
        "11": 0.1227,
        "01": 0.1251
    },
    "z0u1y1_z0u3y1": {
        "00": 0.1251,
        "10": 0.1225,
        "11": 0.1256,
        "01": 0.1305
    },
    "z0u2y1_z0u3y0": {
        "00": 0.1243,
        "10": 0.1165,
        "11": 0.1276,
        "01": 0.1264
    },
    "z0u1y1_z1y1": {
        "00": 0.2472,
        "10": 0.2461,
        "11": 0.2527,
        "01": 0.254
    },
    "z0u2y1_z0u1y0": {
        "00": 0.1252,
        "10": 0.1212,
        "11": 0.1273,
        "01": 0.1279
    },
    "z1y1_z0u3y1": {
        "00": 0.12565,
        "10": 0.1272,
        "11": 0.12325,
        "01": 0.1255
    },
    "z1y0_z0u3y1": {
        "00": 0.12565,
        "10": 0.1272,
        "11": 0.12325,
        "01": 0.1255
    },
    "z0u1y0_z1y0": {
        "00": 0.244,
        "10": 0.2487,
        "11": 0.2539,
        "01": 0.2534
    },
    "z0u1y1_z1y0": {},
    "z0u1y1_z0u2y1": {
        "00": 0.1272,
        "10": 0.1204,
        "11": 0.1234,
        "01": 0.1237
    },
    "z0u2y0_z0u1y0": {
        "00": 0.1253,
        "10": 0.1281,
        "11": 0.1259,
        "01": 0.1222
    },
    "z0u1y0_z0u2y1": {
        "00": 0.13,
        "10": 0.1295,
        "11": 0.1264,
        "01": 0.1231
    },
    "z1y1_z0u2y0": {
        "00": 0.12055,
        "10": 0.1255,
        "11": 0.12375,
        "01": 0.1254
    },
    "z0u2y0_z0u1y1": {
        "00": 0.1276,
        "10": 0.1226,
        "11": 0.1246,
        "01": 0.1237
    },
    "z0u1y0_z0u2y0": {
        "00": 0.1236,
        "10": 0.1243,
        "11": 0.1202,
        "01": 0.1229
    },
    "z1y0_z0u1y1": {
        "00": 0.1253,
        "10": 0.12715,
        "11": 0.12235,
        "01": 0.1252
    },
    "z0u3y0_z0u2y1": {
        "00": 0.1212,
        "10": 0.1276,
        "11": 0.1213,
        "01": 0.1269
    },
    "z1y0_z1y1": {
        "00": 0.1227,
        "10": 0.12465,
        "11": 0.12555,
        "01": 0.1271
    },
    "z0u1y1_z0u1y0": {},
    "z0u3y1_z0u3y1": {
        "00": 0.2463,
        "11": 0.2451
    },
    "z1y1_z1y0": {
        "00": 0.1268,
        "10": 0.12835,
        "11": 0.1229,
        "01": 0.12195
    },
    "z0u3y1_z0u1y0": {
        "00": 0.1236,
        "10": 0.1231,
        "11": 0.1229,
        "01": 0.1285
    },
    "z1y1_z0u1y1": {
        "00": 0.1253,
        "10": 0.12715,
        "11": 0.12235,
        "01": 0.1252
    },
    "z1y0_z1y0": {
        "00": 0.1268,
        "10": 0.12835,
        "11": 0.1229,
        "01": 0.12195
    },
    "z0u2y1_z1y1": {
        "00": 0.122,
        "10": 0.1323,
        "11": 0.1192,
        "01": 0.1291
    },
    "z0u1y1_z0u1y1": {
        "00": 0.2513,
        "10": 0.2441,
        "11": 0.2536,
        "01": 0.251
    },
    "z0u2y1_z0u1y1": {
        "00": 0.1286,
        "10": 0.1243,
        "11": 0.1241,
        "01": 0.1214
    },
    "z0u3y1_z0u2y0": {
        "00": 0.1283,
        "10": 0.1225,
        "11": 0.1201,
        "01": 0.128
    },
    "z1y1_z1y1": {
        "00": 0.1227,
        "10": 0.12465,
        "11": 0.12555,
        "01": 0.1271
    },
    "z0u3y0_z0u1y0": {
        "00": 0.1208,
        "10": 0.1231,
        "11": 0.1242,
        "01": 0.1277
    },
    "z0u2y0_z0u3y1": {
        "00": 0.1262,
        "10": 0.1268,
        "11": 0.1241,
        "01": 0.1238
    },
    "z0u3y0_z0u3y1": {
        "10": 0.2474,
        "01": 0.243
    },
    "z0u3y0_z1y1": {
        "00": 0.122,
        "10": 0.1229,
        "11": 0.1281,
        "01": 0.1283
    },
    "z1y0_z0u2y0": {
        "00": 0.12055,
        "10": 0.1255,
        "11": 0.12375,
        "01": 0.1254
    },
    "z1y0_z0u2y1": {
        "00": 0.12495,
        "10": 0.1269,
        "11": 0.1266,
        "01": 0.12635
    },
    "z0u1y1_z0u2y0": {
        "00": 0.1264,
        "10": 0.1277,
        "11": 0.1293,
        "01": 0.1219
    },
    "z0u3y0_z0u1y1": {
        "00": 0.1258,
        "10": 0.1247,
        "11": 0.1306,
        "01": 0.1231
    },
    "z0u2y0_z1y0": {
        "00": 0.1218,
        "10": 0.1242,
        "11": 0.1302,
        "01": 0.1246
    },
    "z0u3y1_z1y1": {
        "00": 0.1242,
        "10": 0.1229,
        "11": 0.1231,
        "01": 0.1278
    },
    "z0u1y0_z0u3y1": {
        "00": 0.1267,
        "10": 0.1231,
        "11": 0.1244,
        "01": 0.1173
    },
    "z0u2y1_z0u2y0": {
        "10": 0.2496,
        "01": 0.2528
    },
    "z0u2y1_z0u2y1": {
        "00": 0.2471,
        "11": 0.2505
    },
    "z0u1y0_z0u1y0": {
        "00": 0.2459,
        "10": 0.2523,
        "11": 0.2501,
        "01": 0.2517
    },
    "z0u2y0_z0u2y1": {
        "10": 0.2506,
        "01": 0.2487
    },
    "z0u3y1_z1y0": {
        "00": 0.1295,
        "10": 0.1262,
        "11": 0.1278,
        "01": 0.1185
    },
    "z0u2y1_z1y0": {
        "00": 0.1247,
        "10": 0.131,
        "11": 0.1218,
        "01": 0.1199
    },
    "z1y1_z0u3y0": {
        "00": 0.12195,
        "10": 0.12365,
        "11": 0.1248,
        "01": 0.128
    },
    "z1y0_z0u3y0": {
        "00": 0.12195,
        "10": 0.12365,
        "11": 0.1248,
        "01": 0.128
    },
    "z1y1_z0u1y0": {
        "00": 0.123,
        "10": 0.1264,
        "11": 0.12305,
        "01": 0.12755
    },
    "z0u3y0_z0u2y0": {
        "00": 0.1275,
        "10": 0.1244,
        "11": 0.1294,
        "01": 0.1217
    },
    "z0u1y0_z1y1": {},
    "z0u1y0_z0u3y0": {
        "00": 0.1288,
        "10": 0.1314,
        "11": 0.1246,
        "01": 0.1237
    }
}
