{
    "z0u3y1_z0u1y1": {
        "00": 0.1235,
        "10": 0.1258,
        "11": 0.1223,
        "01": 0.1225
    },
    "z0u2y0_z0u2y0": {
        "10": 0.2486,
        "01": 0.2502
    },
    "z1y1_z0u2y1": {
        "00": 0.1289,
        "10": 0.12245,
        "11": 0.12375,
        "01": 0.1237
    },
    "z0u1y0_z0u1y1": {},
    "z0u3y0_z0u3y0": {
        "10": 0.2518,
        "01": 0.2495
    },
    "z1y0_z0u1y0": {
        "00": 0.1233,
        "10": 0.1263,
        "11": 0.12375,
        "01": 0.12665
    },
    "z0u3y0_z1y0": {
        "00": 0.1256,
        "10": 0.1226,
        "11": 0.1238,
        "01": 0.1265
    },
    "z0u3y1_z0u3y0": {
        "00": 0.2476,
        "11": 0.2459
    },
    "z0u2y0_z1y1": {
        "00": 0.1225,
        "10": 0.127,
        "11": 0.1235,
        "01": 0.1312
    },
    "z0u2y1_z0u3y1": {
        "00": 0.1225,
        "10": 0.1259,
        "11": 0.1272,
        "01": 0.1257
    },
    "z0u3y1_z0u2y1": {
        "00": 0.1258,
        "10": 0.1251,
        "11": 0.1216,
        "01": 0.1244
    },
    "z0u2y0_z0u3y0": {
        "00": 0.1246,
        "10": 0.1212,
        "11": 0.128,
        "01": 0.1265
    },
    "z0u1y1_z0u3y0": {
        "00": 0.1253,
        "10": 0.1286,
        "11": 0.126,
        "01": 0.1212
    },
    "z0u1y1_z0u3y1": {
        "00": 0.1255,
        "10": 0.12,
        "11": 0.1257,
        "01": 0.1277
    },
    "z0u2y1_z0u3y0": {
        "00": 0.1234,
        "10": 0.1192,
        "11": 0.1287,
        "01": 0.1274
    },
    "z0u1y1_z1y1": {
        "00": 0.2488,
        "10": 0.2455,
        "11": 0.2544,
        "01": 0.2513
    },
    "z0u2y1_z0u1y0": {
        "00": 0.1184,
        "10": 0.1284,
        "11": 0.1248,
        "01": 0.1254
    },
    "z1y1_z0u3y1": {
        "00": 0.12595,
        "10": 0.123,
        "11": 0.1234,
        "01": 0.12625
    },
    "z1y0_z0u3y1": {
        "00": 0.12595,
        "10": 0.123,
        "11": 0.1234,
        "01": 0.12625
    },
    "z0u1y0_z1y0": {
        "00": 0.2558,
        "10": 0.2444,
        "11": 0.2523,
        "01": 0.2475
    },
    "z0u1y1_z1y0": {},
    "z0u1y1_z0u2y1": {
        "00": 0.1238,
        "10": 0.1248,
        "11": 0.1271,
        "01": 0.1255
    },
    "z0u2y0_z0u1y0": {
        "00": 0.1237,
        "10": 0.1249,
        "11": 0.1273,
        "01": 0.1272
    },
    "z0u1y0_z0u2y1": {
        "00": 0.1211,
        "10": 0.1221,
        "11": 0.1221,
        "01": 0.1258
    },
    "z1y1_z0u2y0": {
        "00": 0.12405,
        "10": 0.1248,
        "11": 0.12865,
        "01": 0.1237
    },
    "z0u2y0_z0u1y1": {
        "00": 0.1251,
        "10": 0.1218,
        "11": 0.1228,
        "01": 0.1272
    },
    "z0u1y0_z0u2y0": {
        "00": 0.1267,
        "10": 0.1279,
        "11": 0.1288,
        "01": 0.1255
    },
    "z1y0_z0u1y1": {
        "00": 0.1244,
        "10": 0.123,
        "11": 0.12675,
        "01": 0.12585
    },
    "z0u3y0_z0u2y1": {
        "00": 0.1249,
        "10": 0.1254,
        "11": 0.1232,
        "01": 0.1245
    },
    "z1y0_z1y1": {
        "00": 0.1236,
        "10": 0.1249,
        "11": 0.12595,
        "01": 0.12555
    },
    "z0u1y1_z0u1y0": {},
    "z0u3y1_z0u3y1": {
        "10": 0.2547,
        "01": 0.2518
    },
    "z1y1_z1y0": {
        "00": 0.12495,
        "10": 0.12705,
        "11": 0.12455,
        "01": 0.12345
    },
    "z0u3y1_z0u1y0": {
        "00": 0.1253,
        "10": 0.1259,
        "11": 0.1232,
        "01": 0.1315
    },
    "z1y1_z0u1y1": {
        "00": 0.1244,
        "10": 0.123,
        "11": 0.12675,
        "01": 0.12585
    },
    "z1y0_z1y0": {
        "00": 0.12495,
        "10": 0.12705,
        "11": 0.12455,
        "01": 0.12345
    },
    "z0u2y1_z1y1": {
        "00": 0.1282,
        "10": 0.1188,
        "11": 0.1282,
        "01": 0.1253
    },
    "z0u1y1_z0u1y1": {
        "00": 0.2516,
        "10": 0.2491,
        "11": 0.2529,
        "01": 0.2464
    },
    "z0u2y1_z0u1y1": {
        "00": 0.1237,
        "10": 0.1223,
        "11": 0.1289,
        "01": 0.1281
    },
    "z0u3y1_z0u2y0": {
        "00": 0.1259,
        "10": 0.1275,
        "11": 0.1266,
        "01": 0.1231
    },
    "z1y1_z1y1": {
        "00": 0.1236,
        "10": 0.1249,
        "11": 0.12595,
        "01": 0.12555
    },
    "z0u3y0_z0u1y0": {
        "00": 0.1215,
        "10": 0.1217,
        "11": 0.1266,
        "01": 0.1237
    },
    "z0u2y0_z0u3y1": {
        "00": 0.1256,
        "10": 0.1286,
        "11": 0.1213,
        "01": 0.1242
    },
    "z0u3y0_z0u3y1": {
        "00": 0.2479,
        "11": 0.2508
    },
    "z0u3y0_z1y1": {
        "00": 0.1284,
        "10": 0.12,
        "11": 0.1278,
        "01": 0.1253
    },
    "z1y0_z0u2y0": {
        "00": 0.12405,
        "10": 0.1248,
        "11": 0.12865,
        "01": 0.1237
    },
    "z1y0_z0u2y1": {
        "00": 0.1289,
        "10": 0.12245,
        "11": 0.12375,
        "01": 0.1237
    },
    "z0u1y1_z0u2y0": {
        "00": 0.1207,
        "10": 0.1264,
        "11": 0.1226,
        "01": 0.1291
    },
    "z0u3y0_z0u1y1": {
        "00": 0.1284,
        "10": 0.1232,
        "11": 0.126,
        "01": 0.1289
    },
    "z0u2y0_z1y0": {
        "00": 0.1302,
        "10": 0.1222,
        "11": 0.125,
        "01": 0.1184
    },
    "z0u3y1_z1y1": {
        "00": 0.1277,
        "10": 0.1263,
        "11": 0.1242,
        "01": 0.1227
    },
    "z0u1y0_z0u3y1": {
        "00": 0.1277,
        "10": 0.1262,
        "11": 0.1259,
        "01": 0.1267
    },
    "z0u2y1_z0u2y0": {
        "00": 0.2523,
        "11": 0.2465
    },
    "z0u2y1_z0u2y1": {
        "10": 0.2528,
        "01": 0.2484
    },
    "z0u1y0_z0u1y0": {
        "00": 0.2546,
        "10": 0.2476,
        "11": 0.2486,
        "01": 0.2492
    },
    "z0u2y0_z0u2y1": {
        "00": 0.2499,
        "11": 0.2513
    },
    "z0u3y1_z1y0": {
        "00": 0.126,
        "10": 0.125,
        "11": 0.1258,
        "01": 0.1223
    },
    "z0u2y1_z1y0": {
        "00": 0.1233,
        "10": 0.1217,
        "11": 0.1305,
        "01": 0.124
    },
    "z1y1_z0u3y0": {
        "00": 0.1253,
        "10": 0.1282,
        "11": 0.12295,
        "01": 0.12495
    },
    "z1y0_z0u3y0": {
        "00": 0.1253,
        "10": 0.1282,
        "11": 0.12295,
        "01": 0.12495
    },
    "z1y1_z0u1y0": {
        "00": 0.1233,
        "10": 0.1263,
        "11": 0.12375,
        "01": 0.12665
    },
    "z0u3y0_z0u2y0": {
        "00": 0.1218,
        "10": 0.1278,
        "11": 0.1239,
        "01": 0.1285
    },
    "z0u1y0_z1y1": {},
    "z0u1y0_z0u3y0": {
        "00": 0.1229,
        "10": 0.1228,
        "11": 0.1226,
        "01": 0.1252
    }
}
