{
    "z0u3y1_z0u1y1": {
        "11": 0.2474,
        "01": 0.2516
    },
    "z0u2y0_z0u2y0": {
        "00": 0.1273,
        "10": 0.1211,
        "11": 0.1213,
        "01": 0.1176
    },
    "z1y1_z0u2y1": {
        "00": 0.1249,
        "10": 0.1265,
        "11": 0.1259,
        "01": 0.1259
    },
    "z0u1y0_z0u1y1": {},
    "z0u3y0_z0u3y0": {
        "00": 0.1267,
        "10": 0.1227,
        "11": 0.1242,
        "01": 0.1226
    },
    "z1y0_z0u1y0": {
        "00": 0.25025,
        "10": 0.24975
    },
    "z0u3y0_z1y0": {
        "00": 0.2525,
        "10": 0.2493
    },
    "z0u3y1_z0u3y0": {
        "00": 0.1279,
        "10": 0.1256,
        "11": 0.1284,
        "01": 0.1243
    },
    "z0u2y0_z1y1": {
        "11": 0.2494,
        "01": 0.2457
    },
    "z0u2y1_z0u3y1": {
        "00": 0.1231,
        "10": 0.1252,
        "11": 0.1289,
        "01": 0.1215
    },
    "z0u3y1_z0u2y1": {
        "00": 0.1235,
        "10": 0.1237,
        "11": 0.1193,
        "01": 0.1233
    },
    "z0u2y0_z0u3y0": {
        "00": 0.1263,
        "10": 0.1239,
        "11": 0.1256,
        "01": 0.1294
    },
    "z0u1y1_z0u3y0": {
        "11": 0.2522,
        "01": 0.2464
    },
    "z0u1y1_z0u3y1": {
        "11": 0.25,
        "01": 0.2514
    },
    "z0u2y1_z0u3y0": {
        "00": 0.1247,
        "10": 0.1235,
        "11": 0.1253,
        "01": 0.1278
    },
    "z0u1y1_z1y1": {
        "11": 0.5015,
        "01": 0.4985
    },
    "z0u2y1_z0u1y0": {
        "00": 0.2523,
        "10": 0.2516
    },
    "z1y1_z0u3y1": {
        "00": 0.12355,
        "10": 0.12425,
        "11": 0.1283,
        "01": 0.1239
    },
    "z1y0_z0u3y1": {
        "00": 0.12355,
        "10": 0.12425,
        "11": 0.1283,
        "01": 0.1239
    },
    "z0u1y0_z1y0": {
        "00": 0.4986,
        "10": 0.5014
    },
    "z0u1y1_z1y0": {},
    "z0u1y1_z0u2y1": {
        "11": 0.2492,
        "01": 0.2482
    },
    "z0u2y0_z0u1y0": {
        "00": 0.2525,
        "10": 0.2491
    },
    "z0u1y0_z0u2y1": {
        "00": 0.2542,
        "10": 0.2479
    },
    "z1y1_z0u2y0": {
        "00": 0.1253,
        "10": 0.1233,
        "11": 0.12355,
        "01": 0.12465
    },
    "z0u2y0_z0u1y1": {
        "11": 0.2501,
        "01": 0.2483
    },
    "z0u1y0_z0u2y0": {
        "00": 0.2459,
        "10": 0.252
    },
    "z1y0_z0u1y1": {
        "11": 0.2513,
        "01": 0.2487
    },
    "z0u3y0_z0u2y1": {
        "00": 0.1236,
        "10": 0.1259,
        "11": 0.1223,
        "01": 0.1238
    },
    "z1y0_z1y1": {
        "11": 0.25075,
        "01": 0.24925
    },
    "z0u1y1_z0u1y0": {},
    "z0u3y1_z0u3y1": {
        "00": 0.1215,
        "10": 0.1241,
        "11": 0.12,
        "01": 0.1282
    },
    "z1y1_z1y0": {
        "00": 0.24855,
        "10": 0.25145
    },
    "z0u3y1_z0u1y0": {
        "00": 0.2523,
        "10": 0.2487
    },
    "z1y1_z0u1y1": {
        "11": 0.2513,
        "01": 0.2487
    },
    "z1y0_z1y0": {
        "00": 0.24855,
        "10": 0.25145
    },
    "z0u2y1_z1y1": {
        "11": 0.2473,
        "01": 0.2522
    },
    "z0u1y1_z0u1y1": {
        "11": 0.5022,
        "01": 0.4978
    },
    "z0u2y1_z0u1y1": {
        "11": 0.2536,
        "01": 0.2425
    },
    "z0u3y1_z0u2y0": {
        "00": 0.1269,
        "10": 0.1319,
        "11": 0.1235,
        "01": 0.1279
    },
    "z1y1_z1y1": {
        "11": 0.25075,
        "01": 0.24925
    },
    "z0u3y0_z0u1y0": {
        "00": 0.2467,
        "10": 0.2524
    },
    "z0u2y0_z0u3y1": {
        "00": 0.1237,
        "10": 0.1255,
        "11": 0.123,
        "01": 0.1226
    },
    "z0u3y0_z0u3y1": {
        "00": 0.1297,
        "10": 0.1241,
        "11": 0.1272,
        "01": 0.1228
    },
    "z0u3y0_z1y1": {
        "11": 0.2458,
        "01": 0.2524
    },
    "z1y0_z0u2y0": {
        "00": 0.1253,
        "10": 0.1233,
        "11": 0.12355,
        "01": 0.12465
    },
    "z1y0_z0u2y1": {
        "00": 0.1249,
        "10": 0.1265,
        "11": 0.1259,
        "01": 0.1259
    },
    "z0u1y1_z0u2y0": {
        "11": 0.2498,
        "01": 0.2528
    },
    "z0u3y0_z0u1y1": {
        "11": 0.246,
        "01": 0.2549
    },
    "z0u2y0_z1y0": {
        "00": 0.2524,
        "10": 0.2525
    },
    "z0u3y1_z1y1": {
        "11": 0.253,
        "01": 0.2491
    },
    "z0u1y0_z0u3y1": {
        "00": 0.2463,
        "10": 0.2429
    },
    "z0u2y1_z0u2y0": {
        "00": 0.1252,
        "10": 0.1252,
        "11": 0.1272,
        "01": 0.1275
    },
    "z0u2y1_z0u2y1": {
        "00": 0.1207,
        "10": 0.1254,
        "11": 0.1278,
        "01": 0.121
    },
    "z0u1y0_z0u1y0": {
        "00": 0.5053,
        "10": 0.4947
    },
    "z0u2y0_z0u2y1": {
        "00": 0.1247,
        "10": 0.1333,
        "11": 0.1261,
        "01": 0.1286
    },
    "z0u3y1_z1y0": {
        "00": 0.2516,
        "10": 0.2463
    },
    "z0u2y1_z1y0": {
        "00": 0.2455,
        "10": 0.255
    },
    "z1y1_z0u3y0": {
        "00": 0.1266,
        "10": 0.1256,
        "11": 0.1226,
        "01": 0.1252
    },
    "z1y0_z0u3y0": {
        "00": 0.1266,
        "10": 0.1256,
        "11": 0.1226,
        "01": 0.1252
    },
    "z1y1_z0u1y0": {
        "00": 0.25025,
        "10": 0.24975
    },
    "z0u3y0_z0u2y0": {
        "00": 0.1253,
        "10": 0.1237,
        "11": 0.1267,
        "01": 0.1287
    },
    "z0u1y0_z1y1": {},
    "z0u1y0_z0u3y0": {
        "00": 0.2561,
        "10": 0.2547
    }
}
