{
    "z0u3y1_z0u1y1": {
        "11": 0.2457,
        "01": 0.2495
    },
    "z0u2y0_z0u2y0": {
        "00": 0.1179,
        "10": 0.1255,
        "11": 0.1185,
        "01": 0.1299
    },
    "z1y1_z0u2y1": {
        "00": 0.12235,
        "10": 0.1266,
        "11": 0.1262,
        "01": 0.1273
    },
    "z0u1y0_z0u1y1": {},
    "z0u3y0_z0u3y0": {
        "00": 0.1283,
        "10": 0.1285,
        "11": 0.1259,
        "01": 0.1269
    },
    "z1y0_z0u1y0": {
        "00": 0.2517,
        "10": 0.2483
    },
    "z0u3y0_z1y0": {
        "00": 0.2487,
        "10": 0.2573
    },
    "z0u3y1_z0u3y0": {
        "00": 0.1241,
        "10": 0.1218,
        "11": 0.1299,
        "01": 0.1247
    },
    "z0u2y0_z1y1": {
        "11": 0.2567,
        "01": 0.2392
    },
    "z0u2y1_z0u3y1": {
        "00": 0.1247,
        "10": 0.126,
        "11": 0.1225,
        "01": 0.1188
    },
    "z0u3y1_z0u2y1": {
        "00": 0.1237,
        "10": 0.1268,
        "11": 0.1238,
        "01": 0.1242
    },
    "z0u2y0_z0u3y0": {
        "00": 0.122,
        "10": 0.1196,
        "11": 0.127,
        "01": 0.1226
    },
    "z0u1y1_z0u3y0": {
        "11": 0.2482,
        "01": 0.2503
    },
    "z0u1y1_z0u3y1": {
        "11": 0.2535,
        "01": 0.248
    },
    "z0u2y1_z0u3y0": {
        "00": 0.1313,
        "10": 0.1252,
        "11": 0.1263,
        "01": 0.1252
    },
    "z0u1y1_z1y1": {
        "11": 0.4978,
        "01": 0.5022
    },
    "z0u2y1_z0u1y0": {
        "00": 0.2511,
        "10": 0.2468
    },
    "z1y1_z0u3y1": {
        "00": 0.1269,
        "10": 0.1227,
        "11": 0.1265,
        "01": 0.12665
    },
    "z1y0_z0u3y1": {
        "00": 0.1269,
        "10": 0.1227,
        "11": 0.1265,
        "01": 0.12665
    },
    "z0u1y0_z1y0": {
        "00": 0.4998,
        "10": 0.5002
    },
    "z0u1y1_z1y0": {},
    "z0u1y1_z0u2y1": {
        "11": 0.2482,
        "01": 0.2526
    },
    "z0u2y0_z0u1y0": {
        "00": 0.2531,
        "10": 0.2447
    },
    "z0u1y0_z0u2y1": {
        "00": 0.2541,
        "10": 0.2573
    },
    "z1y1_z0u2y0": {
        "00": 0.12595,
        "10": 0.1251,
        "11": 0.12345,
        "01": 0.12305
    },
    "z0u2y0_z0u1y1": {
        "11": 0.2563,
        "01": 0.2459
    },
    "z0u1y0_z0u2y0": {
        "00": 0.2407,
        "10": 0.2479
    },
    "z1y0_z0u1y1": {
        "11": 0.2477,
        "01": 0.2523
    },
    "z0u3y0_z0u2y1": {
        "00": 0.1264,
        "10": 0.1251,
        "11": 0.127,
        "01": 0.1223
    },
    "z1y0_z1y1": {
        "11": 0.2508,
        "01": 0.2492
    },
    "z0u1y1_z0u1y0": {},
    "z0u3y1_z0u3y1": {
        "00": 0.1261,
        "10": 0.1241,
        "11": 0.1209,
        "01": 0.1284
    },
    "z1y1_z1y0": {
        "00": 0.2513,
        "10": 0.2487
    },
    "z0u3y1_z0u1y0": {
        "00": 0.2551,
        "10": 0.2497
    },
    "z1y1_z0u1y1": {
        "11": 0.2477,
        "01": 0.2523
    },
    "z1y0_z1y0": {
        "00": 0.2513,
        "10": 0.2487
    },
    "z0u2y1_z1y1": {
        "11": 0.2531,
        "01": 0.2485
    },
    "z0u1y1_z0u1y1": {
        "11": 0.4991,
        "01": 0.5009
    },
    "z0u2y1_z0u1y1": {
        "11": 0.2545,
        "01": 0.2476
    },
    "z0u3y1_z0u2y0": {
        "00": 0.1265,
        "10": 0.1171,
        "11": 0.1302,
        "01": 0.1277
    },
    "z1y1_z1y1": {
        "11": 0.2508,
        "01": 0.2492
    },
    "z0u3y0_z0u1y0": {
        "00": 0.2456,
        "10": 0.2489
    },
    "z0u2y0_z0u3y1": {
        "00": 0.1214,
        "10": 0.1309,
        "11": 0.1226,
        "01": 0.1339
    },
    "z0u3y0_z0u3y1": {
        "00": 0.1244,
        "10": 0.1212,
        "11": 0.1239,
        "01": 0.1209
    },
    "z0u3y0_z1y1": {
        "11": 0.241,
        "01": 0.253
    },
    "z1y0_z0u2y0": {
        "00": 0.12595,
        "10": 0.1251,
        "11": 0.12345,
        "01": 0.12305
    },
    "z1y0_z0u2y1": {
        "00": 0.12235,
        "10": 0.1266,
        "11": 0.1262,
        "01": 0.1273
    },
    "z0u1y1_z0u2y0": {
        "11": 0.2498,
        "01": 0.2494
    },
    "z0u3y0_z0u1y1": {
        "11": 0.2522,
        "01": 0.2533
    },
    "z0u2y0_z1y0": {
        "00": 0.2555,
        "10": 0.2486
    },
    "z0u3y1_z1y1": {
        "11": 0.254,
        "01": 0.2502
    },
    "z0u1y0_z0u3y1": {
        "00": 0.2477,
        "10": 0.2494
    },
    "z0u2y1_z0u2y0": {
        "00": 0.1288,
        "10": 0.1179,
        "11": 0.13,
        "01": 0.1274
    },
    "z0u2y1_z0u2y1": {
        "00": 0.1226,
        "10": 0.1239,
        "11": 0.1259,
        "01": 0.1235
    },
    "z0u1y0_z0u1y0": {
        "00": 0.4992,
        "10": 0.5008
    },
    "z0u2y0_z0u2y1": {
        "00": 0.1257,
        "10": 0.1249,
        "11": 0.1287,
        "01": 0.1289
    },
    "z0u3y1_z1y0": {
        "00": 0.2498,
        "10": 0.246
    },
    "z0u2y1_z1y0": {
        "00": 0.2544,
        "10": 0.244
    },
    "z1y1_z0u3y0": {
        "00": 0.1227,
        "10": 0.1277,
        "11": 0.1239,
        "01": 0.12295
    },
    "z1y0_z0u3y0": {
        "00": 0.1227,
        "10": 0.1277,
        "11": 0.1239,
        "01": 0.12295
    },
    "z1y1_z0u1y0": {
        "00": 0.2517,
        "10": 0.2483
    },
    "z0u3y0_z0u2y0": {
        "00": 0.1259,
        "10": 0.1241,
        "11": 0.1259,
        "01": 0.1233
    },
    "z0u1y0_z1y1": {},
    "z0u1y0_z0u3y0": {
        "00": 0.2537,
        "10": 0.2492
    }
}
