{
    "z0u3y1_z0u1y1": {
        "00": 0.1223,
        "10": 0.1263,
        "11": 0.1232,
        "01": 0.1248
    },
    "z0u2y0_z0u2y0": {
        "00": 0.127,
        "10": 0.1265,
        "11": 0.1251,
        "01": 0.1262
    },
    "z1y1_z0u2y1": {
        "00": 0.1246,
        "10": 0.12305,
        "11": 0.1234,
        "01": 0.1242
    },
    "z0u1y0_z0u1y1": {},
    "z0u3y0_z0u3y0": {
        "00": 0.1294,
        "10": 0.1292,
        "11": 0.1232,
        "01": 0.123
    },
    "z1y0_z0u1y0": {
        "00": 0.12575,
        "10": 0.12565,
        "11": 0.12635,
        "01": 0.12225
    },
    "z0u3y0_z1y0": {
        "00": 0.1239,
        "10": 0.1241,
        "11": 0.1245,
        "01": 0.1276
    },
    "z0u3y1_z0u3y0": {
        "00": 0.1228,
        "10": 0.1257,
        "11": 0.1234,
        "01": 0.1259
    },
    "z0u2y0_z1y1": {
        "00": 0.1233,
        "10": 0.1336,
        "11": 0.1212,
        "01": 0.1299
    },
    "z0u2y1_z0u3y1": {
        "00": 0.2446,
        "11": 0.2489
    },
    "z0u3y1_z0u2y1": {
        "10": 0.2526,
        "01": 0.2491
    },
    "z0u2y0_z0u3y0": {
        "00": 0.2508,
        "11": 0.2498
    },
    "z0u1y1_z0u3y0": {
        "00": 0.1285,
        "10": 0.119,
        "11": 0.1252,
        "01": 0.1199
    },
    "z0u1y1_z0u3y1": {
        "00": 0.1263,
        "10": 0.1287,
        "11": 0.1285,
        "01": 0.1239
    },
    "z0u2y1_z0u3y0": {
        "10": 0.2544,
        "01": 0.2521
    },
    "z0u1y1_z1y1": {
        "00": 0.2488,
        "10": 0.2531,
        "11": 0.2504,
        "01": 0.2477
    },
    "z0u2y1_z0u1y0": {
        "00": 0.1234,
        "10": 0.1325,
        "11": 0.1281,
        "01": 0.125
    },
    "z1y1_z0u3y1": {
        "00": 0.123,
        "10": 0.12765,
        "11": 0.12365,
        "01": 0.12775
    },
    "z1y0_z0u3y1": {
        "00": 0.123,
        "10": 0.12765,
        "11": 0.12365,
        "01": 0.12775
    },
    "z0u1y0_z1y0": {
        "00": 0.2464,
        "10": 0.2517,
        "11": 0.2528,
        "01": 0.2491
    },
    "z0u1y1_z1y0": {},
    "z0u1y1_z0u2y1": {
        "00": 0.1292,
        "10": 0.1273,
        "11": 0.1266,
        "01": 0.1242
    },
    "z0u2y0_z0u1y0": {
        "00": 0.1242,
        "10": 0.1243,
        "11": 0.1236,
        "01": 0.1262
    },
    "z0u1y0_z0u2y1": {
        "00": 0.1238,
        "10": 0.1268,
        "11": 0.1268,
        "01": 0.1283
    },
    "z1y1_z0u2y0": {
        "00": 0.1281,
        "10": 0.12915,
        "11": 0.12335,
        "01": 0.12415
    },
    "z0u2y0_z0u1y1": {
        "00": 0.1245,
        "10": 0.1243,
        "11": 0.1251,
        "01": 0.1278
    },
    "z0u1y0_z0u2y0": {
        "00": 0.1217,
        "10": 0.1235,
        "11": 0.1259,
        "01": 0.1232
    },
    "z1y0_z0u1y1": {
        "00": 0.1257,
        "10": 0.12655,
        "11": 0.1224,
        "01": 0.12535
    },
    "z0u3y0_z0u2y1": {
        "00": 0.2536,
        "11": 0.2544
    },
    "z1y0_z1y1": {
        "00": 0.12435,
        "10": 0.12475,
        "11": 0.1235,
        "01": 0.1274
    },
    "z0u1y1_z0u1y0": {},
    "z0u3y1_z0u3y1": {
        "00": 0.1235,
        "10": 0.126,
        "11": 0.126,
        "01": 0.1267
    },
    "z1y1_z1y0": {
        "00": 0.12625,
        "10": 0.1262,
        "11": 0.12295,
        "01": 0.1246
    },
    "z0u3y1_z0u1y0": {
        "00": 0.1307,
        "10": 0.1263,
        "11": 0.1256,
        "01": 0.1208
    },
    "z1y1_z0u1y1": {
        "00": 0.1257,
        "10": 0.12655,
        "11": 0.1224,
        "01": 0.12535
    },
    "z1y0_z1y0": {
        "00": 0.12625,
        "10": 0.1262,
        "11": 0.12295,
        "01": 0.1246
    },
    "z0u2y1_z1y1": {
        "00": 0.1209,
        "10": 0.1261,
        "11": 0.1205,
        "01": 0.1229
    },
    "z0u1y1_z0u1y1": {
        "00": 0.2527,
        "10": 0.2502,
        "11": 0.2529,
        "01": 0.2442
    },
    "z0u2y1_z0u1y1": {
        "00": 0.1259,
        "10": 0.1233,
        "11": 0.1187,
        "01": 0.1231
    },
    "z0u3y1_z0u2y0": {
        "00": 0.2485,
        "11": 0.2498
    },
    "z1y1_z1y1": {
        "00": 0.12435,
        "10": 0.12475,
        "11": 0.1235,
        "01": 0.1274
    },
    "z0u3y0_z0u1y0": {
        "00": 0.1217,
        "10": 0.1251,
        "11": 0.1268,
        "01": 0.1283
    },
    "z0u2y0_z0u3y1": {
        "10": 0.2508,
        "01": 0.2486
    },
    "z0u3y0_z0u3y1": {
        "00": 0.1261,
        "10": 0.1223,
        "11": 0.1235,
        "01": 0.1233
    },
    "z0u3y0_z1y1": {
        "00": 0.1236,
        "10": 0.1266,
        "11": 0.1273,
        "01": 0.1224
    },
    "z1y0_z0u2y0": {
        "00": 0.1281,
        "10": 0.12915,
        "11": 0.12335,
        "01": 0.12415
    },
    "z1y0_z0u2y1": {
        "00": 0.1246,
        "10": 0.12305,
        "11": 0.1234,
        "01": 0.1242
    },
    "z0u1y1_z0u2y0": {
        "00": 0.1224,
        "10": 0.1255,
        "11": 0.12,
        "01": 0.1248
    },
    "z0u3y0_z0u1y1": {
        "00": 0.1285,
        "10": 0.1218,
        "11": 0.1253,
        "01": 0.1225
    },
    "z0u2y0_z1y0": {
        "00": 0.1245,
        "10": 0.126,
        "11": 0.1205,
        "01": 0.121
    },
    "z0u3y1_z1y1": {
        "00": 0.1249,
        "10": 0.1289,
        "11": 0.1269,
        "01": 0.1227
    },
    "z0u1y0_z0u3y1": {
        "00": 0.1233,
        "10": 0.124,
        "11": 0.1238,
        "01": 0.1251
    },
    "z0u2y1_z0u2y0": {
        "00": 0.1266,
        "10": 0.121,
        "11": 0.1251,
        "01": 0.1215
    },
    "z0u2y1_z0u2y1": {
        "00": 0.1211,
        "10": 0.1308,
        "11": 0.1268,
        "01": 0.1271
    },
    "z0u1y0_z0u1y0": {
        "00": 0.2571,
        "10": 0.2423,
        "11": 0.2563,
        "01": 0.2443
    },
    "z0u2y0_z0u2y1": {
        "00": 0.1188,
        "10": 0.1232,
        "11": 0.1278,
        "01": 0.1254
    },
    "z0u3y1_z1y0": {
        "00": 0.126,
        "10": 0.1236,
        "11": 0.1227,
        "01": 0.1243
    },
    "z0u2y1_z1y0": {
        "00": 0.1245,
        "10": 0.1233,
        "11": 0.1279,
        "01": 0.1339
    },
    "z1y1_z0u3y0": {
        "00": 0.1266,
        "10": 0.12465,
        "11": 0.12335,
        "01": 0.12335
    },
    "z1y0_z0u3y0": {
        "00": 0.1266,
        "10": 0.12465,
        "11": 0.12335,
        "01": 0.12335
    },
    "z1y1_z0u1y0": {
        "00": 0.12575,
        "10": 0.12565,
        "11": 0.12635,
        "01": 0.12225
    },
    "z0u3y0_z0u2y0": {
        "10": 0.2472,
        "01": 0.2448
    },
    "z0u1y0_z1y1": {},
    "z0u1y0_z0u3y0": {
        "00": 0.1273,
        "10": 0.1319,
        "11": 0.1203,
        "01": 0.1243
    }
}
