{
    "z0u3y1_z0u1y1": {
        "00": 0.1269,
        "10": 0.125,
        "11": 0.1213,
        "01": 0.1204
    },
    "z0u2y0_z0u2y0": {
        "00": 0.1197,
        "10": 0.1214,
        "11": 0.1255,
        "01": 0.1282
    },
    "z1y1_z0u2y1": {
        "00": 0.1229,
        "10": 0.12575,
        "11": 0.12625,
        "01": 0.12545
    },
    "z0u1y0_z0u1y1": {},
    "z0u3y0_z0u3y0": {
        "00": 0.1267,
        "10": 0.1218,
        "11": 0.1187,
        "01": 0.1255
    },
    "z1y0_z0u1y0": {
        "00": 0.1244,
        "10": 0.1257,
        "11": 0.12405,
        "01": 0.12585
    },
    "z0u3y0_z1y0": {
        "00": 0.1284,
        "10": 0.1236,
        "11": 0.1239,
        "01": 0.1254
    },
    "z0u3y1_z0u3y0": {
        "00": 0.1254,
        "10": 0.1311,
        "11": 0.1247,
        "01": 0.1248
    },
    "z0u2y0_z1y1": {
        "00": 0.1323,
        "10": 0.1305,
        "11": 0.1229,
        "01": 0.1206
    },
    "z0u2y1_z0u3y1": {
        "00": 0.2494,
        "11": 0.2485
    },
    "z0u3y1_z0u2y1": {
        "10": 0.2511,
        "01": 0.2524
    },
    "z0u2y0_z0u3y0": {
        "00": 0.2577,
        "11": 0.2412
    },
    "z0u1y1_z0u3y0": {
        "00": 0.1266,
        "10": 0.1286,
        "11": 0.1221,
        "01": 0.1265
    },
    "z0u1y1_z0u3y1": {
        "00": 0.1241,
        "10": 0.1247,
        "11": 0.1221,
        "01": 0.1253
    },
    "z0u2y1_z0u3y0": {
        "10": 0.252,
        "01": 0.2501
    },
    "z0u1y1_z1y1": {
        "00": 0.254,
        "10": 0.2475,
        "11": 0.2475,
        "01": 0.251
    },
    "z0u2y1_z0u1y0": {
        "00": 0.1235,
        "10": 0.1356,
        "11": 0.1248,
        "01": 0.1275
    },
    "z1y1_z0u3y1": {
        "00": 0.12035,
        "10": 0.1238,
        "11": 0.12265,
        "01": 0.1261
    },
    "z1y0_z0u3y1": {
        "00": 0.12035,
        "10": 0.1238,
        "11": 0.12265,
        "01": 0.1261
    },
    "z0u1y0_z1y0": {
        "00": 0.2529,
        "10": 0.2531,
        "11": 0.2458,
        "01": 0.2482
    },
    "z0u1y1_z1y0": {},
    "z0u1y1_z0u2y1": {
        "00": 0.1155,
        "10": 0.1305,
        "11": 0.1244,
        "01": 0.1238
    },
    "z0u2y0_z0u1y0": {
        "00": 0.1293,
        "10": 0.1266,
        "11": 0.1203,
        "01": 0.1207
    },
    "z0u1y0_z0u2y1": {
        "00": 0.1241,
        "10": 0.1295,
        "11": 0.1227,
        "01": 0.1249
    },
    "z1y1_z0u2y0": {
        "00": 0.12535,
        "10": 0.1261,
        "11": 0.12255,
        "01": 0.12565
    },
    "z0u2y0_z0u1y1": {
        "00": 0.1267,
        "10": 0.1284,
        "11": 0.1266,
        "01": 0.1214
    },
    "z0u1y0_z0u2y0": {
        "00": 0.1276,
        "10": 0.1202,
        "11": 0.1257,
        "01": 0.1253
    },
    "z1y0_z0u1y1": {
        "00": 0.12705,
        "10": 0.12295,
        "11": 0.1253,
        "01": 0.1247
    },
    "z0u3y0_z0u2y1": {
        "00": 0.2542,
        "11": 0.2481
    },
    "z1y0_z1y1": {
        "00": 0.1241,
        "10": 0.12525,
        "11": 0.12545,
        "01": 0.1252
    },
    "z0u1y1_z0u1y0": {},
    "z0u3y1_z0u3y1": {
        "00": 0.1223,
        "10": 0.1232,
        "11": 0.1241,
        "01": 0.1244
    },
    "z1y1_z1y0": {
        "00": 0.126,
        "10": 0.126,
        "11": 0.1249,
        "01": 0.1231
    },
    "z0u3y1_z0u1y0": {
        "00": 0.1242,
        "10": 0.1305,
        "11": 0.1234,
        "01": 0.1283
    },
    "z1y1_z0u1y1": {
        "00": 0.12705,
        "10": 0.12295,
        "11": 0.1253,
        "01": 0.1247
    },
    "z1y0_z1y0": {
        "00": 0.126,
        "10": 0.126,
        "11": 0.1249,
        "01": 0.1231
    },
    "z0u2y1_z1y1": {
        "00": 0.1275,
        "10": 0.1285,
        "11": 0.1242,
        "01": 0.127
    },
    "z0u1y1_z0u1y1": {
        "00": 0.2524,
        "10": 0.2542,
        "11": 0.2485,
        "01": 0.2449
    },
    "z0u2y1_z0u1y1": {
        "00": 0.1221,
        "10": 0.1218,
        "11": 0.119,
        "01": 0.1257
    },
    "z0u3y1_z0u2y0": {
        "00": 0.2492,
        "11": 0.2473
    },
    "z1y1_z1y1": {
        "00": 0.1241,
        "10": 0.12525,
        "11": 0.12545,
        "01": 0.1252
    },
    "z0u3y0_z0u1y0": {
        "00": 0.1266,
        "10": 0.1245,
        "11": 0.1236,
        "01": 0.1251
    },
    "z0u2y0_z0u3y1": {
        "10": 0.2554,
        "01": 0.2457
    },
    "z0u3y0_z0u3y1": {
        "00": 0.129,
        "10": 0.1217,
        "11": 0.1332,
        "01": 0.1234
    },
    "z0u3y0_z1y1": {
        "00": 0.1215,
        "10": 0.1238,
        "11": 0.1278,
        "01": 0.1256
    },
    "z1y0_z0u2y0": {
        "00": 0.12535,
        "10": 0.1261,
        "11": 0.12255,
        "01": 0.12565
    },
    "z1y0_z0u2y1": {
        "00": 0.1229,
        "10": 0.12575,
        "11": 0.12625,
        "01": 0.12545
    },
    "z0u1y1_z0u2y0": {
        "00": 0.1245,
        "10": 0.1276,
        "11": 0.1233,
        "01": 0.1304
    },
    "z0u3y0_z0u1y1": {
        "00": 0.1259,
        "10": 0.1276,
        "11": 0.1233,
        "01": 0.1234
    },
    "z0u2y0_z1y0": {
        "00": 0.1193,
        "10": 0.1254,
        "11": 0.1209,
        "01": 0.1281
    },
    "z0u3y1_z1y1": {
        "00": 0.1224,
        "10": 0.1249,
        "11": 0.1263,
        "01": 0.1259
    },
    "z0u1y0_z0u3y1": {
        "00": 0.1241,
        "10": 0.1251,
        "11": 0.1269,
        "01": 0.1203
    },
    "z0u2y1_z0u2y0": {
        "00": 0.1221,
        "10": 0.1262,
        "11": 0.1308,
        "01": 0.1283
    },
    "z0u2y1_z0u2y1": {
        "00": 0.1257,
        "10": 0.1179,
        "11": 0.1255,
        "01": 0.1235
    },
    "z0u1y0_z0u1y0": {
        "00": 0.2583,
        "10": 0.2434,
        "11": 0.2527,
        "01": 0.2456
    },
    "z0u2y0_z0u2y1": {
        "00": 0.1274,
        "10": 0.1253,
        "11": 0.1264,
        "01": 0.1261
    },
    "z0u3y1_z1y0": {
        "00": 0.1272,
        "10": 0.1181,
        "11": 0.1288,
        "01": 0.1264
    },
    "z0u2y1_z1y0": {
        "00": 0.124,
        "10": 0.1261,
        "11": 0.123,
        "01": 0.1197
    },
    "z1y1_z0u3y0": {
        "00": 0.12635,
        "10": 0.1266,
        "11": 0.1247,
        "01": 0.12945
    },
    "z1y0_z0u3y0": {
        "00": 0.12635,
        "10": 0.1266,
        "11": 0.1247,
        "01": 0.12945
    },
    "z1y1_z0u1y0": {
        "00": 0.1244,
        "10": 0.1257,
        "11": 0.12405,
        "01": 0.12585
    },
    "z0u3y0_z0u2y0": {
        "10": 0.2503,
        "01": 0.2474
    },
    "z0u1y0_z1y1": {},
    "z0u1y0_z0u3y0": {
        "00": 0.1288,
        "10": 0.1304,
        "11": 0.1188,
        "01": 0.1256
    }
}
