{
    "z0u3y1_z0u1y1": {
        "11": 0.4967
    },
    "z0u2y0_z0u2y0": {
        "00": 0.2531,
        "11": 0.2458
    },
    "z1y1_z0u2y1": {
        "00": 0.24415,
        "11": 0.2475
    },
    "z0u1y0_z0u1y1": {},
    "z0u3y0_z0u3y0": {
        "00": 0.2484,
        "11": 0.2503
    },
    "z1y0_z0u1y0": {
        "00": 0.5
    },
    "z0u3y0_z1y0": {
        "00": 0.5089
    },
    "z0u3y1_z0u3y0": {
        "00": 0.2402,
        "11": 0.25
    },
    "z0u2y0_z1y1": {
        "11": 0.4957
    },
    "z0u2y1_z0u3y1": {
        "00": 0.2465,
        "11": 0.2545
    },
    "z0u3y1_z0u2y1": {
        "00": 0.2539,
        "11": 0.2517
    },
    "z0u2y0_z0u3y0": {
        "00": 0.2434,
        "11": 0.2471
    },
    "z0u1y1_z0u3y0": {
        "11": 0.4993
    },
    "z0u1y1_z0u3y1": {
        "11": 0.5007
    },
    "z0u2y1_z0u3y0": {
        "00": 0.2513,
        "11": 0.2477
    },
    "z0u1y1_z1y1": {
        "11": 1.0
    },
    "z0u2y1_z0u1y0": {
        "00": 0.4998
    },
    "z1y1_z0u3y1": {
        "00": 0.24775,
        "11": 0.24815
    },
    "z1y0_z0u3y1": {
        "00": 0.24775,
        "11": 0.24815
    },
    "z0u1y0_z1y0": {
        "00": 1.0
    },
    "z0u1y1_z1y0": {},
    "z0u1y1_z0u2y1": {
        "11": 0.4988
    },
    "z0u2y0_z0u1y0": {
        "00": 0.4961
    },
    "z0u1y0_z0u2y1": {
        "00": 0.4983
    },
    "z1y1_z0u2y0": {
        "00": 0.25585,
        "11": 0.2525
    },
    "z0u2y0_z0u1y1": {
        "11": 0.5039
    },
    "z0u1y0_z0u2y0": {
        "00": 0.5017
    },
    "z1y0_z0u1y1": {
        "11": 0.5
    },
    "z0u3y0_z0u2y1": {
        "00": 0.2525,
        "11": 0.2479
    },
    "z1y0_z1y1": {
        "11": 0.5
    },
    "z0u1y1_z0u1y0": {},
    "z0u3y1_z0u3y1": {
        "00": 0.2508,
        "11": 0.259
    },
    "z1y1_z1y0": {
        "00": 0.5
    },
    "z0u3y1_z0u1y0": {
        "00": 0.5033
    },
    "z1y1_z0u1y1": {
        "11": 0.5
    },
    "z1y0_z1y0": {
        "00": 0.5
    },
    "z0u2y1_z1y1": {
        "11": 0.4959
    },
    "z0u1y1_z0u1y1": {
        "11": 1.0
    },
    "z0u2y1_z0u1y1": {
        "11": 0.5002
    },
    "z0u3y1_z0u2y0": {
        "00": 0.2473,
        "11": 0.2471
    },
    "z1y1_z1y1": {
        "11": 0.5
    },
    "z0u3y0_z0u1y0": {
        "00": 0.4954
    },
    "z0u2y0_z0u3y1": {
        "00": 0.2508,
        "11": 0.2587
    },
    "z0u3y0_z0u3y1": {
        "00": 0.2459,
        "11": 0.2554
    },
    "z0u3y0_z1y1": {
        "11": 0.4911
    },
    "z1y0_z0u2y0": {
        "00": 0.25585,
        "11": 0.2525
    },
    "z1y0_z0u2y1": {
        "00": 0.24415,
        "11": 0.2475
    },
    "z0u1y1_z0u2y0": {
        "11": 0.5012
    },
    "z0u3y0_z0u1y1": {
        "11": 0.5046
    },
    "z0u2y0_z1y0": {
        "00": 0.5043
    },
    "z0u3y1_z1y1": {
        "11": 0.5082
    },
    "z0u1y0_z0u3y1": {
        "00": 0.5034
    },
    "z0u2y1_z0u2y0": {
        "00": 0.2492,
        "11": 0.2538
    },
    "z0u2y1_z0u2y1": {
        "00": 0.2461,
        "11": 0.2509
    },
    "z0u1y0_z0u1y0": {
        "00": 1.0
    },
    "z0u2y0_z0u2y1": {
        "00": 0.2516,
        "11": 0.2495
    },
    "z0u3y1_z1y0": {
        "00": 0.4918
    },
    "z0u2y1_z1y0": {
        "00": 0.5041
    },
    "z1y1_z0u3y0": {
        "00": 0.25225,
        "11": 0.25185
    },
    "z1y0_z0u3y0": {
        "00": 0.25225,
        "11": 0.25185
    },
    "z1y1_z0u1y0": {
        "00": 0.5
    },
    "z0u3y0_z0u2y0": {
        "00": 0.2424,
        "11": 0.2572
    },
    "z0u1y0_z1y1": {},
    "z0u1y0_z0u3y0": {
        "00": 0.4966
    }
}
