{
    "z0u3y1_z0u1y1": {
        "00": 0.12,
        "10": 0.1249,
        "11": 0.1287,
        "01": 0.1232
    },
    "z0u2y0_z0u2y0": {
        "00": 0.1248,
        "10": 0.1244,
        "11": 0.1267,
        "01": 0.1287
    },
    "z1y1_z0u2y1": {
        "00": 0.12565,
        "10": 0.12775,
        "11": 0.1284,
        "01": 0.12075
    },
    "z0u1y0_z0u1y1": {},
    "z0u3y0_z0u3y0": {
        "00": 0.1227,
        "10": 0.1255,
        "11": 0.1249,
        "01": 0.1216
    },
    "z1y0_z0u1y0": {
        "00": 0.12225,
        "10": 0.1237,
        "11": 0.12575,
        "01": 0.1283
    },
    "z0u3y0_z1y0": {
        "00": 0.1259,
        "10": 0.1193,
        "11": 0.1198,
        "01": 0.1286
    },
    "z0u3y1_z0u3y0": {
        "00": 0.1167,
        "10": 0.1321,
        "11": 0.1257,
        "01": 0.1222
    },
    "z0u2y0_z1y1": {
        "00": 0.1232,
        "10": 0.1278,
        "11": 0.1256,
        "01": 0.1238
    },
    "z0u2y1_z0u3y1": {
        "00": 0.2541,
        "11": 0.2472
    },
    "z0u3y1_z0u2y1": {
        "10": 0.2595,
        "01": 0.2441
    },
    "z0u2y0_z0u3y0": {
        "00": 0.2526,
        "11": 0.2508
    },
    "z0u1y1_z0u3y0": {
        "00": 0.1216,
        "10": 0.127,
        "11": 0.1268,
        "01": 0.1267
    },
    "z0u1y1_z0u3y1": {
        "00": 0.1215,
        "10": 0.1259,
        "11": 0.1246,
        "01": 0.1259
    },
    "z0u2y1_z0u3y0": {
        "10": 0.2473,
        "01": 0.2514
    },
    "z0u1y1_z1y1": {
        "00": 0.2491,
        "10": 0.2472,
        "11": 0.2552,
        "01": 0.2485
    },
    "z0u2y1_z0u1y0": {
        "00": 0.1237,
        "10": 0.1301,
        "11": 0.1255,
        "01": 0.123
    },
    "z1y1_z0u3y1": {
        "00": 0.129,
        "10": 0.1239,
        "11": 0.1243,
        "01": 0.1268
    },
    "z1y0_z0u3y1": {
        "00": 0.129,
        "10": 0.1239,
        "11": 0.1243,
        "01": 0.1268
    },
    "z0u1y0_z1y0": {
        "00": 0.2457,
        "10": 0.2504,
        "11": 0.2443,
        "01": 0.2596
    },
    "z0u1y1_z1y0": {},
    "z0u1y1_z0u2y1": {
        "00": 0.123,
        "10": 0.1263,
        "11": 0.1283,
        "01": 0.1221
    },
    "z0u2y0_z0u1y0": {
        "00": 0.12,
        "10": 0.1274,
        "11": 0.1245,
        "01": 0.1313
    },
    "z0u1y0_z0u2y1": {
        "00": 0.1243,
        "10": 0.1279,
        "11": 0.1248,
        "01": 0.1253
    },
    "z1y1_z0u2y0": {
        "00": 0.1254,
        "10": 0.1218,
        "11": 0.1241,
        "01": 0.12615
    },
    "z0u2y0_z0u1y1": {
        "00": 0.1238,
        "10": 0.1262,
        "11": 0.127,
        "01": 0.1198
    },
    "z0u1y0_z0u2y0": {
        "00": 0.1257,
        "10": 0.127,
        "11": 0.1252,
        "01": 0.1198
    },
    "z1y0_z0u1y1": {
        "00": 0.12935,
        "10": 0.1208,
        "11": 0.12525,
        "01": 0.1246
    },
    "z0u3y0_z0u2y1": {
        "00": 0.2525,
        "11": 0.2553
    },
    "z1y0_z1y1": {
        "00": 0.12745,
        "10": 0.1219,
        "11": 0.12645,
        "01": 0.1242
    },
    "z0u1y1_z0u1y0": {},
    "z0u3y1_z0u3y1": {
        "00": 0.1272,
        "10": 0.121,
        "11": 0.1269,
        "01": 0.1282
    },
    "z1y1_z1y0": {
        "00": 0.12855,
        "10": 0.1276,
        "11": 0.1235,
        "01": 0.12035
    },
    "z0u3y1_z0u1y0": {
        "00": 0.1235,
        "10": 0.1221,
        "11": 0.131,
        "01": 0.1266
    },
    "z1y1_z0u1y1": {
        "00": 0.12935,
        "10": 0.1208,
        "11": 0.12525,
        "01": 0.1246
    },
    "z1y0_z1y0": {
        "00": 0.12855,
        "10": 0.1276,
        "11": 0.1235,
        "01": 0.12035
    },
    "z0u2y1_z1y1": {
        "00": 0.1197,
        "10": 0.1283,
        "11": 0.126,
        "01": 0.1297
    },
    "z0u1y1_z0u1y1": {
        "00": 0.2543,
        "10": 0.2463,
        "11": 0.2489,
        "01": 0.2505
    },
    "z0u2y1_z0u1y1": {
        "00": 0.1318,
        "10": 0.1185,
        "11": 0.1186,
        "01": 0.1288
    },
    "z0u3y1_z0u2y0": {
        "00": 0.2511,
        "11": 0.2453
    },
    "z1y1_z1y1": {
        "00": 0.12745,
        "10": 0.1219,
        "11": 0.12645,
        "01": 0.1242
    },
    "z0u3y0_z0u1y0": {
        "00": 0.1236,
        "10": 0.1223,
        "11": 0.1208,
        "01": 0.1267
    },
    "z0u2y0_z0u3y1": {
        "10": 0.2471,
        "01": 0.2495
    },
    "z0u3y0_z0u3y1": {
        "00": 0.123,
        "10": 0.1259,
        "11": 0.1278,
        "01": 0.1286
    },
    "z0u3y0_z1y1": {
        "00": 0.1277,
        "10": 0.1235,
        "11": 0.1299,
        "01": 0.1253
    },
    "z1y0_z0u2y0": {
        "00": 0.1254,
        "10": 0.1218,
        "11": 0.1241,
        "01": 0.12615
    },
    "z1y0_z0u2y1": {
        "00": 0.12565,
        "10": 0.12775,
        "11": 0.1284,
        "01": 0.12075
    },
    "z0u1y1_z0u2y0": {
        "00": 0.1284,
        "10": 0.1211,
        "11": 0.1291,
        "01": 0.1217
    },
    "z0u3y0_z0u1y1": {
        "00": 0.1235,
        "10": 0.1255,
        "11": 0.1307,
        "01": 0.1269
    },
    "z0u2y0_z1y0": {
        "00": 0.1264,
        "10": 0.1218,
        "11": 0.1264,
        "01": 0.125
    },
    "z0u3y1_z1y1": {
        "00": 0.1236,
        "10": 0.1339,
        "11": 0.1221,
        "01": 0.1246
    },
    "z0u1y0_z0u3y1": {
        "00": 0.1246,
        "10": 0.1251,
        "11": 0.1294,
        "01": 0.1247
    },
    "z0u2y1_z0u2y0": {
        "00": 0.1241,
        "10": 0.1225,
        "11": 0.1285,
        "01": 0.1234
    },
    "z0u2y1_z0u2y1": {
        "00": 0.1255,
        "10": 0.1304,
        "11": 0.123,
        "01": 0.1226
    },
    "z0u1y0_z0u1y0": {
        "00": 0.2587,
        "10": 0.2457,
        "11": 0.249,
        "01": 0.2466
    },
    "z0u2y0_z0u2y1": {
        "00": 0.1211,
        "10": 0.1198,
        "11": 0.1247,
        "01": 0.1298
    },
    "z0u3y1_z1y0": {
        "00": 0.1273,
        "10": 0.1251,
        "11": 0.1238,
        "01": 0.1196
    },
    "z0u2y1_z1y0": {
        "00": 0.1203,
        "10": 0.1298,
        "11": 0.1213,
        "01": 0.1249
    },
    "z1y1_z0u3y0": {
        "00": 0.1228,
        "10": 0.1241,
        "11": 0.1269,
        "01": 0.1222
    },
    "z1y0_z0u3y0": {
        "00": 0.1228,
        "10": 0.1241,
        "11": 0.1269,
        "01": 0.1222
    },
    "z1y1_z0u1y0": {
        "00": 0.12225,
        "10": 0.1237,
        "11": 0.12575,
        "01": 0.1283
    },
    "z0u3y0_z0u2y0": {
        "10": 0.2475,
        "01": 0.2447
    },
    "z0u1y0_z1y1": {},
    "z0u1y0_z0u3y0": {
        "00": 0.1183,
        "10": 0.1249,
        "11": 0.1244,
        "01": 0.1286
    }
}
