{
    "z0u3y1_z0u1y1": {
        "11": 0.2522,
        "01": 0.2506
    },
    "z0u2y0_z0u2y0": {
        "00": 0.1184,
        "10": 0.1266,
        "11": 0.122,
        "01": 0.1281
    },
    "z1y1_z0u2y1": {
        "00": 0.12555,
        "10": 0.12265,
        "11": 0.12245,
        "01": 0.12595
    },
    "z0u1y0_z0u1y1": {},
    "z0u3y0_z0u3y0": {
        "00": 0.126,
        "10": 0.1255,
        "11": 0.1277,
        "01": 0.1227
    },
    "z1y0_z0u1y0": {
        "00": 0.24825,
        "10": 0.25175
    },
    "z0u3y0_z1y0": {
        "00": 0.2482,
        "10": 0.2466
    },
    "z0u3y1_z0u3y0": {
        "00": 0.123,
        "10": 0.1281,
        "11": 0.124,
        "01": 0.1257
    },
    "z0u2y0_z1y1": {
        "11": 0.2569,
        "01": 0.2517
    },
    "z0u2y1_z0u3y1": {
        "00": 0.124,
        "10": 0.1286,
        "11": 0.1197,
        "01": 0.1226
    },
    "z0u3y1_z0u2y1": {
        "00": 0.1226,
        "10": 0.125,
        "11": 0.129,
        "01": 0.123
    },
    "z0u2y0_z0u3y0": {
        "00": 0.1241,
        "10": 0.1258,
        "11": 0.1256,
        "01": 0.1282
    },
    "z0u1y1_z0u3y0": {
        "11": 0.25,
        "01": 0.2418
    },
    "z0u1y1_z0u3y1": {
        "11": 0.2544,
        "01": 0.2538
    },
    "z0u2y1_z0u3y0": {
        "00": 0.1237,
        "10": 0.1282,
        "11": 0.1231,
        "01": 0.1301
    },
    "z0u1y1_z1y1": {
        "11": 0.5073,
        "01": 0.4927
    },
    "z0u2y1_z0u1y0": {
        "00": 0.2461,
        "10": 0.2504
    },
    "z1y1_z0u3y1": {
        "00": 0.1263,
        "10": 0.12305,
        "11": 0.1244,
        "01": 0.1264
    },
    "z1y0_z0u3y1": {
        "00": 0.1263,
        "10": 0.12305,
        "11": 0.1244,
        "01": 0.1264
    },
    "z0u1y0_z1y0": {
        "00": 0.5057,
        "10": 0.4943
    },
    "z0u1y1_z1y0": {},
    "z0u1y1_z0u2y1": {
        "11": 0.2387,
        "01": 0.2531
    },
    "z0u2y0_z0u1y0": {
        "00": 0.2461,
        "10": 0.2478
    },
    "z0u1y0_z0u2y1": {
        "00": 0.2521,
        "10": 0.2498
    },
    "z1y1_z0u2y0": {
        "00": 0.1256,
        "10": 0.1262,
        "11": 0.127,
        "01": 0.1246
    },
    "z0u2y0_z0u1y1": {
        "11": 0.2448,
        "01": 0.2613
    },
    "z0u1y0_z0u2y0": {
        "00": 0.2537,
        "10": 0.2444
    },
    "z1y0_z0u1y1": {
        "11": 0.2479,
        "01": 0.2521
    },
    "z0u3y0_z0u2y1": {
        "00": 0.1244,
        "10": 0.1254,
        "11": 0.1273,
        "01": 0.1275
    },
    "z1y0_z1y1": {
        "11": 0.2483,
        "01": 0.2517
    },
    "z0u1y1_z0u1y0": {},
    "z0u3y1_z0u3y1": {
        "00": 0.1237,
        "10": 0.1235,
        "11": 0.1236,
        "01": 0.1284
    },
    "z1y1_z1y0": {
        "00": 0.2463,
        "10": 0.2537
    },
    "z0u3y1_z0u1y0": {
        "00": 0.2511,
        "10": 0.2461
    },
    "z1y1_z0u1y1": {
        "11": 0.2479,
        "01": 0.2521
    },
    "z1y0_z1y0": {
        "00": 0.2463,
        "10": 0.2537
    },
    "z0u2y1_z1y1": {
        "11": 0.2524,
        "01": 0.2506
    },
    "z0u1y1_z0u1y1": {
        "11": 0.4977,
        "01": 0.5023
    },
    "z0u2y1_z0u1y1": {
        "11": 0.2548,
        "01": 0.2487
    },
    "z0u3y1_z0u2y0": {
        "00": 0.1307,
        "10": 0.1251,
        "11": 0.1209,
        "01": 0.1237
    },
    "z1y1_z1y1": {
        "11": 0.2483,
        "01": 0.2517
    },
    "z0u3y0_z0u1y0": {
        "00": 0.2472,
        "10": 0.2492
    },
    "z0u2y0_z0u3y1": {
        "00": 0.1198,
        "10": 0.1253,
        "11": 0.1265,
        "01": 0.1247
    },
    "z0u3y0_z0u3y1": {
        "00": 0.1202,
        "10": 0.1279,
        "11": 0.1242,
        "01": 0.1258
    },
    "z0u3y0_z1y1": {
        "11": 0.2504,
        "01": 0.2548
    },
    "z1y0_z0u2y0": {
        "00": 0.1256,
        "10": 0.1262,
        "11": 0.127,
        "01": 0.1246
    },
    "z1y0_z0u2y1": {
        "00": 0.12555,
        "10": 0.12265,
        "11": 0.12245,
        "01": 0.12595
    },
    "z0u1y1_z0u2y0": {
        "11": 0.2558,
        "01": 0.2524
    },
    "z0u3y0_z0u1y1": {
        "11": 0.2515,
        "01": 0.2521
    },
    "z0u2y0_z1y0": {
        "00": 0.2415,
        "10": 0.2499
    },
    "z0u3y1_z1y1": {
        "11": 0.2456,
        "01": 0.2564
    },
    "z0u1y0_z0u3y1": {
        "00": 0.2501,
        "10": 0.2538
    },
    "z0u2y1_z0u2y0": {
        "00": 0.1273,
        "10": 0.1237,
        "11": 0.1199,
        "01": 0.1241
    },
    "z0u2y1_z0u2y1": {
        "00": 0.1197,
        "10": 0.1301,
        "11": 0.126,
        "01": 0.1292
    },
    "z0u1y0_z0u1y0": {
        "00": 0.4934,
        "10": 0.5066
    },
    "z0u2y0_z0u2y1": {
        "00": 0.128,
        "10": 0.1284,
        "11": 0.1284,
        "01": 0.1201
    },
    "z0u3y1_z1y0": {
        "00": 0.2456,
        "10": 0.2524
    },
    "z0u2y1_z1y0": {
        "00": 0.2553,
        "10": 0.2417
    },
    "z1y1_z0u3y0": {
        "00": 0.12575,
        "10": 0.1249,
        "11": 0.12265,
        "01": 0.12655
    },
    "z1y0_z0u3y0": {
        "00": 0.12575,
        "10": 0.1249,
        "11": 0.12265,
        "01": 0.12655
    },
    "z1y1_z0u1y0": {
        "00": 0.24825,
        "10": 0.25175
    },
    "z0u3y0_z0u2y0": {
        "00": 0.1226,
        "10": 0.1234,
        "11": 0.1249,
        "01": 0.1245
    },
    "z0u1y0_z1y1": {},
    "z0u1y0_z0u3y0": {
        "00": 0.2525,
        "10": 0.2436
    }
}
