{
    "z0u3y1_z0u1y1": {
        "00": 0.1242,
        "10": 0.119,
        "11": 0.1262,
        "01": 0.1312
    },
    "z0u2y0_z0u2y0": {
        "00": 0.1213,
        "10": 0.1297,
        "11": 0.1231,
        "01": 0.1254
    },
    "z1y1_z0u2y1": {
        "00": 0.12515,
        "10": 0.12585,
        "11": 0.12465,
        "01": 0.12675
    },
    "z0u1y0_z0u1y1": {},
    "z0u3y0_z0u3y0": {
        "00": 0.123,
        "10": 0.1182,
        "11": 0.1299,
        "01": 0.1269
    },
    "z1y0_z0u1y0": {
        "00": 0.128,
        "10": 0.1216,
        "11": 0.12685,
        "01": 0.12355
    },
    "z0u3y0_z1y0": {
        "00": 0.1219,
        "10": 0.1248,
        "11": 0.127,
        "01": 0.1303
    },
    "z0u3y1_z0u3y0": {
        "00": 0.1244,
        "10": 0.1261,
        "11": 0.1271,
        "01": 0.1231
    },
    "z0u2y0_z1y1": {
        "00": 0.1274,
        "10": 0.1276,
        "11": 0.1205,
        "01": 0.1272
    },
    "z0u2y1_z0u3y1": {
        "00": 0.2464,
        "11": 0.2501
    },
    "z0u3y1_z0u2y1": {
        "10": 0.2418,
        "01": 0.2566
    },
    "z0u2y0_z0u3y0": {
        "00": 0.2479,
        "11": 0.2554
    },
    "z0u1y1_z0u3y0": {
        "00": 0.1286,
        "10": 0.1223,
        "11": 0.1228,
        "01": 0.1204
    },
    "z0u1y1_z0u3y1": {
        "00": 0.1254,
        "10": 0.1255,
        "11": 0.1269,
        "01": 0.1281
    },
    "z0u2y1_z0u3y0": {
        "10": 0.2517,
        "01": 0.2518
    },
    "z0u1y1_z1y1": {
        "00": 0.251,
        "10": 0.2436,
        "11": 0.2531,
        "01": 0.2523
    },
    "z0u2y1_z0u1y0": {
        "00": 0.1276,
        "10": 0.121,
        "11": 0.1294,
        "01": 0.1289
    },
    "z1y1_z0u3y1": {
        "00": 0.12085,
        "10": 0.1203,
        "11": 0.12285,
        "01": 0.13235
    },
    "z1y0_z0u3y1": {
        "00": 0.12085,
        "10": 0.1203,
        "11": 0.12285,
        "01": 0.13235
    },
    "z0u1y0_z1y0": {
        "00": 0.2499,
        "10": 0.2515,
        "11": 0.2456,
        "01": 0.253
    },
    "z0u1y1_z1y0": {},
    "z0u1y1_z0u2y1": {
        "00": 0.1294,
        "10": 0.1341,
        "11": 0.1231,
        "01": 0.1221
    },
    "z0u2y0_z0u1y0": {
        "00": 0.1238,
        "10": 0.125,
        "11": 0.1246,
        "01": 0.1248
    },
    "z0u1y0_z0u2y1": {
        "00": 0.1257,
        "10": 0.1256,
        "11": 0.1173,
        "01": 0.1262
    },
    "z1y1_z0u2y0": {
        "00": 0.12585,
        "10": 0.12325,
        "11": 0.126,
        "01": 0.1225
    },
    "z0u2y0_z0u1y1": {
        "00": 0.1275,
        "10": 0.1223,
        "11": 0.131,
        "01": 0.121
    },
    "z0u1y0_z0u2y0": {
        "00": 0.1247,
        "10": 0.128,
        "11": 0.1245,
        "01": 0.128
    },
    "z1y0_z0u1y1": {
        "00": 0.12805,
        "10": 0.12385,
        "11": 0.1231,
        "01": 0.125
    },
    "z0u3y0_z0u2y1": {
        "00": 0.2522,
        "11": 0.2421
    },
    "z1y0_z1y1": {
        "00": 0.12565,
        "10": 0.12615,
        "11": 0.12675,
        "01": 0.12145
    },
    "z0u1y1_z0u1y0": {},
    "z0u3y1_z0u3y1": {
        "00": 0.12,
        "10": 0.1237,
        "11": 0.1287,
        "01": 0.1269
    },
    "z1y1_z1y0": {
        "00": 0.1264,
        "10": 0.1229,
        "11": 0.12525,
        "01": 0.12545
    },
    "z0u3y1_z0u1y0": {
        "00": 0.1247,
        "10": 0.1288,
        "11": 0.1223,
        "01": 0.1236
    },
    "z1y1_z0u1y1": {
        "00": 0.12805,
        "10": 0.12385,
        "11": 0.1231,
        "01": 0.125
    },
    "z1y0_z1y0": {
        "00": 0.1264,
        "10": 0.1229,
        "11": 0.12525,
        "01": 0.12545
    },
    "z0u2y1_z1y1": {
        "00": 0.1257,
        "10": 0.1217,
        "11": 0.1221,
        "01": 0.1229
    },
    "z0u1y1_z0u1y1": {
        "00": 0.2531,
        "10": 0.2457,
        "11": 0.2502,
        "01": 0.251
    },
    "z0u2y1_z0u1y1": {
        "00": 0.1287,
        "10": 0.1221,
        "11": 0.1229,
        "01": 0.1194
    },
    "z0u3y1_z0u2y0": {
        "00": 0.2504,
        "11": 0.2512
    },
    "z1y1_z1y1": {
        "00": 0.12565,
        "10": 0.12615,
        "11": 0.12675,
        "01": 0.12145
    },
    "z0u3y0_z0u1y0": {
        "00": 0.1255,
        "10": 0.1278,
        "11": 0.1278,
        "01": 0.1234
    },
    "z0u2y0_z0u3y1": {
        "10": 0.2453,
        "01": 0.2514
    },
    "z0u3y0_z0u3y1": {
        "00": 0.1246,
        "10": 0.1303,
        "11": 0.1244,
        "01": 0.1227
    },
    "z0u3y0_z1y1": {
        "00": 0.1225,
        "10": 0.1247,
        "11": 0.1182,
        "01": 0.1306
    },
    "z1y0_z0u2y0": {
        "00": 0.12585,
        "10": 0.12325,
        "11": 0.126,
        "01": 0.1225
    },
    "z1y0_z0u2y1": {
        "00": 0.12515,
        "10": 0.12585,
        "11": 0.12465,
        "01": 0.12675
    },
    "z0u1y1_z0u2y0": {
        "00": 0.1235,
        "10": 0.1213,
        "11": 0.1236,
        "01": 0.1229
    },
    "z0u3y0_z0u1y1": {
        "00": 0.1233,
        "10": 0.1273,
        "11": 0.1246,
        "01": 0.1203
    },
    "z0u2y0_z1y0": {
        "00": 0.119,
        "10": 0.1288,
        "11": 0.1256,
        "01": 0.1239
    },
    "z0u3y1_z1y1": {
        "00": 0.1257,
        "10": 0.1208,
        "11": 0.1239,
        "01": 0.1247
    },
    "z0u1y0_z0u3y1": {
        "00": 0.13,
        "10": 0.1295,
        "11": 0.1246,
        "01": 0.127
    },
    "z0u2y1_z0u2y0": {
        "00": 0.1291,
        "10": 0.1257,
        "11": 0.1244,
        "01": 0.1284
    },
    "z0u2y1_z0u2y1": {
        "00": 0.122,
        "10": 0.1242,
        "11": 0.1252,
        "01": 0.121
    },
    "z0u1y0_z0u1y0": {
        "00": 0.2531,
        "10": 0.2509,
        "11": 0.2483,
        "01": 0.2477
    },
    "z0u2y0_z0u2y1": {
        "00": 0.1228,
        "10": 0.1222,
        "11": 0.129,
        "01": 0.1265
    },
    "z0u3y1_z1y0": {
        "00": 0.1223,
        "10": 0.1269,
        "11": 0.1234,
        "01": 0.1323
    },
    "z0u2y1_z1y0": {
        "00": 0.1289,
        "10": 0.1269,
        "11": 0.1268,
        "01": 0.125
    },
    "z1y1_z0u3y0": {
        "00": 0.1245,
        "10": 0.126,
        "11": 0.12805,
        "01": 0.1251
    },
    "z1y0_z0u3y0": {
        "00": 0.1245,
        "10": 0.126,
        "11": 0.12805,
        "01": 0.1251
    },
    "z1y1_z0u1y0": {
        "00": 0.128,
        "10": 0.1216,
        "11": 0.12685,
        "01": 0.12355
    },
    "z0u3y0_z0u2y0": {
        "10": 0.2581,
        "01": 0.2476
    },
    "z0u1y0_z1y1": {},
    "z0u1y0_z0u3y0": {
        "00": 0.1241,
        "10": 0.1206,
        "11": 0.1219,
        "01": 0.1223
    }
}
