{
    "z0u3y1_z0u1y1": {
        "11": 0.251,
        "01": 0.2504
    },
    "z0u2y0_z0u2y0": {
        "00": 0.1248,
        "10": 0.1288,
        "11": 0.1198,
        "01": 0.124
    },
    "z1y1_z0u2y1": {
        "00": 0.1269,
        "10": 0.12415,
        "11": 0.1237,
        "01": 0.12715
    },
    "z0u1y0_z0u1y1": {},
    "z0u3y0_z0u3y0": {
        "00": 0.1213,
        "10": 0.1203,
        "11": 0.1233,
        "01": 0.1256
    },
    "z1y0_z0u1y0": {
        "00": 0.2468,
        "10": 0.2532
    },
    "z0u3y0_z1y0": {
        "00": 0.2529,
        "10": 0.2591
    },
    "z0u3y1_z0u3y0": {
        "00": 0.1266,
        "10": 0.1209,
        "11": 0.1296,
        "01": 0.1239
    },
    "z0u2y0_z1y1": {
        "11": 0.2537,
        "01": 0.2492
    },
    "z0u2y1_z0u3y1": {
        "00": 0.1246,
        "10": 0.118,
        "11": 0.1295,
        "01": 0.1246
    },
    "z0u3y1_z0u2y1": {
        "00": 0.1252,
        "10": 0.1231,
        "11": 0.1244,
        "01": 0.1279
    },
    "z0u2y0_z0u3y0": {
        "00": 0.1196,
        "10": 0.1222,
        "11": 0.1261,
        "01": 0.1238
    },
    "z0u1y1_z0u3y0": {
        "11": 0.2489,
        "01": 0.2505
    },
    "z0u1y1_z0u3y1": {
        "11": 0.2536,
        "01": 0.247
    },
    "z0u2y1_z0u3y0": {
        "00": 0.1267,
        "10": 0.1325,
        "11": 0.126,
        "01": 0.1181
    },
    "z0u1y1_z1y1": {
        "11": 0.5016,
        "01": 0.4984
    },
    "z0u2y1_z0u1y0": {
        "00": 0.2468,
        "10": 0.2502
    },
    "z1y1_z0u3y1": {
        "00": 0.1248,
        "10": 0.1234,
        "11": 0.1239,
        "01": 0.12245
    },
    "z1y0_z0u3y1": {
        "00": 0.1248,
        "10": 0.1234,
        "11": 0.1239,
        "01": 0.12245
    },
    "z0u1y0_z1y0": {
        "00": 0.5034,
        "10": 0.4966
    },
    "z0u1y1_z1y0": {},
    "z0u1y1_z0u2y1": {
        "11": 0.2476,
        "01": 0.2497
    },
    "z0u2y0_z0u1y0": {
        "00": 0.2525,
        "10": 0.2501
    },
    "z0u1y0_z0u2y1": {
        "00": 0.2483,
        "10": 0.2549
    },
    "z1y1_z0u2y0": {
        "00": 0.12545,
        "10": 0.1235,
        "11": 0.12355,
        "01": 0.1256
    },
    "z0u2y0_z0u1y1": {
        "11": 0.2475,
        "01": 0.2499
    },
    "z0u1y0_z0u2y0": {
        "00": 0.2449,
        "10": 0.2519
    },
    "z1y0_z0u1y1": {
        "11": 0.2494,
        "01": 0.2506
    },
    "z0u3y0_z0u2y1": {
        "00": 0.1248,
        "10": 0.1259,
        "11": 0.1277,
        "01": 0.1267
    },
    "z1y0_z1y1": {
        "11": 0.2522,
        "01": 0.2478
    },
    "z0u1y1_z0u1y0": {},
    "z0u3y1_z0u3y1": {
        "00": 0.1293,
        "10": 0.1258,
        "11": 0.1222,
        "01": 0.1217
    },
    "z1y1_z1y0": {
        "00": 0.2509,
        "10": 0.2491
    },
    "z0u3y1_z0u1y0": {
        "00": 0.2505,
        "10": 0.2481
    },
    "z1y1_z0u1y1": {
        "11": 0.2494,
        "01": 0.2506
    },
    "z1y0_z1y0": {
        "00": 0.2509,
        "10": 0.2491
    },
    "z0u2y1_z1y1": {
        "11": 0.2449,
        "01": 0.2513
    },
    "z0u1y1_z0u1y1": {
        "11": 0.4971,
        "01": 0.5029
    },
    "z0u2y1_z0u1y1": {
        "11": 0.2545,
        "01": 0.2485
    },
    "z0u3y1_z0u2y0": {
        "00": 0.1271,
        "10": 0.1185,
        "11": 0.1299,
        "01": 0.1239
    },
    "z1y1_z1y1": {
        "11": 0.2522,
        "01": 0.2478
    },
    "z0u3y0_z0u1y0": {
        "00": 0.2491,
        "10": 0.2425
    },
    "z0u2y0_z0u3y1": {
        "00": 0.1265,
        "10": 0.1208,
        "11": 0.13,
        "01": 0.131
    },
    "z0u3y0_z0u3y1": {
        "00": 0.1254,
        "10": 0.1267,
        "11": 0.1313,
        "01": 0.1261
    },
    "z0u3y0_z1y1": {
        "11": 0.2458,
        "01": 0.2422
    },
    "z1y0_z0u2y0": {
        "00": 0.12545,
        "10": 0.1235,
        "11": 0.12355,
        "01": 0.1256
    },
    "z1y0_z0u2y1": {
        "00": 0.1269,
        "10": 0.12415,
        "11": 0.1237,
        "01": 0.12715
    },
    "z0u1y1_z0u2y0": {
        "11": 0.2578,
        "01": 0.2449
    },
    "z0u3y0_z0u1y1": {
        "11": 0.2544,
        "01": 0.254
    },
    "z0u2y0_z1y0": {
        "00": 0.2484,
        "10": 0.2487
    },
    "z0u3y1_z1y1": {
        "11": 0.2507,
        "01": 0.2425
    },
    "z0u1y0_z0u3y1": {
        "00": 0.2545,
        "10": 0.2483
    },
    "z0u2y1_z0u2y0": {
        "00": 0.13,
        "10": 0.1277,
        "11": 0.1247,
        "01": 0.1259
    },
    "z0u2y1_z0u2y1": {
        "00": 0.127,
        "10": 0.1208,
        "11": 0.1205,
        "01": 0.1234
    },
    "z0u1y0_z0u1y0": {
        "00": 0.5025,
        "10": 0.4975
    },
    "z0u2y0_z0u2y1": {
        "00": 0.1244,
        "10": 0.1289,
        "11": 0.1177,
        "01": 0.1316
    },
    "z0u3y1_z1y0": {
        "00": 0.2599,
        "10": 0.2469
    },
    "z0u2y1_z1y0": {
        "00": 0.25,
        "10": 0.2538
    },
    "z1y1_z0u3y0": {
        "00": 0.12675,
        "10": 0.12505,
        "11": 0.1263,
        "01": 0.12735
    },
    "z1y0_z0u3y0": {
        "00": 0.12675,
        "10": 0.12505,
        "11": 0.1263,
        "01": 0.12735
    },
    "z1y1_z0u1y0": {
        "00": 0.2468,
        "10": 0.2532
    },
    "z0u3y0_z0u2y0": {
        "00": 0.1211,
        "10": 0.1251,
        "11": 0.1271,
        "01": 0.1216
    },
    "z0u1y0_z1y1": {},
    "z0u1y0_z0u3y0": {
        "00": 0.2516,
        "10": 0.2456
    }
}
