{
    "z0u3y1_z0u1y1": {
        "00": 0.12,
        "10": 0.1258,
        "11": 0.1295,
        "01": 0.1245
    },
    "z0u2y0_z0u2y0": {
        "00": 0.1247,
        "10": 0.1293,
        "11": 0.122,
        "01": 0.1236
    },
    "z1y1_z0u2y1": {
        "00": 0.12975,
        "10": 0.12245,
        "11": 0.12545,
        "01": 0.1221
    },
    "z0u1y0_z0u1y1": {},
    "z0u3y0_z0u3y0": {
        "00": 0.1184,
        "10": 0.1263,
        "11": 0.1241,
        "01": 0.1259
    },
    "z1y0_z0u1y0": {
        "00": 0.12765,
        "10": 0.1265,
        "11": 0.12595,
        "01": 0.1199
    },
    "z0u3y0_z1y0": {
        "00": 0.1316,
        "10": 0.1217,
        "11": 0.1249,
        "01": 0.1284
    },
    "z0u3y1_z0u3y0": {
        "00": 0.122,
        "10": 0.1215,
        "11": 0.1247,
        "01": 0.1334
    },
    "z0u2y0_z1y1": {
        "00": 0.1244,
        "10": 0.1217,
        "11": 0.1194,
        "01": 0.1215
    },
    "z0u2y1_z0u3y1": {
        "00": 0.253,
        "11": 0.2538
    },
    "z0u3y1_z0u2y1": {
        "10": 0.2464,
        "01": 0.2508
    },
    "z0u2y0_z0u3y0": {
        "00": 0.2469,
        "11": 0.2494
    },
    "z0u1y1_z0u3y0": {
        "00": 0.1257,
        "10": 0.1265,
        "11": 0.1313,
        "01": 0.1245
    },
    "z0u1y1_z0u3y1": {
        "00": 0.1211,
        "10": 0.1212,
        "11": 0.1255,
        "01": 0.1242
    },
    "z0u2y1_z0u3y0": {
        "10": 0.2452,
        "01": 0.248
    },
    "z0u1y1_z1y1": {
        "00": 0.2438,
        "10": 0.2486,
        "11": 0.2575,
        "01": 0.2501
    },
    "z0u2y1_z0u1y0": {
        "00": 0.1231,
        "10": 0.1185,
        "11": 0.1243,
        "01": 0.1256
    },
    "z1y1_z0u3y1": {
        "00": 0.1262,
        "10": 0.1245,
        "11": 0.1247,
        "01": 0.12425
    },
    "z1y0_z0u3y1": {
        "00": 0.1262,
        "10": 0.1245,
        "11": 0.1247,
        "01": 0.12425
    },
    "z0u1y0_z1y0": {
        "00": 0.2523,
        "10": 0.2472,
        "11": 0.2529,
        "01": 0.2476
    },
    "z0u1y1_z1y0": {},
    "z0u1y1_z0u2y1": {
        "00": 0.1261,
        "10": 0.1326,
        "11": 0.1248,
        "01": 0.1172
    },
    "z0u2y0_z0u1y0": {
        "00": 0.1289,
        "10": 0.1235,
        "11": 0.1189,
        "01": 0.1252
    },
    "z0u1y0_z0u2y1": {
        "00": 0.1284,
        "10": 0.1255,
        "11": 0.1221,
        "01": 0.126
    },
    "z1y1_z0u2y0": {
        "00": 0.12385,
        "10": 0.12275,
        "11": 0.1263,
        "01": 0.12735
    },
    "z0u2y0_z0u1y1": {
        "00": 0.1239,
        "10": 0.1249,
        "11": 0.1279,
        "01": 0.1268
    },
    "z0u1y0_z0u2y0": {
        "00": 0.1201,
        "10": 0.1285,
        "11": 0.119,
        "01": 0.1304
    },
    "z1y0_z0u1y1": {
        "00": 0.1254,
        "10": 0.12215,
        "11": 0.1285,
        "01": 0.12395
    },
    "z0u3y0_z0u2y1": {
        "00": 0.2507,
        "11": 0.2483
    },
    "z1y0_z1y1": {
        "00": 0.12535,
        "10": 0.12415,
        "11": 0.1247,
        "01": 0.1258
    },
    "z0u1y1_z0u1y0": {},
    "z0u3y1_z0u3y1": {
        "00": 0.1231,
        "10": 0.1255,
        "11": 0.127,
        "01": 0.1228
    },
    "z1y1_z1y0": {
        "00": 0.1242,
        "10": 0.1282,
        "11": 0.12475,
        "01": 0.12285
    },
    "z0u3y1_z0u1y0": {
        "00": 0.1316,
        "10": 0.1227,
        "11": 0.1176,
        "01": 0.1283
    },
    "z1y1_z0u1y1": {
        "00": 0.1254,
        "10": 0.12215,
        "11": 0.1285,
        "01": 0.12395
    },
    "z1y0_z1y0": {
        "00": 0.1242,
        "10": 0.1282,
        "11": 0.12475,
        "01": 0.12285
    },
    "z0u2y1_z1y1": {
        "00": 0.1274,
        "10": 0.1225,
        "11": 0.129,
        "01": 0.1214
    },
    "z0u1y1_z0u1y1": {
        "00": 0.2556,
        "10": 0.2524,
        "11": 0.2412,
        "01": 0.2508
    },
    "z0u2y1_z0u1y1": {
        "00": 0.1265,
        "10": 0.1204,
        "11": 0.1308,
        "01": 0.1308
    },
    "z0u3y1_z0u2y0": {
        "00": 0.2463,
        "11": 0.2565
    },
    "z1y1_z1y1": {
        "00": 0.12535,
        "10": 0.12415,
        "11": 0.1247,
        "01": 0.1258
    },
    "z0u3y0_z0u1y0": {
        "00": 0.1307,
        "10": 0.1289,
        "11": 0.1215,
        "01": 0.1232
    },
    "z0u2y0_z0u3y1": {
        "10": 0.2558,
        "01": 0.2479
    },
    "z0u3y0_z0u3y1": {
        "00": 0.1265,
        "10": 0.1296,
        "11": 0.1213,
        "01": 0.1279
    },
    "z0u3y0_z1y1": {
        "00": 0.1217,
        "10": 0.1208,
        "11": 0.1273,
        "01": 0.1236
    },
    "z1y0_z0u2y0": {
        "00": 0.12385,
        "10": 0.12275,
        "11": 0.1263,
        "01": 0.12735
    },
    "z1y0_z0u2y1": {
        "00": 0.12975,
        "10": 0.12245,
        "11": 0.12545,
        "01": 0.1221
    },
    "z0u1y1_z0u2y0": {
        "00": 0.1221,
        "10": 0.1259,
        "11": 0.122,
        "01": 0.1293
    },
    "z0u3y0_z0u1y1": {
        "00": 0.1261,
        "10": 0.121,
        "11": 0.1268,
        "01": 0.1218
    },
    "z0u2y0_z1y0": {
        "00": 0.1221,
        "10": 0.1292,
        "11": 0.1301,
        "01": 0.1316
    },
    "z0u3y1_z1y1": {
        "00": 0.1291,
        "10": 0.124,
        "11": 0.1293,
        "01": 0.1271
    },
    "z0u1y0_z0u3y1": {
        "00": 0.1249,
        "10": 0.1246,
        "11": 0.1199,
        "01": 0.1283
    },
    "z0u2y1_z0u2y0": {
        "00": 0.1302,
        "10": 0.1247,
        "11": 0.1277,
        "01": 0.13
    },
    "z0u2y1_z0u2y1": {
        "00": 0.1195,
        "10": 0.1243,
        "11": 0.1212,
        "01": 0.1224
    },
    "z0u1y0_z0u1y0": {
        "00": 0.2502,
        "10": 0.2467,
        "11": 0.2525,
        "01": 0.2506
    },
    "z0u2y0_z0u2y1": {
        "00": 0.1278,
        "10": 0.1261,
        "11": 0.123,
        "01": 0.1235
    },
    "z0u3y1_z1y0": {
        "00": 0.1203,
        "10": 0.123,
        "11": 0.1268,
        "01": 0.1204
    },
    "z0u2y1_z1y0": {
        "00": 0.1232,
        "10": 0.1216,
        "11": 0.1286,
        "01": 0.1263
    },
    "z1y1_z0u3y0": {
        "00": 0.12575,
        "10": 0.12345,
        "11": 0.12485,
        "01": 0.1263
    },
    "z1y0_z0u3y0": {
        "00": 0.12575,
        "10": 0.12345,
        "11": 0.12485,
        "01": 0.1263
    },
    "z1y1_z0u1y0": {
        "00": 0.12765,
        "10": 0.1265,
        "11": 0.12595,
        "01": 0.1199
    },
    "z0u3y0_z0u2y0": {
        "10": 0.2529,
        "01": 0.2481
    },
    "z0u1y0_z1y1": {},
    "z0u1y0_z0u3y0": {
        "00": 0.1225,
        "10": 0.1228,
        "11": 0.1269,
        "01": 0.1301
    }
}
