{
    "z0u3y1_z0u1y1": {
        "10": 0.2458,
        "11": 0.2464
    },
    "z0u2y0_z0u2y0": {
        "00": 0.1339,
        "10": 0.1246,
        "11": 0.1239,
        "01": 0.1178
    },
    "z1y1_z0u2y1": {
        "00": 0.12135,
        "10": 0.12595,
        "11": 0.12725,
        "01": 0.12445
    },
    "z0u1y0_z0u1y1": {},
    "z0u3y0_z0u3y0": {
        "00": 0.1271,
        "10": 0.1243,
        "11": 0.1272,
        "01": 0.1237
    },
    "z1y0_z0u1y0": {
        "00": 0.25275,
        "01": 0.24725
    },
    "z0u3y0_z1y0": {
        "00": 0.2424,
        "01": 0.257
    },
    "z0u3y1_z0u3y0": {
        "00": 0.1197,
        "10": 0.1277,
        "11": 0.1242,
        "01": 0.1227
    },
    "z0u2y0_z1y1": {
        "10": 0.2468,
        "11": 0.2553
    },
    "z0u2y1_z0u3y1": {
        "00": 0.1257,
        "10": 0.1253,
        "11": 0.1196,
        "01": 0.1212
    },
    "z0u3y1_z0u2y1": {
        "00": 0.1301,
        "10": 0.1262,
        "11": 0.125,
        "01": 0.1202
    },
    "z0u2y0_z0u3y0": {
        "00": 0.1211,
        "10": 0.1276,
        "11": 0.1224,
        "01": 0.127
    },
    "z0u1y1_z0u3y0": {
        "10": 0.2494,
        "11": 0.2452
    },
    "z0u1y1_z0u3y1": {
        "10": 0.2519,
        "11": 0.2535
    },
    "z0u2y1_z0u3y0": {
        "00": 0.1228,
        "10": 0.1298,
        "11": 0.1311,
        "01": 0.1245
    },
    "z0u1y1_z1y1": {
        "10": 0.4984,
        "11": 0.5016
    },
    "z0u2y1_z0u1y0": {
        "00": 0.2505,
        "01": 0.2485
    },
    "z1y1_z0u3y1": {
        "00": 0.1243,
        "10": 0.12335,
        "11": 0.1264,
        "01": 0.12485
    },
    "z1y0_z0u3y1": {
        "00": 0.1243,
        "10": 0.12335,
        "11": 0.1264,
        "01": 0.12485
    },
    "z0u1y0_z1y0": {
        "00": 0.5002,
        "01": 0.4998
    },
    "z0u1y1_z1y0": {},
    "z0u1y1_z0u2y1": {
        "10": 0.2439,
        "11": 0.2506
    },
    "z0u2y0_z0u1y0": {
        "00": 0.241,
        "01": 0.2554
    },
    "z0u1y0_z0u2y1": {
        "00": 0.2566,
        "01": 0.248
    },
    "z1y1_z0u2y0": {
        "00": 0.12745,
        "10": 0.1229,
        "11": 0.1239,
        "01": 0.12675
    },
    "z0u2y0_z0u1y1": {
        "10": 0.252,
        "11": 0.2516
    },
    "z0u1y0_z0u2y0": {
        "00": 0.2464,
        "01": 0.249
    },
    "z1y0_z0u1y1": {
        "10": 0.25375,
        "11": 0.24625
    },
    "z0u3y0_z0u2y1": {
        "00": 0.1301,
        "10": 0.1242,
        "11": 0.1273,
        "01": 0.1212
    },
    "z1y0_z1y1": {
        "10": 0.2516,
        "11": 0.2484
    },
    "z0u1y1_z0u1y0": {},
    "z0u3y1_z0u3y1": {
        "00": 0.1249,
        "10": 0.1252,
        "11": 0.1281,
        "01": 0.1275
    },
    "z1y1_z1y0": {
        "00": 0.2446,
        "01": 0.2554
    },
    "z0u3y1_z0u1y0": {
        "00": 0.2521,
        "01": 0.2557
    },
    "z1y1_z0u1y1": {
        "10": 0.25375,
        "11": 0.24625
    },
    "z1y0_z1y0": {
        "00": 0.2446,
        "01": 0.2554
    },
    "z0u2y1_z1y1": {
        "10": 0.2534,
        "11": 0.2489
    },
    "z0u1y1_z0u1y1": {
        "10": 0.4955,
        "11": 0.5045
    },
    "z0u2y1_z0u1y1": {
        "10": 0.2469,
        "11": 0.2541
    },
    "z0u3y1_z0u2y0": {
        "00": 0.1221,
        "10": 0.1262,
        "11": 0.1226,
        "01": 0.1276
    },
    "z1y1_z1y1": {
        "10": 0.2516,
        "11": 0.2484
    },
    "z0u3y0_z0u1y0": {
        "00": 0.2427,
        "01": 0.2532
    },
    "z0u2y0_z0u3y1": {
        "00": 0.1263,
        "10": 0.1264,
        "11": 0.1292,
        "01": 0.12
    },
    "z0u3y0_z0u3y1": {
        "00": 0.1194,
        "10": 0.1316,
        "11": 0.1205,
        "01": 0.1262
    },
    "z0u3y0_z1y1": {
        "10": 0.2487,
        "11": 0.2519
    },
    "z1y0_z0u2y0": {
        "00": 0.12745,
        "10": 0.1229,
        "11": 0.1239,
        "01": 0.12675
    },
    "z1y0_z0u2y1": {
        "00": 0.12135,
        "10": 0.12595,
        "11": 0.12725,
        "01": 0.12445
    },
    "z0u1y1_z0u2y0": {
        "10": 0.253,
        "11": 0.2525
    },
    "z0u3y0_z0u1y1": {
        "10": 0.2557,
        "11": 0.2484
    },
    "z0u2y0_z1y0": {
        "00": 0.2479,
        "01": 0.25
    },
    "z0u3y1_z1y1": {
        "10": 0.2446,
        "11": 0.2502
    },
    "z0u1y0_z0u3y1": {
        "00": 0.2428,
        "01": 0.255
    },
    "z0u2y1_z0u2y0": {
        "00": 0.1263,
        "10": 0.1174,
        "11": 0.1288,
        "01": 0.125
    },
    "z0u2y1_z0u2y1": {
        "00": 0.1244,
        "10": 0.1311,
        "11": 0.123,
        "01": 0.124
    },
    "z0u1y0_z0u1y0": {
        "00": 0.4928,
        "01": 0.5072
    },
    "z0u2y0_z0u2y1": {
        "00": 0.1219,
        "10": 0.124,
        "11": 0.1311,
        "01": 0.1228
    },
    "z0u3y1_z1y0": {
        "00": 0.2515,
        "01": 0.2537
    },
    "z0u2y1_z1y0": {
        "00": 0.2458,
        "01": 0.2519
    },
    "z1y1_z0u3y0": {
        "00": 0.12595,
        "10": 0.1261,
        "11": 0.12415,
        "01": 0.1249
    },
    "z1y0_z0u3y0": {
        "00": 0.12595,
        "10": 0.1261,
        "11": 0.12415,
        "01": 0.1249
    },
    "z1y1_z0u1y0": {
        "00": 0.25275,
        "01": 0.24725
    },
    "z0u3y0_z0u2y0": {
        "00": 0.1283,
        "10": 0.1251,
        "11": 0.1214,
        "01": 0.1224
    },
    "z0u1y0_z1y1": {},
    "z0u1y0_z0u3y0": {
        "00": 0.2549,
        "01": 0.2473
    }
}
