{
    "z0u3y1_z0u1y1": {
        "11": 0.2522,
        "01": 0.2481
    },
    "z0u2y0_z0u2y0": {
        "00": 0.123,
        "10": 0.1261,
        "11": 0.1273,
        "01": 0.1276
    },
    "z1y1_z0u2y1": {
        "00": 0.1261,
        "10": 0.12405,
        "11": 0.1215,
        "01": 0.1269
    },
    "z0u1y0_z0u1y1": {},
    "z0u3y0_z0u3y0": {
        "00": 0.1241,
        "10": 0.1237,
        "11": 0.1231,
        "01": 0.1208
    },
    "z1y0_z0u1y0": {
        "00": 0.24615,
        "10": 0.25385
    },
    "z0u3y0_z1y0": {
        "00": 0.2486,
        "10": 0.2503
    },
    "z0u3y1_z0u3y0": {
        "00": 0.1273,
        "10": 0.1238,
        "11": 0.1282,
        "01": 0.1268
    },
    "z0u2y0_z1y1": {
        "11": 0.2505,
        "01": 0.249
    },
    "z0u2y1_z0u3y1": {
        "00": 0.1279,
        "10": 0.1214,
        "11": 0.1259,
        "01": 0.1278
    },
    "z0u3y1_z0u2y1": {
        "00": 0.127,
        "10": 0.1198,
        "11": 0.1278,
        "01": 0.1233
    },
    "z0u2y0_z0u3y0": {
        "00": 0.1208,
        "10": 0.1169,
        "11": 0.1237,
        "01": 0.1269
    },
    "z0u1y1_z0u3y0": {
        "11": 0.2529,
        "01": 0.2522
    },
    "z0u1y1_z0u3y1": {
        "11": 0.2448,
        "01": 0.2501
    },
    "z0u2y1_z0u3y0": {
        "00": 0.1244,
        "10": 0.1236,
        "11": 0.1243,
        "01": 0.1247
    },
    "z0u1y1_z1y1": {
        "11": 0.5015,
        "01": 0.4985
    },
    "z0u2y1_z0u1y0": {
        "00": 0.2537,
        "10": 0.2534
    },
    "z1y1_z0u3y1": {
        "00": 0.1246,
        "10": 0.1262,
        "11": 0.1278,
        "01": 0.1262
    },
    "z1y0_z0u3y1": {
        "00": 0.1246,
        "10": 0.1262,
        "11": 0.1278,
        "01": 0.1262
    },
    "z0u1y0_z1y0": {
        "00": 0.4972,
        "10": 0.5028
    },
    "z0u1y1_z1y0": {},
    "z0u1y1_z0u2y1": {
        "11": 0.2517,
        "01": 0.252
    },
    "z0u2y0_z0u1y0": {
        "00": 0.253,
        "10": 0.2562
    },
    "z0u1y0_z0u2y1": {
        "00": 0.2492,
        "10": 0.2426
    },
    "z1y1_z0u2y0": {
        "00": 0.121,
        "10": 0.12885,
        "11": 0.12555,
        "01": 0.12605
    },
    "z0u2y0_z0u1y1": {
        "11": 0.2478,
        "01": 0.243
    },
    "z0u1y0_z0u2y0": {
        "00": 0.2561,
        "10": 0.2521
    },
    "z1y0_z0u1y1": {
        "11": 0.2498,
        "01": 0.2502
    },
    "z0u3y0_z0u2y1": {
        "00": 0.1256,
        "10": 0.1255,
        "11": 0.1239,
        "01": 0.1224
    },
    "z1y0_z1y1": {
        "11": 0.2527,
        "01": 0.2473
    },
    "z0u1y1_z0u1y0": {},
    "z0u3y1_z0u3y1": {
        "00": 0.1252,
        "10": 0.1236,
        "11": 0.1213,
        "01": 0.1238
    },
    "z1y1_z1y0": {
        "00": 0.24875,
        "10": 0.25125
    },
    "z0u3y1_z0u1y0": {
        "00": 0.2464,
        "10": 0.2533
    },
    "z1y1_z0u1y1": {
        "11": 0.2498,
        "01": 0.2502
    },
    "z1y0_z1y0": {
        "00": 0.24875,
        "10": 0.25125
    },
    "z0u2y1_z1y1": {
        "11": 0.2499,
        "01": 0.2554
    },
    "z0u1y1_z0u1y1": {
        "11": 0.5006,
        "01": 0.4994
    },
    "z0u2y1_z0u1y1": {
        "11": 0.2496,
        "01": 0.2433
    },
    "z0u3y1_z0u2y0": {
        "00": 0.1275,
        "10": 0.1239,
        "11": 0.1289,
        "01": 0.1218
    },
    "z1y1_z1y1": {
        "11": 0.2527,
        "01": 0.2473
    },
    "z0u3y0_z0u1y0": {
        "00": 0.2422,
        "10": 0.2518
    },
    "z0u2y0_z0u3y1": {
        "00": 0.1322,
        "10": 0.1295,
        "11": 0.1296,
        "01": 0.1204
    },
    "z0u3y0_z0u3y1": {
        "00": 0.1272,
        "10": 0.1315,
        "11": 0.1266,
        "01": 0.123
    },
    "z0u3y0_z1y1": {
        "11": 0.2473,
        "01": 0.2538
    },
    "z1y0_z0u2y0": {
        "00": 0.121,
        "10": 0.12885,
        "11": 0.12555,
        "01": 0.12605
    },
    "z1y0_z0u2y1": {
        "00": 0.1261,
        "10": 0.12405,
        "11": 0.1215,
        "01": 0.1269
    },
    "z0u1y1_z0u2y0": {
        "11": 0.2489,
        "01": 0.2474
    },
    "z0u3y0_z0u1y1": {
        "11": 0.2535,
        "01": 0.2525
    },
    "z0u2y0_z1y0": {
        "00": 0.2437,
        "10": 0.2568
    },
    "z0u3y1_z1y1": {
        "11": 0.2468,
        "01": 0.2506
    },
    "z0u1y0_z0u3y1": {
        "00": 0.2477,
        "10": 0.2552
    },
    "z0u2y1_z0u2y0": {
        "00": 0.1246,
        "10": 0.129,
        "11": 0.126,
        "01": 0.1267
    },
    "z0u2y1_z0u2y1": {
        "00": 0.1284,
        "10": 0.1215,
        "11": 0.1255,
        "01": 0.1183
    },
    "z0u1y0_z0u1y0": {
        "00": 0.501,
        "10": 0.499
    },
    "z0u2y0_z0u2y1": {
        "00": 0.1246,
        "10": 0.1239,
        "11": 0.1226,
        "01": 0.1249
    },
    "z0u3y1_z1y0": {
        "00": 0.2525,
        "10": 0.2501
    },
    "z0u2y1_z1y0": {
        "00": 0.2465,
        "10": 0.2482
    },
    "z1y1_z0u3y0": {
        "00": 0.124,
        "10": 0.1252,
        "11": 0.12525,
        "01": 0.12075
    },
    "z1y0_z0u3y0": {
        "00": 0.124,
        "10": 0.1252,
        "11": 0.12525,
        "01": 0.12075
    },
    "z1y1_z0u1y0": {
        "00": 0.24615,
        "10": 0.25385
    },
    "z0u3y0_z0u2y0": {
        "00": 0.1279,
        "10": 0.1231,
        "11": 0.1258,
        "01": 0.1258
    },
    "z0u1y0_z1y1": {},
    "z0u1y0_z0u3y0": {
        "00": 0.252,
        "10": 0.2451
    }
}
