{
    "z0u3y1_z0u1y1": {
        "00": 0.1232,
        "10": 0.1272,
        "11": 0.1255,
        "01": 0.1273
    },
    "z0u2y0_z0u2y0": {
        "00": 0.2536,
        "11": 0.2481
    },
    "z1y1_z0u2y1": {
        "00": 0.1273,
        "10": 0.1215,
        "11": 0.125,
        "01": 0.1288
    },
    "z0u1y0_z0u1y1": {},
    "z0u3y0_z0u3y0": {
        "00": 0.2441,
        "11": 0.2572
    },
    "z1y0_z0u1y0": {
        "00": 0.12415,
        "10": 0.12625,
        "11": 0.1221,
        "01": 0.1275
    },
    "z0u3y0_z1y0": {
        "00": 0.1243,
        "10": 0.1315,
        "11": 0.1233,
        "01": 0.1218
    },
    "z0u3y1_z0u3y0": {
        "10": 0.2542,
        "01": 0.2475
    },
    "z0u2y0_z1y1": {
        "00": 0.1178,
        "10": 0.1317,
        "11": 0.1289,
        "01": 0.1256
    },
    "z0u2y1_z0u3y1": {
        "00": 0.118,
        "10": 0.1321,
        "11": 0.1197,
        "01": 0.125
    },
    "z0u3y1_z0u2y1": {
        "00": 0.1255,
        "10": 0.1219,
        "11": 0.1273,
        "01": 0.1255
    },
    "z0u2y0_z0u3y0": {
        "00": 0.1216,
        "10": 0.123,
        "11": 0.1248,
        "01": 0.1182
    },
    "z0u1y1_z0u3y0": {
        "00": 0.1229,
        "10": 0.1268,
        "11": 0.125,
        "01": 0.1331
    },
    "z0u1y1_z0u3y1": {
        "00": 0.1256,
        "10": 0.1221,
        "11": 0.1206,
        "01": 0.1239
    },
    "z0u2y1_z0u3y0": {
        "00": 0.126,
        "10": 0.1273,
        "11": 0.1248,
        "01": 0.1271
    },
    "z0u1y1_z1y1": {
        "00": 0.2506,
        "10": 0.2494,
        "11": 0.244,
        "01": 0.256
    },
    "z0u2y1_z0u1y0": {
        "00": 0.1237,
        "10": 0.1275,
        "11": 0.1232,
        "01": 0.1315
    },
    "z1y1_z0u3y1": {
        "00": 0.12915,
        "10": 0.1242,
        "11": 0.122,
        "01": 0.1258
    },
    "z1y0_z0u3y1": {
        "00": 0.12915,
        "10": 0.1242,
        "11": 0.122,
        "01": 0.1258
    },
    "z0u1y0_z1y0": {
        "00": 0.2498,
        "10": 0.247,
        "11": 0.2532,
        "01": 0.25
    },
    "z0u1y1_z1y0": {},
    "z0u1y1_z0u2y1": {
        "00": 0.1237,
        "10": 0.1271,
        "11": 0.1265,
        "01": 0.121
    },
    "z0u2y0_z0u1y0": {
        "00": 0.1215,
        "10": 0.1241,
        "11": 0.1265,
        "01": 0.1241
    },
    "z0u1y0_z0u2y1": {
        "00": 0.1257,
        "10": 0.1279,
        "11": 0.1233,
        "01": 0.1285
    },
    "z1y1_z0u2y0": {
        "00": 0.12415,
        "10": 0.12245,
        "11": 0.1251,
        "01": 0.1257
    },
    "z0u2y0_z0u1y1": {
        "00": 0.1214,
        "10": 0.1243,
        "11": 0.1299,
        "01": 0.1282
    },
    "z0u1y0_z0u2y0": {
        "00": 0.1246,
        "10": 0.1241,
        "11": 0.1193,
        "01": 0.1266
    },
    "z1y0_z0u1y1": {
        "00": 0.1248,
        "10": 0.1269,
        "11": 0.1209,
        "01": 0.1274
    },
    "z0u3y0_z0u2y1": {
        "00": 0.1217,
        "10": 0.1259,
        "11": 0.1276,
        "01": 0.1216
    },
    "z1y0_z1y1": {
        "00": 0.12425,
        "10": 0.1189,
        "11": 0.12905,
        "01": 0.1278
    },
    "z0u1y1_z0u1y0": {},
    "z0u3y1_z0u3y1": {
        "00": 0.2474,
        "11": 0.2509
    },
    "z1y1_z1y0": {
        "00": 0.1275,
        "10": 0.12065,
        "11": 0.12705,
        "01": 0.1248
    },
    "z0u3y1_z0u1y0": {
        "00": 0.1273,
        "10": 0.1194,
        "11": 0.1236,
        "01": 0.1265
    },
    "z1y1_z0u1y1": {
        "00": 0.1248,
        "10": 0.1269,
        "11": 0.1209,
        "01": 0.1274
    },
    "z1y0_z1y0": {
        "00": 0.1275,
        "10": 0.12065,
        "11": 0.12705,
        "01": 0.1248
    },
    "z0u2y1_z1y1": {
        "00": 0.1258,
        "10": 0.1247,
        "11": 0.1253,
        "01": 0.1242
    },
    "z0u1y1_z0u1y1": {
        "00": 0.2558,
        "10": 0.2481,
        "11": 0.2477,
        "01": 0.2484
    },
    "z0u2y1_z0u1y1": {
        "00": 0.1266,
        "10": 0.1269,
        "11": 0.1185,
        "01": 0.1221
    },
    "z0u3y1_z0u2y0": {
        "00": 0.1219,
        "10": 0.1273,
        "11": 0.1251,
        "01": 0.1255
    },
    "z1y1_z1y1": {
        "00": 0.12425,
        "10": 0.1189,
        "11": 0.12905,
        "01": 0.1278
    },
    "z0u3y0_z0u1y0": {
        "00": 0.1232,
        "10": 0.1301,
        "11": 0.1253,
        "01": 0.1309
    },
    "z0u2y0_z0u3y1": {
        "00": 0.1284,
        "10": 0.13,
        "11": 0.1282,
        "01": 0.1258
    },
    "z0u3y0_z0u3y1": {
        "10": 0.2446,
        "01": 0.2541
    },
    "z0u3y0_z1y1": {
        "00": 0.1257,
        "10": 0.1282,
        "11": 0.124,
        "01": 0.1212
    },
    "z1y0_z0u2y0": {
        "00": 0.12415,
        "10": 0.12245,
        "11": 0.1251,
        "01": 0.1257
    },
    "z1y0_z0u2y1": {
        "00": 0.1273,
        "10": 0.1215,
        "11": 0.125,
        "01": 0.1288
    },
    "z0u1y1_z0u2y0": {
        "00": 0.1275,
        "10": 0.1277,
        "11": 0.1231,
        "01": 0.1234
    },
    "z0u3y0_z0u1y1": {
        "00": 0.1189,
        "10": 0.1209,
        "11": 0.1255,
        "01": 0.1252
    },
    "z0u2y0_z1y0": {
        "00": 0.1262,
        "10": 0.1237,
        "11": 0.1215,
        "01": 0.1246
    },
    "z0u3y1_z1y1": {
        "00": 0.1259,
        "10": 0.1269,
        "11": 0.1214,
        "01": 0.1219
    },
    "z0u1y0_z0u3y1": {
        "00": 0.1236,
        "10": 0.1212,
        "11": 0.128,
        "01": 0.1234
    },
    "z0u2y1_z0u2y0": {
        "10": 0.2471,
        "01": 0.2449
    },
    "z0u2y1_z0u2y1": {
        "00": 0.2554,
        "11": 0.2526
    },
    "z0u1y0_z0u1y0": {
        "00": 0.2555,
        "10": 0.2455,
        "11": 0.2486,
        "01": 0.2504
    },
    "z0u2y0_z0u2y1": {
        "10": 0.2455,
        "01": 0.2528
    },
    "z0u3y1_z1y0": {
        "00": 0.1272,
        "10": 0.1231,
        "11": 0.1251,
        "01": 0.1285
    },
    "z0u2y1_z1y0": {
        "00": 0.1288,
        "10": 0.1218,
        "11": 0.1239,
        "01": 0.1255
    },
    "z1y1_z0u3y0": {
        "00": 0.12195,
        "10": 0.1269,
        "11": 0.1252,
        "01": 0.1248
    },
    "z1y0_z0u3y0": {
        "00": 0.12195,
        "10": 0.1269,
        "11": 0.1252,
        "01": 0.1248
    },
    "z1y1_z0u1y0": {
        "00": 0.12415,
        "10": 0.12625,
        "11": 0.1221,
        "01": 0.1275
    },
    "z0u3y0_z0u2y0": {
        "00": 0.1204,
        "10": 0.1296,
        "11": 0.1235,
        "01": 0.1297
    },
    "z0u1y0_z1y1": {},
    "z0u1y0_z0u3y0": {
        "00": 0.1293,
        "10": 0.1251,
        "11": 0.1258,
        "01": 0.1236
    }
}
