{
    "z0u3y1_z0u1y1": {
        "00": 0.1267,
        "10": 0.1195,
        "11": 0.1262,
        "01": 0.1306
    },
    "z0u2y0_z0u2y0": {
        "00": 0.121,
        "10": 0.1252,
        "11": 0.1252,
        "01": 0.1223
    },
    "z1y1_z0u2y1": {
        "00": 0.124,
        "10": 0.1272,
        "11": 0.1252,
        "01": 0.12135
    },
    "z0u1y0_z0u1y1": {},
    "z0u3y0_z0u3y0": {
        "00": 0.128,
        "10": 0.1287,
        "11": 0.1281,
        "01": 0.1239
    },
    "z1y0_z0u1y0": {
        "00": 0.1239,
        "10": 0.1238,
        "11": 0.12715,
        "01": 0.12515
    },
    "z0u3y0_z1y0": {
        "00": 0.1248,
        "10": 0.1188,
        "11": 0.1277,
        "01": 0.1227
    },
    "z0u3y1_z0u3y0": {
        "00": 0.1258,
        "10": 0.1265,
        "11": 0.1224,
        "01": 0.1233
    },
    "z0u2y0_z1y1": {
        "00": 0.1274,
        "10": 0.1273,
        "11": 0.1289,
        "01": 0.1241
    },
    "z0u2y1_z0u3y1": {
        "00": 0.2504,
        "11": 0.2473
    },
    "z0u3y1_z0u2y1": {
        "10": 0.249,
        "01": 0.2523
    },
    "z0u2y0_z0u3y0": {
        "00": 0.252,
        "11": 0.2468
    },
    "z0u1y1_z0u3y0": {
        "00": 0.116,
        "10": 0.1286,
        "11": 0.1207,
        "01": 0.1285
    },
    "z0u1y1_z0u3y1": {
        "00": 0.1213,
        "10": 0.1316,
        "11": 0.1252,
        "01": 0.1281
    },
    "z0u2y1_z0u3y0": {
        "10": 0.2558,
        "01": 0.2465
    },
    "z0u1y1_z1y1": {
        "00": 0.258,
        "10": 0.2436,
        "11": 0.2494,
        "01": 0.249
    },
    "z0u2y1_z0u1y0": {
        "00": 0.1172,
        "10": 0.1272,
        "11": 0.1248,
        "01": 0.132
    },
    "z1y1_z0u3y1": {
        "00": 0.12715,
        "10": 0.1246,
        "11": 0.1215,
        "01": 0.12455
    },
    "z1y0_z0u3y1": {
        "00": 0.12715,
        "10": 0.1246,
        "11": 0.1215,
        "01": 0.12455
    },
    "z0u1y0_z1y0": {
        "00": 0.2522,
        "10": 0.2531,
        "11": 0.249,
        "01": 0.2457
    },
    "z0u1y1_z1y0": {},
    "z0u1y1_z0u2y1": {
        "00": 0.1225,
        "10": 0.1208,
        "11": 0.1299,
        "01": 0.123
    },
    "z0u2y0_z0u1y0": {
        "00": 0.1242,
        "10": 0.126,
        "11": 0.1279,
        "01": 0.1308
    },
    "z0u1y0_z0u2y1": {
        "00": 0.1247,
        "10": 0.122,
        "11": 0.1218,
        "01": 0.1302
    },
    "z1y1_z0u2y0": {
        "00": 0.122,
        "10": 0.12755,
        "11": 0.126,
        "01": 0.1267
    },
    "z0u2y0_z0u1y1": {
        "00": 0.1252,
        "10": 0.1296,
        "11": 0.12,
        "01": 0.1163
    },
    "z0u1y0_z0u2y0": {
        "00": 0.1277,
        "10": 0.1238,
        "11": 0.13,
        "01": 0.1198
    },
    "z1y0_z0u1y1": {
        "00": 0.1236,
        "10": 0.12705,
        "11": 0.12745,
        "01": 0.1219
    },
    "z0u3y0_z0u2y1": {
        "00": 0.2467,
        "11": 0.2498
    },
    "z1y0_z1y1": {
        "00": 0.1242,
        "10": 0.1231,
        "11": 0.12345,
        "01": 0.12925
    },
    "z0u1y1_z0u1y0": {},
    "z0u3y1_z0u3y1": {
        "00": 0.1216,
        "10": 0.1264,
        "11": 0.1257,
        "01": 0.1283
    },
    "z1y1_z1y0": {
        "00": 0.12745,
        "10": 0.12555,
        "11": 0.1229,
        "01": 0.1241
    },
    "z0u3y1_z0u1y0": {
        "00": 0.1228,
        "10": 0.121,
        "11": 0.1286,
        "01": 0.1246
    },
    "z1y1_z0u1y1": {
        "00": 0.1236,
        "10": 0.12705,
        "11": 0.12745,
        "01": 0.1219
    },
    "z1y0_z1y0": {
        "00": 0.12745,
        "10": 0.12555,
        "11": 0.1229,
        "01": 0.1241
    },
    "z0u2y1_z1y1": {
        "00": 0.1194,
        "10": 0.1253,
        "11": 0.1249,
        "01": 0.1273
    },
    "z0u1y1_z0u1y1": {
        "00": 0.2476,
        "10": 0.2499,
        "11": 0.2503,
        "01": 0.2522
    },
    "z0u2y1_z0u1y1": {
        "00": 0.1227,
        "10": 0.1214,
        "11": 0.1292,
        "01": 0.1255
    },
    "z0u3y1_z0u2y0": {
        "00": 0.2468,
        "11": 0.2519
    },
    "z1y1_z1y1": {
        "00": 0.1242,
        "10": 0.1231,
        "11": 0.12345,
        "01": 0.12925
    },
    "z0u3y0_z0u1y0": {
        "00": 0.1257,
        "10": 0.1291,
        "11": 0.1215,
        "01": 0.1265
    },
    "z0u2y0_z0u3y1": {
        "10": 0.256,
        "01": 0.2452
    },
    "z0u3y0_z0u3y1": {
        "00": 0.1187,
        "10": 0.1223,
        "11": 0.1259,
        "01": 0.1244
    },
    "z0u3y0_z1y1": {
        "00": 0.126,
        "10": 0.1273,
        "11": 0.1284,
        "01": 0.1243
    },
    "z1y0_z0u2y0": {
        "00": 0.122,
        "10": 0.12755,
        "11": 0.126,
        "01": 0.1267
    },
    "z1y0_z0u2y1": {
        "00": 0.124,
        "10": 0.1272,
        "11": 0.1252,
        "01": 0.12135
    },
    "z0u1y1_z0u2y0": {
        "00": 0.1229,
        "10": 0.1259,
        "11": 0.1269,
        "01": 0.1281
    },
    "z0u3y0_z0u1y1": {
        "00": 0.125,
        "10": 0.124,
        "11": 0.1261,
        "01": 0.1221
    },
    "z0u2y0_z1y0": {
        "00": 0.1203,
        "10": 0.1273,
        "11": 0.1222,
        "01": 0.1225
    },
    "z0u3y1_z1y1": {
        "00": 0.1251,
        "10": 0.1252,
        "11": 0.1256,
        "01": 0.1247
    },
    "z0u1y0_z0u3y1": {
        "00": 0.1293,
        "10": 0.1282,
        "11": 0.1199,
        "01": 0.1224
    },
    "z0u2y1_z0u2y0": {
        "00": 0.1283,
        "10": 0.1288,
        "11": 0.1317,
        "01": 0.1225
    },
    "z0u2y1_z0u2y1": {
        "00": 0.1187,
        "10": 0.1202,
        "11": 0.1227,
        "01": 0.1271
    },
    "z0u1y0_z0u1y0": {
        "00": 0.2472,
        "10": 0.2559,
        "11": 0.2471,
        "01": 0.2498
    },
    "z0u2y0_z0u2y1": {
        "00": 0.126,
        "10": 0.1297,
        "11": 0.1262,
        "01": 0.1244
    },
    "z0u3y1_z1y0": {
        "00": 0.1228,
        "10": 0.1248,
        "11": 0.1308,
        "01": 0.121
    },
    "z0u2y1_z1y0": {
        "00": 0.1301,
        "10": 0.123,
        "11": 0.1249,
        "01": 0.1251
    },
    "z1y1_z0u3y0": {
        "00": 0.12715,
        "10": 0.12575,
        "11": 0.12545,
        "01": 0.12385
    },
    "z1y0_z0u3y0": {
        "00": 0.12715,
        "10": 0.12575,
        "11": 0.12545,
        "01": 0.12385
    },
    "z1y1_z0u1y0": {
        "00": 0.1239,
        "10": 0.1238,
        "11": 0.12715,
        "01": 0.12515
    },
    "z0u3y0_z0u2y0": {
        "10": 0.2486,
        "01": 0.2549
    },
    "z0u1y0_z1y1": {},
    "z0u1y0_z0u3y0": {
        "00": 0.1244,
        "10": 0.1243,
        "11": 0.1268,
        "01": 0.1247
    }
}
