{
    "z0u3y1_z0u1y1": {
        "11": 0.5057
    },
    "z0u2y0_z0u2y0": {
        "00": 0.2521,
        "11": 0.251
    },
    "z1y1_z0u2y1": {
        "00": 0.25075,
        "11": 0.25295
    },
    "z0u1y0_z0u1y1": {},
    "z0u3y0_z0u3y0": {
        "00": 0.2488,
        "11": 0.2512
    },
    "z1y0_z0u1y0": {
        "00": 0.5
    },
    "z0u3y0_z1y0": {
        "00": 0.4965
    },
    "z0u3y1_z0u3y0": {
        "00": 0.2463,
        "11": 0.2518
    },
    "z0u2y0_z1y1": {
        "11": 0.5011
    },
    "z0u2y1_z0u3y1": {
        "00": 0.2579,
        "11": 0.2431
    },
    "z0u3y1_z0u2y1": {
        "00": 0.2418,
        "11": 0.2596
    },
    "z0u2y0_z0u3y0": {
        "00": 0.2446,
        "11": 0.2548
    },
    "z0u1y1_z0u3y0": {
        "11": 0.5065
    },
    "z0u1y1_z0u3y1": {
        "11": 0.4935
    },
    "z0u2y1_z0u3y0": {
        "00": 0.2476,
        "11": 0.2514
    },
    "z0u1y1_z1y1": {
        "11": 1.0
    },
    "z0u2y1_z0u1y0": {
        "00": 0.4948
    },
    "z1y1_z0u3y1": {
        "00": 0.24945,
        "11": 0.2512
    },
    "z1y0_z0u3y1": {
        "00": 0.24945,
        "11": 0.2512
    },
    "z0u1y0_z1y0": {
        "00": 1.0
    },
    "z0u1y1_z1y0": {},
    "z0u1y1_z0u2y1": {
        "11": 0.4937
    },
    "z0u2y0_z0u1y0": {
        "00": 0.4969
    },
    "z0u1y0_z0u2y1": {
        "00": 0.5008
    },
    "z1y1_z0u2y0": {
        "00": 0.24925,
        "11": 0.24705
    },
    "z0u2y0_z0u1y1": {
        "11": 0.5031
    },
    "z0u1y0_z0u2y0": {
        "00": 0.4992
    },
    "z1y0_z0u1y1": {
        "11": 0.5
    },
    "z0u3y0_z0u2y1": {
        "00": 0.2479,
        "11": 0.2515
    },
    "z1y0_z1y1": {
        "11": 0.5
    },
    "z0u1y1_z0u1y0": {},
    "z0u3y1_z0u3y1": {
        "00": 0.2477,
        "11": 0.2542
    },
    "z1y1_z1y0": {
        "00": 0.5
    },
    "z0u3y1_z0u1y0": {
        "00": 0.4943
    },
    "z1y1_z0u1y1": {
        "11": 0.5
    },
    "z1y0_z1y0": {
        "00": 0.5
    },
    "z0u2y1_z1y1": {
        "11": 0.5027
    },
    "z0u1y1_z0u1y1": {
        "11": 1.0
    },
    "z0u2y1_z0u1y1": {
        "11": 0.5052
    },
    "z0u3y1_z0u2y0": {
        "00": 0.2532,
        "11": 0.2454
    },
    "z1y1_z1y1": {
        "11": 0.5
    },
    "z0u3y0_z0u1y0": {
        "00": 0.5005
    },
    "z0u2y0_z0u3y1": {
        "00": 0.2494,
        "11": 0.2512
    },
    "z0u3y0_z0u3y1": {
        "00": 0.251,
        "11": 0.249
    },
    "z0u3y0_z1y1": {
        "11": 0.5035
    },
    "z1y0_z0u2y0": {
        "00": 0.24925,
        "11": 0.24705
    },
    "z1y0_z0u2y1": {
        "00": 0.25075,
        "11": 0.25295
    },
    "z0u1y1_z0u2y0": {
        "11": 0.5063
    },
    "z0u3y0_z0u1y1": {
        "11": 0.4995
    },
    "z0u2y0_z1y0": {
        "00": 0.4989
    },
    "z0u3y1_z1y1": {
        "11": 0.4975
    },
    "z0u1y0_z0u3y1": {
        "00": 0.4951
    },
    "z0u2y1_z0u2y0": {
        "00": 0.2469,
        "11": 0.2571
    },
    "z0u2y1_z0u2y1": {
        "00": 0.2498,
        "11": 0.2462
    },
    "z0u1y0_z0u1y0": {
        "00": 1.0
    },
    "z0u2y0_z0u2y1": {
        "00": 0.253,
        "11": 0.2439
    },
    "z0u3y1_z1y0": {
        "00": 0.5025
    },
    "z0u2y1_z1y0": {
        "00": 0.4973
    },
    "z1y1_z0u3y0": {
        "00": 0.25055,
        "11": 0.2488
    },
    "z1y0_z0u3y0": {
        "00": 0.25055,
        "11": 0.2488
    },
    "z1y1_z0u1y0": {
        "00": 0.5
    },
    "z0u3y0_z0u2y0": {
        "00": 0.2476,
        "11": 0.253
    },
    "z0u1y0_z1y1": {},
    "z0u1y0_z0u3y0": {
        "00": 0.5049
    }
}
