{
    "z0u3y1_z0u1y1": {
        "00": 0.1293,
        "10": 0.1291,
        "11": 0.1228,
        "01": 0.1218
    },
    "z0u2y0_z0u2y0": {
        "00": 0.1269,
        "10": 0.1293,
        "11": 0.1223,
        "01": 0.1282
    },
    "z1y1_z0u2y1": {
        "00": 0.13,
        "10": 0.12425,
        "11": 0.1257,
        "01": 0.12215
    },
    "z0u1y0_z0u1y1": {},
    "z0u3y0_z0u3y0": {
        "00": 0.1337,
        "10": 0.1219,
        "11": 0.1199,
        "01": 0.1254
    },
    "z1y0_z0u1y0": {
        "00": 0.12585,
        "10": 0.12575,
        "11": 0.1261,
        "01": 0.1223
    },
    "z0u3y0_z1y0": {
        "00": 0.1279,
        "10": 0.1243,
        "11": 0.1236,
        "01": 0.1274
    },
    "z0u3y1_z0u3y0": {
        "00": 0.1296,
        "10": 0.1235,
        "11": 0.1235,
        "01": 0.1289
    },
    "z0u2y0_z1y1": {
        "00": 0.1205,
        "10": 0.1271,
        "11": 0.1226,
        "01": 0.1234
    },
    "z0u2y1_z0u3y1": {
        "00": 0.253,
        "11": 0.2501
    },
    "z0u3y1_z0u2y1": {
        "10": 0.2496,
        "01": 0.2503
    },
    "z0u2y0_z0u3y0": {
        "00": 0.249,
        "11": 0.2457
    },
    "z0u1y1_z0u3y0": {
        "00": 0.1214,
        "10": 0.1267,
        "11": 0.1233,
        "01": 0.1287
    },
    "z0u1y1_z0u3y1": {
        "00": 0.12,
        "10": 0.126,
        "11": 0.128,
        "01": 0.1259
    },
    "z0u2y1_z0u3y0": {
        "10": 0.2439,
        "01": 0.253
    },
    "z0u1y1_z1y1": {
        "00": 0.2522,
        "10": 0.2464,
        "11": 0.2482,
        "01": 0.2532
    },
    "z0u2y1_z0u1y0": {
        "00": 0.1254,
        "10": 0.1249,
        "11": 0.1224,
        "01": 0.129
    },
    "z1y1_z0u3y1": {
        "00": 0.12305,
        "10": 0.12455,
        "11": 0.1242,
        "01": 0.122
    },
    "z1y0_z0u3y1": {
        "00": 0.12305,
        "10": 0.12455,
        "11": 0.1242,
        "01": 0.122
    },
    "z0u1y0_z1y0": {
        "00": 0.2546,
        "10": 0.2417,
        "11": 0.2511,
        "01": 0.2526
    },
    "z0u1y1_z1y0": {},
    "z0u1y1_z0u2y1": {
        "00": 0.1211,
        "10": 0.1235,
        "11": 0.1222,
        "01": 0.1259
    },
    "z0u2y0_z0u1y0": {
        "00": 0.1222,
        "10": 0.1231,
        "11": 0.1284,
        "01": 0.1238
    },
    "z0u1y0_z0u2y1": {
        "00": 0.1255,
        "10": 0.124,
        "11": 0.1294,
        "01": 0.1271
    },
    "z1y1_z0u2y0": {
        "00": 0.1256,
        "10": 0.1239,
        "11": 0.12715,
        "01": 0.12125
    },
    "z0u2y0_z0u1y1": {
        "00": 0.1258,
        "10": 0.1318,
        "11": 0.1235,
        "01": 0.1214
    },
    "z0u1y0_z0u2y0": {
        "00": 0.1216,
        "10": 0.1185,
        "11": 0.1271,
        "01": 0.1268
    },
    "z1y0_z0u1y1": {
        "00": 0.124,
        "10": 0.1227,
        "11": 0.126,
        "01": 0.1273
    },
    "z0u3y0_z0u2y1": {
        "00": 0.2494,
        "11": 0.2505
    },
    "z1y0_z1y1": {
        "00": 0.1261,
        "10": 0.1236,
        "11": 0.12645,
        "01": 0.12385
    },
    "z0u1y1_z0u1y0": {},
    "z0u3y1_z0u3y1": {
        "00": 0.1273,
        "10": 0.127,
        "11": 0.1229,
        "01": 0.1173
    },
    "z1y1_z1y0": {
        "00": 0.12415,
        "10": 0.12395,
        "11": 0.1231,
        "01": 0.1288
    },
    "z0u3y1_z0u1y0": {
        "00": 0.1239,
        "10": 0.1223,
        "11": 0.1223,
        "01": 0.1285
    },
    "z1y1_z0u1y1": {
        "00": 0.124,
        "10": 0.1227,
        "11": 0.126,
        "01": 0.1273
    },
    "z1y0_z1y0": {
        "00": 0.12415,
        "10": 0.12395,
        "11": 0.1231,
        "01": 0.1288
    },
    "z0u2y1_z1y1": {
        "00": 0.1283,
        "10": 0.1209,
        "11": 0.1277,
        "01": 0.125
    },
    "z0u1y1_z0u1y1": {
        "00": 0.2524,
        "10": 0.2514,
        "11": 0.2465,
        "01": 0.2497
    },
    "z0u2y1_z0u1y1": {
        "00": 0.1228,
        "10": 0.1222,
        "11": 0.1244,
        "01": 0.1289
    },
    "z0u3y1_z0u2y0": {
        "00": 0.2528,
        "11": 0.2473
    },
    "z1y1_z1y1": {
        "00": 0.1261,
        "10": 0.1236,
        "11": 0.12645,
        "01": 0.12385
    },
    "z0u3y0_z0u1y0": {
        "00": 0.1304,
        "10": 0.1249,
        "11": 0.1268,
        "01": 0.1207
    },
    "z0u2y0_z0u3y1": {
        "10": 0.2479,
        "01": 0.2574
    },
    "z0u3y0_z0u3y1": {
        "00": 0.1251,
        "10": 0.121,
        "11": 0.1303,
        "01": 0.1227
    },
    "z0u3y0_z1y1": {
        "00": 0.1223,
        "10": 0.1203,
        "11": 0.1283,
        "01": 0.1259
    },
    "z1y0_z0u2y0": {
        "00": 0.1256,
        "10": 0.1239,
        "11": 0.12715,
        "01": 0.12125
    },
    "z1y0_z0u2y1": {
        "00": 0.13,
        "10": 0.12425,
        "11": 0.1257,
        "01": 0.12215
    },
    "z0u1y1_z0u2y0": {
        "00": 0.1283,
        "10": 0.1273,
        "11": 0.122,
        "01": 0.1297
    },
    "z0u3y0_z0u1y1": {
        "00": 0.1207,
        "10": 0.1277,
        "11": 0.1265,
        "01": 0.1223
    },
    "z0u2y0_z1y0": {
        "00": 0.1268,
        "10": 0.1269,
        "11": 0.1286,
        "01": 0.1241
    },
    "z0u3y1_z1y1": {
        "00": 0.1192,
        "10": 0.1228,
        "11": 0.1325,
        "01": 0.125
    },
    "z0u1y0_z0u3y1": {
        "00": 0.1204,
        "10": 0.124,
        "11": 0.1219,
        "01": 0.1281
    },
    "z0u2y1_z0u2y0": {
        "00": 0.1212,
        "10": 0.1274,
        "11": 0.1231,
        "01": 0.1244
    },
    "z0u2y1_z0u2y1": {
        "00": 0.1348,
        "10": 0.1239,
        "11": 0.1187,
        "01": 0.1265
    },
    "z0u1y0_z0u1y0": {
        "00": 0.253,
        "10": 0.2513,
        "11": 0.246,
        "01": 0.2497
    },
    "z0u2y0_z0u2y1": {
        "00": 0.1216,
        "10": 0.1243,
        "11": 0.1205,
        "01": 0.1269
    },
    "z0u3y1_z1y0": {
        "00": 0.1243,
        "10": 0.1273,
        "11": 0.1245,
        "01": 0.1244
    },
    "z0u2y1_z1y0": {
        "00": 0.1209,
        "10": 0.1237,
        "11": 0.1271,
        "01": 0.1264
    },
    "z1y1_z0u3y0": {
        "00": 0.12235,
        "10": 0.12575,
        "11": 0.13075,
        "01": 0.12735
    },
    "z1y0_z0u3y0": {
        "00": 0.12235,
        "10": 0.12575,
        "11": 0.13075,
        "01": 0.12735
    },
    "z1y1_z0u1y0": {
        "00": 0.12585,
        "10": 0.12575,
        "11": 0.1261,
        "01": 0.1223
    },
    "z0u3y0_z0u2y0": {
        "10": 0.2505,
        "01": 0.2496
    },
    "z0u1y0_z1y1": {},
    "z0u1y0_z0u3y0": {
        "00": 0.1255,
        "10": 0.1265,
        "11": 0.1212,
        "01": 0.1324
    }
}
