{
    "z0u3y1_z0u1y1": {
        "00": 0.1279,
        "10": 0.1272,
        "11": 0.1263,
        "01": 0.1219
    },
    "z0u2y0_z0u2y0": {
        "00": 0.1279,
        "10": 0.1229,
        "11": 0.1222,
        "01": 0.1295
    },
    "z1y1_z0u2y1": {
        "00": 0.1235,
        "10": 0.12755,
        "11": 0.12695,
        "01": 0.1217
    },
    "z0u1y0_z0u1y1": {},
    "z0u3y0_z0u3y0": {
        "00": 0.1295,
        "10": 0.1189,
        "11": 0.1259,
        "01": 0.1217
    },
    "z1y0_z0u1y0": {
        "00": 0.1256,
        "10": 0.12565,
        "11": 0.1258,
        "01": 0.12295
    },
    "z0u3y0_z1y0": {
        "00": 0.1204,
        "10": 0.1274,
        "11": 0.1232,
        "01": 0.1259
    },
    "z0u3y1_z0u3y0": {
        "00": 0.1198,
        "10": 0.1303,
        "11": 0.1282,
        "01": 0.1289
    },
    "z0u2y0_z1y1": {
        "00": 0.122,
        "10": 0.1271,
        "11": 0.1251,
        "01": 0.1287
    },
    "z0u2y1_z0u3y1": {
        "00": 0.2466,
        "11": 0.2479
    },
    "z0u3y1_z0u2y1": {
        "10": 0.2525,
        "01": 0.2489
    },
    "z0u2y0_z0u3y0": {
        "00": 0.2447,
        "11": 0.2518
    },
    "z0u1y1_z0u3y0": {
        "00": 0.1213,
        "10": 0.1251,
        "11": 0.1238,
        "01": 0.1233
    },
    "z0u1y1_z0u3y1": {
        "00": 0.1243,
        "10": 0.1269,
        "11": 0.128,
        "01": 0.1273
    },
    "z0u2y1_z0u3y0": {
        "10": 0.2499,
        "01": 0.2556
    },
    "z0u1y1_z1y1": {
        "00": 0.2479,
        "10": 0.256,
        "11": 0.2468,
        "01": 0.2493
    },
    "z0u2y1_z0u1y0": {
        "00": 0.1234,
        "10": 0.126,
        "11": 0.1239,
        "01": 0.1294
    },
    "z1y1_z0u3y1": {
        "00": 0.1256,
        "10": 0.1261,
        "11": 0.12575,
        "01": 0.1197
    },
    "z1y0_z0u3y1": {
        "00": 0.1256,
        "10": 0.1261,
        "11": 0.12575,
        "01": 0.1197
    },
    "z0u1y0_z1y0": {
        "00": 0.2544,
        "10": 0.2458,
        "11": 0.2525,
        "01": 0.2473
    },
    "z0u1y1_z1y0": {},
    "z0u1y1_z0u2y1": {
        "00": 0.1233,
        "10": 0.1218,
        "11": 0.1257,
        "01": 0.1234
    },
    "z0u2y0_z0u1y0": {
        "00": 0.1299,
        "10": 0.1287,
        "11": 0.1261,
        "01": 0.121
    },
    "z0u1y0_z0u2y1": {
        "00": 0.1291,
        "10": 0.1248,
        "11": 0.1302,
        "01": 0.1227
    },
    "z1y1_z0u2y0": {
        "00": 0.12575,
        "10": 0.12445,
        "11": 0.12585,
        "01": 0.12425
    },
    "z0u2y0_z0u1y1": {
        "00": 0.1261,
        "10": 0.1228,
        "11": 0.1194,
        "01": 0.126
    },
    "z0u1y0_z0u2y0": {
        "00": 0.1252,
        "10": 0.1279,
        "11": 0.1205,
        "01": 0.1196
    },
    "z1y0_z0u1y1": {
        "00": 0.12575,
        "10": 0.12295,
        "11": 0.1266,
        "01": 0.1247
    },
    "z0u3y0_z0u2y1": {
        "00": 0.2505,
        "11": 0.2501
    },
    "z1y0_z1y1": {
        "00": 0.127,
        "10": 0.12325,
        "11": 0.12415,
        "01": 0.1256
    },
    "z0u1y1_z0u1y0": {},
    "z0u3y1_z0u3y1": {
        "00": 0.1267,
        "10": 0.1228,
        "11": 0.1215,
        "01": 0.1218
    },
    "z1y1_z1y0": {
        "00": 0.12525,
        "10": 0.12305,
        "11": 0.12895,
        "01": 0.12275
    },
    "z0u3y1_z0u1y0": {
        "00": 0.1215,
        "10": 0.1232,
        "11": 0.1286,
        "01": 0.1234
    },
    "z1y1_z0u1y1": {
        "00": 0.12575,
        "10": 0.12295,
        "11": 0.1266,
        "01": 0.1247
    },
    "z1y0_z1y0": {
        "00": 0.12525,
        "10": 0.12305,
        "11": 0.12895,
        "01": 0.12275
    },
    "z0u2y1_z1y1": {
        "00": 0.1251,
        "10": 0.1236,
        "11": 0.1206,
        "01": 0.1238
    },
    "z0u1y1_z0u1y1": {
        "00": 0.2496,
        "10": 0.252,
        "11": 0.248,
        "01": 0.2504
    },
    "z0u2y1_z0u1y1": {
        "00": 0.1215,
        "10": 0.1295,
        "11": 0.1247,
        "01": 0.1216
    },
    "z0u3y1_z0u2y0": {
        "00": 0.2531,
        "11": 0.2455
    },
    "z1y1_z1y1": {
        "00": 0.127,
        "10": 0.12325,
        "11": 0.12415,
        "01": 0.1256
    },
    "z0u3y0_z0u1y0": {
        "00": 0.1205,
        "10": 0.1279,
        "11": 0.1253,
        "01": 0.1232
    },
    "z0u2y0_z0u3y1": {
        "10": 0.2533,
        "01": 0.2502
    },
    "z0u3y0_z0u3y1": {
        "00": 0.1269,
        "10": 0.1208,
        "11": 0.1268,
        "01": 0.1295
    },
    "z0u3y0_z1y1": {
        "00": 0.1233,
        "10": 0.1252,
        "11": 0.1291,
        "01": 0.1255
    },
    "z1y0_z0u2y0": {
        "00": 0.12575,
        "10": 0.12445,
        "11": 0.12585,
        "01": 0.12425
    },
    "z1y0_z0u2y1": {
        "00": 0.1235,
        "10": 0.12755,
        "11": 0.12695,
        "01": 0.1217
    },
    "z0u1y1_z0u2y0": {
        "00": 0.1268,
        "10": 0.1276,
        "11": 0.1286,
        "01": 0.1228
    },
    "z0u3y0_z0u1y1": {
        "00": 0.1284,
        "10": 0.1242,
        "11": 0.1265,
        "01": 0.124
    },
    "z0u2y0_z1y0": {
        "00": 0.1163,
        "10": 0.1262,
        "11": 0.1262,
        "01": 0.1284
    },
    "z0u3y1_z1y1": {
        "00": 0.1225,
        "10": 0.1196,
        "11": 0.1221,
        "01": 0.1248
    },
    "z0u1y0_z0u3y1": {
        "00": 0.1264,
        "10": 0.1266,
        "11": 0.1253,
        "01": 0.1246
    },
    "z0u2y1_z0u2y0": {
        "00": 0.1307,
        "10": 0.1305,
        "11": 0.1252,
        "01": 0.1232
    },
    "z0u2y1_z0u2y1": {
        "00": 0.1222,
        "10": 0.1221,
        "11": 0.1252,
        "01": 0.1209
    },
    "z0u1y0_z0u1y0": {
        "00": 0.2472,
        "10": 0.2502,
        "11": 0.2556,
        "01": 0.247
    },
    "z0u2y0_z0u2y1": {
        "00": 0.1232,
        "10": 0.1304,
        "11": 0.1193,
        "01": 0.1246
    },
    "z0u3y1_z1y0": {
        "00": 0.1274,
        "10": 0.1267,
        "11": 0.1272,
        "01": 0.1297
    },
    "z0u2y1_z1y0": {
        "00": 0.1267,
        "10": 0.1227,
        "11": 0.1297,
        "01": 0.1278
    },
    "z1y1_z0u3y0": {
        "00": 0.1281,
        "10": 0.1259,
        "11": 0.12445,
        "01": 0.1244
    },
    "z1y0_z0u3y0": {
        "00": 0.1281,
        "10": 0.1259,
        "11": 0.12445,
        "01": 0.1244
    },
    "z1y1_z0u1y0": {
        "00": 0.1256,
        "10": 0.12565,
        "11": 0.1258,
        "01": 0.12295
    },
    "z0u3y0_z0u2y0": {
        "10": 0.2496,
        "01": 0.2498
    },
    "z0u1y0_z1y1": {},
    "z0u1y0_z0u3y0": {
        "00": 0.1228,
        "10": 0.1252,
        "11": 0.1252,
        "01": 0.1239
    }
}
