{
    "z0u3y1_z0u1y1": {
        "11": 0.2466,
        "01": 0.2578
    },
    "z0u2y0_z0u2y0": {
        "00": 0.1332,
        "10": 0.1199,
        "11": 0.1286,
        "01": 0.1212
    },
    "z1y1_z0u2y1": {
        "00": 0.1254,
        "10": 0.1261,
        "11": 0.1231,
        "01": 0.1268
    },
    "z0u1y0_z0u1y1": {},
    "z0u3y0_z0u3y0": {
        "00": 0.1243,
        "10": 0.1224,
        "11": 0.1275,
        "01": 0.1272
    },
    "z1y0_z0u1y0": {
        "00": 0.2504,
        "10": 0.2496
    },
    "z0u3y0_z1y0": {
        "00": 0.2471,
        "10": 0.2509
    },
    "z0u3y1_z0u3y0": {
        "00": 0.1235,
        "10": 0.1247,
        "11": 0.1306,
        "01": 0.1258
    },
    "z0u2y0_z1y1": {
        "11": 0.2451,
        "01": 0.2482
    },
    "z0u2y1_z0u3y1": {
        "00": 0.1288,
        "10": 0.1247,
        "11": 0.1235,
        "01": 0.1209
    },
    "z0u3y1_z0u2y1": {
        "00": 0.1283,
        "10": 0.1227,
        "11": 0.124,
        "01": 0.1303
    },
    "z0u2y0_z0u3y0": {
        "00": 0.122,
        "10": 0.1251,
        "11": 0.1268,
        "01": 0.124
    },
    "z0u1y1_z0u3y0": {
        "11": 0.2434,
        "01": 0.2495
    },
    "z0u1y1_z0u3y1": {
        "11": 0.2547,
        "01": 0.2524
    },
    "z0u2y1_z0u3y0": {
        "00": 0.1271,
        "10": 0.1234,
        "11": 0.1263,
        "01": 0.1253
    },
    "z0u1y1_z1y1": {
        "11": 0.4973,
        "01": 0.5027
    },
    "z0u2y1_z0u1y0": {
        "00": 0.2457,
        "10": 0.2509
    },
    "z1y1_z0u3y1": {
        "00": 0.1249,
        "10": 0.1272,
        "11": 0.1272,
        "01": 0.1247
    },
    "z1y0_z0u3y1": {
        "00": 0.1249,
        "10": 0.1272,
        "11": 0.1272,
        "01": 0.1247
    },
    "z0u1y0_z1y0": {
        "00": 0.5059,
        "10": 0.4941
    },
    "z0u1y1_z1y0": {},
    "z0u1y1_z0u2y1": {
        "11": 0.2447,
        "01": 0.2554
    },
    "z0u2y0_z0u1y0": {
        "00": 0.2468,
        "10": 0.2528
    },
    "z0u1y0_z0u2y1": {
        "00": 0.2507,
        "10": 0.2452
    },
    "z1y1_z0u2y0": {
        "00": 0.12415,
        "10": 0.12435,
        "11": 0.1276,
        "01": 0.1225
    },
    "z0u2y0_z0u1y1": {
        "11": 0.2511,
        "01": 0.2493
    },
    "z0u1y0_z0u2y0": {
        "00": 0.2484,
        "10": 0.2557
    },
    "z1y0_z0u1y1": {
        "11": 0.24805,
        "01": 0.25195
    },
    "z0u3y0_z0u2y1": {
        "00": 0.1283,
        "10": 0.124,
        "11": 0.128,
        "01": 0.1271
    },
    "z1y0_z1y1": {
        "11": 0.2478,
        "01": 0.2522
    },
    "z0u1y1_z0u1y0": {},
    "z0u3y1_z0u3y1": {
        "00": 0.126,
        "10": 0.1206,
        "11": 0.1268,
        "01": 0.122
    },
    "z1y1_z1y0": {
        "00": 0.24675,
        "10": 0.25325
    },
    "z0u3y1_z0u1y0": {
        "00": 0.2478,
        "10": 0.2478
    },
    "z1y1_z0u1y1": {
        "11": 0.24805,
        "01": 0.25195
    },
    "z1y0_z1y0": {
        "00": 0.24675,
        "10": 0.25325
    },
    "z0u2y1_z1y1": {
        "11": 0.2562,
        "01": 0.2517
    },
    "z0u1y1_z0u1y1": {
        "11": 0.502,
        "01": 0.498
    },
    "z0u2y1_z0u1y1": {
        "11": 0.2542,
        "01": 0.2492
    },
    "z0u3y1_z0u2y0": {
        "00": 0.1244,
        "10": 0.1261,
        "11": 0.1211,
        "01": 0.1231
    },
    "z1y1_z1y1": {
        "11": 0.2478,
        "01": 0.2522
    },
    "z0u3y0_z0u1y0": {
        "00": 0.246,
        "10": 0.2571
    },
    "z0u2y0_z0u3y1": {
        "00": 0.128,
        "10": 0.1193,
        "11": 0.1297,
        "01": 0.1251
    },
    "z0u3y0_z0u3y1": {
        "00": 0.1239,
        "10": 0.1251,
        "11": 0.127,
        "01": 0.1226
    },
    "z0u3y0_z1y1": {
        "11": 0.2526,
        "01": 0.2494
    },
    "z1y0_z0u2y0": {
        "00": 0.12415,
        "10": 0.12435,
        "11": 0.1276,
        "01": 0.1225
    },
    "z1y0_z0u2y1": {
        "00": 0.1254,
        "10": 0.1261,
        "11": 0.1231,
        "01": 0.1268
    },
    "z0u1y1_z0u2y0": {
        "11": 0.2525,
        "01": 0.2474
    },
    "z0u3y0_z0u1y1": {
        "11": 0.2458,
        "01": 0.2511
    },
    "z0u2y0_z1y0": {
        "00": 0.2449,
        "10": 0.2618
    },
    "z0u3y1_z1y1": {
        "11": 0.2488,
        "01": 0.2524
    },
    "z0u1y0_z0u3y1": {
        "00": 0.2491,
        "10": 0.2501
    },
    "z0u2y1_z0u2y0": {
        "00": 0.1277,
        "10": 0.1228,
        "11": 0.1228,
        "01": 0.1242
    },
    "z0u2y1_z0u2y1": {
        "00": 0.1261,
        "10": 0.1263,
        "11": 0.1257,
        "01": 0.1244
    },
    "z0u1y0_z0u1y0": {
        "00": 0.5063,
        "10": 0.4937
    },
    "z0u2y0_z0u2y1": {
        "00": 0.1258,
        "10": 0.122,
        "11": 0.1251,
        "01": 0.1242
    },
    "z0u3y1_z1y0": {
        "00": 0.2537,
        "10": 0.2451
    },
    "z0u2y1_z1y0": {
        "00": 0.2449,
        "10": 0.2472
    },
    "z1y1_z0u3y0": {
        "00": 0.12835,
        "10": 0.11955,
        "11": 0.1229,
        "01": 0.1252
    },
    "z1y0_z0u3y0": {
        "00": 0.12835,
        "10": 0.11955,
        "11": 0.1229,
        "01": 0.1252
    },
    "z1y1_z0u1y0": {
        "00": 0.2504,
        "10": 0.2496
    },
    "z0u3y0_z0u2y0": {
        "00": 0.13,
        "10": 0.1192,
        "11": 0.1239,
        "01": 0.1195
    },
    "z0u1y0_z1y1": {},
    "z0u1y0_z0u3y0": {
        "00": 0.2509,
        "10": 0.2499
    }
}
