{
    "z0u3y1_z0u1y1": {
        "00": 0.126,
        "10": 0.1198,
        "11": 0.126,
        "01": 0.1259
    },
    "z0u2y0_z0u2y0": {
        "10": 0.2609,
        "01": 0.2465
    },
    "z1y1_z0u2y1": {
        "00": 0.12335,
        "10": 0.12745,
        "11": 0.1263,
        "01": 0.1219
    },
    "z0u1y0_z0u1y1": {},
    "z0u3y0_z0u3y0": {
        "10": 0.2437,
        "01": 0.2491
    },
    "z1y0_z0u1y0": {
        "00": 0.128,
        "10": 0.12445,
        "11": 0.1215,
        "01": 0.12605
    },
    "z0u3y0_z1y0": {
        "00": 0.1255,
        "10": 0.1257,
        "11": 0.1191,
        "01": 0.1242
    },
    "z0u3y1_z0u3y0": {
        "00": 0.2531,
        "11": 0.25
    },
    "z0u2y0_z1y1": {
        "00": 0.1245,
        "10": 0.126,
        "11": 0.1278,
        "01": 0.1255
    },
    "z0u2y1_z0u3y1": {
        "00": 0.1291,
        "10": 0.125,
        "11": 0.1256,
        "01": 0.1228
    },
    "z0u3y1_z0u2y1": {
        "00": 0.1258,
        "10": 0.1279,
        "11": 0.1223,
        "01": 0.1251
    },
    "z0u2y0_z0u3y0": {
        "00": 0.1296,
        "10": 0.1288,
        "11": 0.1202,
        "01": 0.1216
    },
    "z0u1y1_z0u3y0": {
        "00": 0.1228,
        "10": 0.1253,
        "11": 0.1226,
        "01": 0.1283
    },
    "z0u1y1_z0u3y1": {
        "00": 0.1218,
        "10": 0.1273,
        "11": 0.1232,
        "01": 0.1287
    },
    "z0u2y1_z0u3y0": {
        "00": 0.1252,
        "10": 0.1195,
        "11": 0.1254,
        "01": 0.1274
    },
    "z0u1y1_z1y1": {
        "00": 0.2528,
        "10": 0.2443,
        "11": 0.2492,
        "01": 0.2537
    },
    "z0u2y1_z0u1y0": {
        "00": 0.1258,
        "10": 0.1265,
        "11": 0.1286,
        "01": 0.1219
    },
    "z1y1_z0u3y1": {
        "00": 0.1286,
        "10": 0.12575,
        "11": 0.126,
        "01": 0.12445
    },
    "z1y0_z0u3y1": {
        "00": 0.1286,
        "10": 0.12575,
        "11": 0.126,
        "01": 0.12445
    },
    "z0u1y0_z1y0": {
        "00": 0.2481,
        "10": 0.2526,
        "11": 0.2522,
        "01": 0.2471
    },
    "z0u1y1_z1y0": {},
    "z0u1y1_z0u2y1": {
        "00": 0.1192,
        "10": 0.129,
        "11": 0.1261,
        "01": 0.1264
    },
    "z0u2y0_z0u1y0": {
        "00": 0.1299,
        "10": 0.129,
        "11": 0.1192,
        "01": 0.1215
    },
    "z0u1y0_z0u2y1": {
        "00": 0.127,
        "10": 0.125,
        "11": 0.1217,
        "01": 0.1191
    },
    "z1y1_z0u2y0": {
        "00": 0.12725,
        "10": 0.12785,
        "11": 0.12225,
        "01": 0.12365
    },
    "z0u2y0_z0u1y1": {
        "00": 0.1234,
        "10": 0.1267,
        "11": 0.1187,
        "01": 0.1316
    },
    "z0u1y0_z0u2y0": {
        "00": 0.1246,
        "10": 0.1252,
        "11": 0.1314,
        "01": 0.126
    },
    "z1y0_z0u1y1": {
        "00": 0.12575,
        "10": 0.1224,
        "11": 0.1273,
        "01": 0.12455
    },
    "z0u3y0_z0u2y1": {
        "00": 0.1216,
        "10": 0.1274,
        "11": 0.1278,
        "01": 0.1309
    },
    "z1y0_z1y1": {
        "00": 0.12235,
        "10": 0.1283,
        "11": 0.12535,
        "01": 0.124
    },
    "z0u1y1_z0u1y0": {},
    "z0u3y1_z0u3y1": {
        "10": 0.244,
        "01": 0.2529
    },
    "z1y1_z1y0": {
        "00": 0.1281,
        "10": 0.12165,
        "11": 0.12485,
        "01": 0.1254
    },
    "z0u3y1_z0u1y0": {
        "00": 0.1306,
        "10": 0.125,
        "11": 0.1236,
        "01": 0.1231
    },
    "z1y1_z0u1y1": {
        "00": 0.12575,
        "10": 0.1224,
        "11": 0.1273,
        "01": 0.12455
    },
    "z1y0_z1y0": {
        "00": 0.1281,
        "10": 0.12165,
        "11": 0.12485,
        "01": 0.1254
    },
    "z0u2y1_z1y1": {
        "00": 0.1215,
        "10": 0.1239,
        "11": 0.1236,
        "01": 0.1252
    },
    "z0u1y1_z0u1y1": {
        "00": 0.2469,
        "10": 0.249,
        "11": 0.254,
        "01": 0.2501
    },
    "z0u2y1_z0u1y1": {
        "00": 0.1211,
        "10": 0.1255,
        "11": 0.1265,
        "01": 0.1241
    },
    "z0u3y1_z0u2y0": {
        "00": 0.1223,
        "10": 0.1247,
        "11": 0.1254,
        "01": 0.1265
    },
    "z1y1_z1y1": {
        "00": 0.12235,
        "10": 0.1283,
        "11": 0.12535,
        "01": 0.124
    },
    "z0u3y0_z0u1y0": {
        "00": 0.1259,
        "10": 0.1226,
        "11": 0.1265,
        "01": 0.124
    },
    "z0u2y0_z0u3y1": {
        "00": 0.1292,
        "10": 0.1211,
        "11": 0.1277,
        "01": 0.1218
    },
    "z0u3y0_z0u3y1": {
        "00": 0.2569,
        "11": 0.2503
    },
    "z0u3y0_z1y1": {
        "00": 0.1254,
        "10": 0.1261,
        "11": 0.1263,
        "01": 0.1277
    },
    "z1y0_z0u2y0": {
        "00": 0.12725,
        "10": 0.12785,
        "11": 0.12225,
        "01": 0.12365
    },
    "z1y0_z0u2y1": {
        "00": 0.12335,
        "10": 0.12745,
        "11": 0.1263,
        "01": 0.1219
    },
    "z0u1y1_z0u2y0": {
        "00": 0.1247,
        "10": 0.1278,
        "11": 0.1246,
        "01": 0.1222
    },
    "z0u3y0_z0u1y1": {
        "00": 0.127,
        "10": 0.1245,
        "11": 0.1215,
        "01": 0.128
    },
    "z0u2y0_z1y0": {
        "00": 0.1299,
        "10": 0.1181,
        "11": 0.1226,
        "01": 0.1256
    },
    "z0u3y1_z1y1": {
        "00": 0.1267,
        "10": 0.1266,
        "11": 0.1232,
        "01": 0.1209
    },
    "z0u1y0_z0u3y1": {
        "00": 0.1248,
        "10": 0.1234,
        "11": 0.1222,
        "01": 0.1258
    },
    "z0u2y1_z0u2y0": {
        "00": 0.2492,
        "11": 0.2525
    },
    "z0u2y1_z0u2y1": {
        "10": 0.2503,
        "01": 0.248
    },
    "z0u1y0_z0u1y0": {
        "00": 0.2469,
        "10": 0.2525,
        "11": 0.2498,
        "01": 0.2508
    },
    "z0u2y0_z0u2y1": {
        "00": 0.2462,
        "11": 0.2464
    },
    "z0u3y1_z1y0": {
        "00": 0.1265,
        "10": 0.1222,
        "11": 0.1284,
        "01": 0.1255
    },
    "z0u2y1_z1y0": {
        "00": 0.1299,
        "10": 0.1263,
        "11": 0.1219,
        "01": 0.1277
    },
    "z1y1_z0u3y0": {
        "00": 0.1218,
        "10": 0.1247,
        "11": 0.1242,
        "01": 0.1245
    },
    "z1y0_z0u3y0": {
        "00": 0.1218,
        "10": 0.1247,
        "11": 0.1242,
        "01": 0.1245
    },
    "z1y1_z0u1y0": {
        "00": 0.128,
        "10": 0.12445,
        "11": 0.1215,
        "01": 0.12605
    },
    "z0u3y0_z0u2y0": {
        "00": 0.1238,
        "10": 0.1225,
        "11": 0.121,
        "01": 0.125
    },
    "z0u1y0_z1y1": {},
    "z0u1y0_z0u3y0": {
        "00": 0.1269,
        "10": 0.1217,
        "11": 0.1286,
        "01": 0.1266
    }
}
