{
    "z0u3y1_z0u1y1": {
        "00": 0.1224,
        "10": 0.1241,
        "11": 0.1312,
        "01": 0.1224
    },
    "z0u2y0_z0u2y0": {
        "10": 0.2474,
        "01": 0.2495
    },
    "z1y1_z0u2y1": {
        "00": 0.12685,
        "10": 0.12575,
        "11": 0.1274,
        "01": 0.12315
    },
    "z0u1y0_z0u1y1": {},
    "z0u3y0_z0u3y0": {
        "10": 0.2461,
        "01": 0.2593
    },
    "z1y0_z0u1y0": {
        "00": 0.12895,
        "10": 0.1221,
        "11": 0.1267,
        "01": 0.12225
    },
    "z0u3y0_z1y0": {
        "00": 0.1245,
        "10": 0.1207,
        "11": 0.1229,
        "01": 0.1268
    },
    "z0u3y1_z0u3y0": {
        "00": 0.247,
        "11": 0.2567
    },
    "z0u2y0_z1y1": {
        "00": 0.1268,
        "10": 0.1192,
        "11": 0.1252,
        "01": 0.1294
    },
    "z0u2y1_z0u3y1": {
        "00": 0.1265,
        "10": 0.1258,
        "11": 0.1243,
        "01": 0.1236
    },
    "z0u3y1_z0u2y1": {
        "00": 0.1299,
        "10": 0.1249,
        "11": 0.1208,
        "01": 0.1272
    },
    "z0u2y0_z0u3y0": {
        "00": 0.1311,
        "10": 0.1263,
        "11": 0.118,
        "01": 0.1258
    },
    "z0u1y1_z0u3y0": {
        "00": 0.1284,
        "10": 0.1245,
        "11": 0.1229,
        "01": 0.1253
    },
    "z0u1y1_z0u3y1": {
        "00": 0.1213,
        "10": 0.1272,
        "11": 0.1237,
        "01": 0.1267
    },
    "z0u2y1_z0u3y0": {
        "00": 0.1264,
        "10": 0.127,
        "11": 0.1246,
        "01": 0.1218
    },
    "z0u1y1_z1y1": {
        "00": 0.242,
        "10": 0.2514,
        "11": 0.2557,
        "01": 0.2509
    },
    "z0u2y1_z0u1y0": {
        "00": 0.1283,
        "10": 0.1259,
        "11": 0.1242,
        "01": 0.1206
    },
    "z1y1_z0u3y1": {
        "00": 0.1247,
        "10": 0.12425,
        "11": 0.12245,
        "01": 0.1254
    },
    "z1y0_z0u3y1": {
        "00": 0.1247,
        "10": 0.12425,
        "11": 0.12245,
        "01": 0.1254
    },
    "z0u1y0_z1y0": {
        "00": 0.2457,
        "10": 0.2495,
        "11": 0.2518,
        "01": 0.253
    },
    "z0u1y1_z1y0": {},
    "z0u1y1_z0u2y1": {
        "00": 0.1226,
        "10": 0.1247,
        "11": 0.1248,
        "01": 0.1284
    },
    "z0u2y0_z0u1y0": {
        "00": 0.1328,
        "10": 0.1267,
        "11": 0.1234,
        "01": 0.1264
    },
    "z0u1y0_z0u2y1": {
        "00": 0.1249,
        "10": 0.1244,
        "11": 0.123,
        "01": 0.1289
    },
    "z1y1_z0u2y0": {
        "00": 0.12985,
        "10": 0.12305,
        "11": 0.12365,
        "01": 0.1203
    },
    "z0u2y0_z0u1y1": {
        "00": 0.1205,
        "10": 0.1231,
        "11": 0.1235,
        "01": 0.1236
    },
    "z0u1y0_z0u2y0": {
        "00": 0.1247,
        "10": 0.1217,
        "11": 0.1267,
        "01": 0.1257
    },
    "z1y0_z0u1y1": {
        "00": 0.12545,
        "10": 0.1224,
        "11": 0.124,
        "01": 0.12815
    },
    "z0u3y0_z0u2y1": {
        "00": 0.1278,
        "10": 0.1227,
        "11": 0.1308,
        "01": 0.1215
    },
    "z1y0_z1y1": {
        "00": 0.127,
        "10": 0.12185,
        "11": 0.1265,
        "01": 0.12465
    },
    "z0u1y1_z0u1y0": {},
    "z0u3y1_z0u3y1": {
        "10": 0.2507,
        "01": 0.2456
    },
    "z1y1_z1y0": {
        "00": 0.12575,
        "10": 0.12375,
        "11": 0.12435,
        "01": 0.12615
    },
    "z0u3y1_z0u1y0": {
        "00": 0.1261,
        "10": 0.1247,
        "11": 0.1223,
        "01": 0.1268
    },
    "z1y1_z0u1y1": {
        "00": 0.12545,
        "10": 0.1224,
        "11": 0.124,
        "01": 0.12815
    },
    "z1y0_z1y0": {
        "00": 0.12575,
        "10": 0.12375,
        "11": 0.12435,
        "01": 0.12615
    },
    "z0u2y1_z1y1": {
        "00": 0.1241,
        "10": 0.131,
        "11": 0.1176,
        "01": 0.1219
    },
    "z0u1y1_z0u1y1": {
        "00": 0.249,
        "10": 0.2496,
        "11": 0.2542,
        "01": 0.2472
    },
    "z0u2y1_z0u1y1": {
        "00": 0.1212,
        "10": 0.1289,
        "11": 0.1218,
        "01": 0.1291
    },
    "z0u3y1_z0u2y0": {
        "00": 0.1231,
        "10": 0.1256,
        "11": 0.1216,
        "01": 0.1269
    },
    "z1y1_z1y1": {
        "00": 0.127,
        "10": 0.12185,
        "11": 0.1265,
        "01": 0.12465
    },
    "z0u3y0_z0u1y0": {
        "00": 0.1153,
        "10": 0.1254,
        "11": 0.1273,
        "01": 0.1228
    },
    "z0u2y0_z0u3y1": {
        "00": 0.1206,
        "10": 0.1334,
        "11": 0.1255,
        "01": 0.1193
    },
    "z0u3y0_z0u3y1": {
        "00": 0.2484,
        "11": 0.2462
    },
    "z0u3y0_z1y1": {
        "00": 0.1238,
        "10": 0.1268,
        "11": 0.1265,
        "01": 0.128
    },
    "z1y0_z0u2y0": {
        "00": 0.12985,
        "10": 0.12305,
        "11": 0.12365,
        "01": 0.1203
    },
    "z1y0_z0u2y1": {
        "00": 0.12685,
        "10": 0.12575,
        "11": 0.1274,
        "01": 0.12315
    },
    "z0u1y1_z0u2y0": {
        "00": 0.1266,
        "10": 0.1228,
        "11": 0.121,
        "01": 0.1291
    },
    "z0u3y0_z0u1y1": {
        "00": 0.1339,
        "10": 0.124,
        "11": 0.1276,
        "01": 0.1237
    },
    "z0u2y0_z1y0": {
        "00": 0.1274,
        "10": 0.1226,
        "11": 0.1272,
        "01": 0.1222
    },
    "z0u3y1_z1y1": {
        "00": 0.1219,
        "10": 0.1209,
        "11": 0.1305,
        "01": 0.1224
    },
    "z0u1y0_z0u3y1": {
        "00": 0.1226,
        "10": 0.1302,
        "11": 0.124,
        "01": 0.1266
    },
    "z0u2y1_z0u2y0": {
        "00": 0.2571,
        "11": 0.2492
    },
    "z0u2y1_z0u2y1": {
        "10": 0.2443,
        "01": 0.2494
    },
    "z0u1y0_z0u1y0": {
        "00": 0.2522,
        "10": 0.25,
        "11": 0.251,
        "01": 0.2468
    },
    "z0u2y0_z0u2y1": {
        "00": 0.2516,
        "11": 0.2515
    },
    "z0u3y1_z1y0": {
        "00": 0.1272,
        "10": 0.1302,
        "11": 0.1223,
        "01": 0.1246
    },
    "z0u2y1_z1y0": {
        "00": 0.1258,
        "10": 0.1276,
        "11": 0.1288,
        "01": 0.1232
    },
    "z1y1_z0u3y0": {
        "00": 0.13065,
        "10": 0.1246,
        "11": 0.123,
        "01": 0.12495
    },
    "z1y0_z0u3y0": {
        "00": 0.13065,
        "10": 0.1246,
        "11": 0.123,
        "01": 0.12495
    },
    "z1y1_z0u1y0": {
        "00": 0.12895,
        "10": 0.1221,
        "11": 0.1267,
        "01": 0.12225
    },
    "z0u3y0_z0u2y0": {
        "00": 0.1257,
        "10": 0.1254,
        "11": 0.1182,
        "01": 0.1279
    },
    "z0u1y0_z1y1": {},
    "z0u1y0_z0u3y0": {
        "00": 0.1198,
        "10": 0.1234,
        "11": 0.1264,
        "01": 0.127
    }
}
