{
    "z0u3y1_z0u1y1": {
        "00": 0.1255,
        "10": 0.1276,
        "11": 0.1336,
        "01": 0.123
    },
    "z0u2y0_z0u2y0": {
        "00": 0.1247,
        "10": 0.127,
        "11": 0.1295,
        "01": 0.1273
    },
    "z1y1_z0u2y1": {
        "00": 0.12095,
        "10": 0.1244,
        "11": 0.1278,
        "01": 0.1266
    },
    "z0u1y0_z0u1y1": {},
    "z0u3y0_z0u3y0": {
        "00": 0.129,
        "10": 0.1203,
        "11": 0.127,
        "01": 0.1285
    },
    "z1y0_z0u1y0": {
        "00": 0.12435,
        "10": 0.1252,
        "11": 0.12485,
        "01": 0.1256
    },
    "z0u3y0_z1y0": {
        "00": 0.1215,
        "10": 0.1272,
        "11": 0.122,
        "01": 0.1277
    },
    "z0u3y1_z0u3y0": {
        "00": 0.1281,
        "10": 0.1203,
        "11": 0.1247,
        "01": 0.1237
    },
    "z0u2y0_z1y1": {
        "00": 0.1226,
        "10": 0.1259,
        "11": 0.1273,
        "01": 0.1285
    },
    "z0u2y1_z0u3y1": {
        "00": 0.2635,
        "11": 0.2448
    },
    "z0u3y1_z0u2y1": {
        "10": 0.2528,
        "01": 0.2493
    },
    "z0u2y0_z0u3y0": {
        "00": 0.2494,
        "11": 0.2459
    },
    "z0u1y1_z0u3y0": {
        "00": 0.12,
        "10": 0.1266,
        "11": 0.1249,
        "01": 0.1246
    },
    "z0u1y1_z0u3y1": {
        "00": 0.1256,
        "10": 0.1263,
        "11": 0.1242,
        "01": 0.1278
    },
    "z0u2y1_z0u3y0": {
        "10": 0.2489,
        "01": 0.2428
    },
    "z0u1y1_z1y1": {
        "00": 0.2527,
        "10": 0.243,
        "11": 0.2512,
        "01": 0.2531
    },
    "z0u2y1_z0u1y0": {
        "00": 0.1248,
        "10": 0.1218,
        "11": 0.1272,
        "01": 0.1229
    },
    "z1y1_z0u3y1": {
        "00": 0.1206,
        "10": 0.1276,
        "11": 0.12375,
        "01": 0.12515
    },
    "z1y0_z0u3y1": {
        "00": 0.1206,
        "10": 0.1276,
        "11": 0.12375,
        "01": 0.12515
    },
    "z0u1y0_z1y0": {
        "00": 0.2476,
        "10": 0.2542,
        "11": 0.2526,
        "01": 0.2456
    },
    "z0u1y1_z1y0": {},
    "z0u1y1_z0u2y1": {
        "00": 0.1185,
        "10": 0.1224,
        "11": 0.1252,
        "01": 0.1252
    },
    "z0u2y0_z0u1y0": {
        "00": 0.1258,
        "10": 0.1277,
        "11": 0.1296,
        "01": 0.1217
    },
    "z0u1y0_z0u2y1": {
        "00": 0.1248,
        "10": 0.1269,
        "11": 0.1326,
        "01": 0.1263
    },
    "z1y1_z0u2y0": {
        "00": 0.127,
        "10": 0.1277,
        "11": 0.1237,
        "01": 0.12185
    },
    "z0u2y0_z0u1y1": {
        "00": 0.128,
        "10": 0.123,
        "11": 0.1196,
        "01": 0.1246
    },
    "z0u1y0_z0u2y0": {
        "00": 0.1211,
        "10": 0.1186,
        "11": 0.1249,
        "01": 0.1248
    },
    "z1y0_z0u1y1": {
        "00": 0.12475,
        "10": 0.12795,
        "11": 0.12105,
        "01": 0.12625
    },
    "z0u3y0_z0u2y1": {
        "00": 0.2405,
        "11": 0.2575
    },
    "z1y0_z1y1": {
        "00": 0.1281,
        "10": 0.1247,
        "11": 0.1219,
        "01": 0.1253
    },
    "z0u1y1_z0u1y0": {},
    "z0u3y1_z0u3y1": {
        "00": 0.128,
        "10": 0.1245,
        "11": 0.1237,
        "01": 0.127
    },
    "z1y1_z1y0": {
        "00": 0.1209,
        "10": 0.124,
        "11": 0.12675,
        "01": 0.12835
    },
    "z0u3y1_z0u1y0": {
        "00": 0.1262,
        "10": 0.1191,
        "11": 0.1261,
        "01": 0.1189
    },
    "z1y1_z0u1y1": {
        "00": 0.12475,
        "10": 0.12795,
        "11": 0.12105,
        "01": 0.12625
    },
    "z1y0_z1y0": {
        "00": 0.1209,
        "10": 0.124,
        "11": 0.12675,
        "01": 0.12835
    },
    "z0u2y1_z1y1": {
        "00": 0.1324,
        "10": 0.1281,
        "11": 0.1188,
        "01": 0.1216
    },
    "z0u1y1_z0u1y1": {
        "00": 0.2482,
        "10": 0.2539,
        "11": 0.2496,
        "01": 0.2483
    },
    "z0u2y1_z0u1y1": {
        "00": 0.1295,
        "10": 0.1244,
        "11": 0.1248,
        "01": 0.1246
    },
    "z0u3y1_z0u2y0": {
        "00": 0.2461,
        "11": 0.2518
    },
    "z1y1_z1y1": {
        "00": 0.1281,
        "10": 0.1247,
        "11": 0.1219,
        "01": 0.1253
    },
    "z0u3y0_z0u1y0": {
        "00": 0.1272,
        "10": 0.1236,
        "11": 0.1258,
        "01": 0.1252
    },
    "z0u2y0_z0u3y1": {
        "10": 0.2607,
        "01": 0.244
    },
    "z0u3y0_z0u3y1": {
        "00": 0.126,
        "10": 0.1258,
        "11": 0.12,
        "01": 0.1234
    },
    "z0u3y0_z1y1": {
        "00": 0.1277,
        "10": 0.1256,
        "11": 0.1214,
        "01": 0.1269
    },
    "z1y0_z0u2y0": {
        "00": 0.127,
        "10": 0.1277,
        "11": 0.1237,
        "01": 0.12185
    },
    "z1y0_z0u2y1": {
        "00": 0.12095,
        "10": 0.1244,
        "11": 0.1278,
        "01": 0.1266
    },
    "z0u1y1_z0u2y0": {
        "00": 0.1265,
        "10": 0.1264,
        "11": 0.1221,
        "01": 0.1337
    },
    "z0u3y0_z0u1y1": {
        "00": 0.1209,
        "10": 0.1264,
        "11": 0.1169,
        "01": 0.134
    },
    "z0u2y0_z1y0": {
        "00": 0.1286,
        "10": 0.1209,
        "11": 0.1201,
        "01": 0.1261
    },
    "z0u3y1_z1y1": {
        "00": 0.1157,
        "10": 0.1238,
        "11": 0.1257,
        "01": 0.1307
    },
    "z0u1y0_z0u3y1": {
        "00": 0.1256,
        "10": 0.119,
        "11": 0.1279,
        "01": 0.1283
    },
    "z0u2y1_z0u2y0": {
        "00": 0.1257,
        "10": 0.1287,
        "11": 0.1258,
        "01": 0.1269
    },
    "z0u2y1_z0u2y1": {
        "00": 0.1227,
        "10": 0.1217,
        "11": 0.1271,
        "01": 0.1214
    },
    "z0u1y0_z0u1y0": {
        "00": 0.2478,
        "10": 0.2514,
        "11": 0.2544,
        "01": 0.2464
    },
    "z0u2y0_z0u2y1": {
        "00": 0.1283,
        "10": 0.1222,
        "11": 0.1205,
        "01": 0.1205
    },
    "z0u3y1_z1y0": {
        "00": 0.1239,
        "10": 0.1227,
        "11": 0.1299,
        "01": 0.1276
    },
    "z0u2y1_z1y0": {
        "00": 0.1271,
        "10": 0.123,
        "11": 0.1228,
        "01": 0.1262
    },
    "z1y1_z0u3y0": {
        "00": 0.122,
        "10": 0.12535,
        "11": 0.1286,
        "01": 0.12695
    },
    "z1y0_z0u3y0": {
        "00": 0.122,
        "10": 0.12535,
        "11": 0.1286,
        "01": 0.12695
    },
    "z1y1_z0u1y0": {
        "00": 0.12435,
        "10": 0.1252,
        "11": 0.12485,
        "01": 0.1256
    },
    "z0u3y0_z0u2y0": {
        "10": 0.2441,
        "01": 0.2579
    },
    "z0u1y0_z1y1": {},
    "z0u1y0_z0u3y0": {
        "00": 0.1254,
        "10": 0.1279,
        "11": 0.1237,
        "01": 0.1222
    }
}
