{
    "z0u3y1_z0u1y1": {
        "00": 0.1207,
        "10": 0.1283,
        "11": 0.1202,
        "01": 0.1252
    },
    "z0u2y0_z0u2y0": {
        "00": 0.2384,
        "11": 0.2501
    },
    "z1y1_z0u2y1": {
        "00": 0.12485,
        "10": 0.1234,
        "11": 0.12365,
        "01": 0.12585
    },
    "z0u1y0_z0u1y1": {},
    "z0u3y0_z0u3y0": {
        "00": 0.2479,
        "11": 0.2565
    },
    "z1y0_z0u1y0": {
        "00": 0.12395,
        "10": 0.123,
        "11": 0.1269,
        "01": 0.12615
    },
    "z0u3y0_z1y0": {
        "00": 0.1257,
        "10": 0.1309,
        "11": 0.1201,
        "01": 0.1251
    },
    "z0u3y1_z0u3y0": {
        "10": 0.2466,
        "01": 0.2549
    },
    "z0u2y0_z1y1": {
        "00": 0.1266,
        "10": 0.1271,
        "11": 0.1218,
        "01": 0.124
    },
    "z0u2y1_z0u3y1": {
        "00": 0.1223,
        "10": 0.1271,
        "11": 0.1257,
        "01": 0.1225
    },
    "z0u3y1_z0u2y1": {
        "00": 0.1275,
        "10": 0.1238,
        "11": 0.1285,
        "01": 0.118
    },
    "z0u2y0_z0u3y0": {
        "00": 0.1195,
        "10": 0.1272,
        "11": 0.1256,
        "01": 0.1214
    },
    "z0u1y1_z0u3y0": {
        "00": 0.127,
        "10": 0.1306,
        "11": 0.1226,
        "01": 0.1207
    },
    "z0u1y1_z0u3y1": {
        "00": 0.1252,
        "10": 0.1277,
        "11": 0.1261,
        "01": 0.1201
    },
    "z0u2y1_z0u3y0": {
        "00": 0.132,
        "10": 0.124,
        "11": 0.1213,
        "01": 0.1251
    },
    "z0u1y1_z1y1": {
        "00": 0.2529,
        "10": 0.2423,
        "11": 0.2507,
        "01": 0.2541
    },
    "z0u2y1_z0u1y0": {
        "00": 0.1266,
        "10": 0.1249,
        "11": 0.1254,
        "01": 0.1256
    },
    "z1y1_z0u3y1": {
        "00": 0.12405,
        "10": 0.121,
        "11": 0.1268,
        "01": 0.12515
    },
    "z1y0_z0u3y1": {
        "00": 0.12405,
        "10": 0.121,
        "11": 0.1268,
        "01": 0.12515
    },
    "z0u1y0_z1y0": {
        "00": 0.2508,
        "10": 0.2477,
        "11": 0.2449,
        "01": 0.2566
    },
    "z0u1y1_z1y0": {},
    "z0u1y1_z0u2y1": {
        "00": 0.1218,
        "10": 0.1224,
        "11": 0.1232,
        "01": 0.128
    },
    "z0u2y0_z0u1y0": {
        "00": 0.1242,
        "10": 0.1267,
        "11": 0.1252,
        "01": 0.1225
    },
    "z0u1y0_z0u2y1": {
        "00": 0.1287,
        "10": 0.131,
        "11": 0.1181,
        "01": 0.1257
    },
    "z1y1_z0u2y0": {
        "00": 0.1247,
        "10": 0.1233,
        "11": 0.1273,
        "01": 0.12695
    },
    "z0u2y0_z0u1y1": {
        "00": 0.123,
        "10": 0.1267,
        "11": 0.1272,
        "01": 0.1245
    },
    "z0u1y0_z0u2y0": {
        "00": 0.1281,
        "10": 0.1237,
        "11": 0.1203,
        "01": 0.1244
    },
    "z1y0_z0u1y1": {
        "00": 0.1267,
        "10": 0.1221,
        "11": 0.127,
        "01": 0.1242
    },
    "z0u3y0_z0u2y1": {
        "00": 0.1214,
        "10": 0.1218,
        "11": 0.1232,
        "01": 0.1244
    },
    "z1y0_z1y1": {
        "00": 0.12875,
        "10": 0.1241,
        "11": 0.1238,
        "01": 0.12335
    },
    "z0u1y1_z0u1y0": {},
    "z0u3y1_z0u3y1": {
        "00": 0.2514,
        "11": 0.2471
    },
    "z1y1_z1y0": {
        "00": 0.12625,
        "10": 0.12695,
        "11": 0.1237,
        "01": 0.1231
    },
    "z0u3y1_z0u1y0": {
        "00": 0.1225,
        "10": 0.1288,
        "11": 0.1273,
        "01": 0.127
    },
    "z1y1_z0u1y1": {
        "00": 0.1267,
        "10": 0.1221,
        "11": 0.127,
        "01": 0.1242
    },
    "z1y0_z1y0": {
        "00": 0.12625,
        "10": 0.12695,
        "11": 0.1237,
        "01": 0.1231
    },
    "z0u2y1_z1y1": {
        "00": 0.1271,
        "10": 0.124,
        "11": 0.1314,
        "01": 0.1256
    },
    "z0u1y1_z0u1y1": {
        "00": 0.2509,
        "10": 0.2507,
        "11": 0.2505,
        "01": 0.2479
    },
    "z0u2y1_z0u1y1": {
        "00": 0.1248,
        "10": 0.1217,
        "11": 0.1234,
        "01": 0.1276
    },
    "z0u3y1_z0u2y0": {
        "00": 0.1279,
        "10": 0.1259,
        "11": 0.1247,
        "01": 0.1237
    },
    "z1y1_z1y1": {
        "00": 0.12875,
        "10": 0.1241,
        "11": 0.1238,
        "01": 0.12335
    },
    "z0u3y0_z0u1y0": {
        "00": 0.1255,
        "10": 0.1238,
        "11": 0.1263,
        "01": 0.1296
    },
    "z0u2y0_z0u3y1": {
        "00": 0.1232,
        "10": 0.1295,
        "11": 0.1248,
        "01": 0.1288
    },
    "z0u3y0_z0u3y1": {
        "10": 0.2501,
        "01": 0.2455
    },
    "z0u3y0_z1y1": {
        "00": 0.1294,
        "10": 0.124,
        "11": 0.1264,
        "01": 0.1184
    },
    "z1y0_z0u2y0": {
        "00": 0.1247,
        "10": 0.1233,
        "11": 0.1273,
        "01": 0.12695
    },
    "z1y0_z0u2y1": {
        "00": 0.12485,
        "10": 0.1234,
        "11": 0.12365,
        "01": 0.12585
    },
    "z0u1y1_z0u2y0": {
        "00": 0.1291,
        "10": 0.126,
        "11": 0.125,
        "01": 0.1245
    },
    "z0u3y0_z0u1y1": {
        "00": 0.1208,
        "10": 0.1278,
        "11": 0.1283,
        "01": 0.1179
    },
    "z0u2y0_z1y0": {
        "00": 0.1287,
        "10": 0.1246,
        "11": 0.1246,
        "01": 0.1226
    },
    "z0u3y1_z1y1": {
        "00": 0.1248,
        "10": 0.1256,
        "11": 0.1237,
        "01": 0.1247
    },
    "z0u1y0_z0u3y1": {
        "00": 0.1267,
        "10": 0.1182,
        "11": 0.1323,
        "01": 0.121
    },
    "z0u2y1_z0u2y0": {
        "10": 0.2449,
        "01": 0.2531
    },
    "z0u2y1_z0u2y1": {
        "00": 0.242,
        "11": 0.26
    },
    "z0u1y0_z0u1y0": {
        "00": 0.2485,
        "10": 0.2576,
        "11": 0.2479,
        "01": 0.246
    },
    "z0u2y0_z0u2y1": {
        "10": 0.2571,
        "01": 0.2544
    },
    "z0u3y1_z1y0": {
        "00": 0.1229,
        "10": 0.1257,
        "11": 0.1212,
        "01": 0.1314
    },
    "z0u2y1_z1y0": {
        "00": 0.1234,
        "10": 0.1215,
        "11": 0.129,
        "01": 0.118
    },
    "z1y1_z0u3y0": {
        "00": 0.1249,
        "10": 0.12315,
        "11": 0.12975,
        "01": 0.1252
    },
    "z1y0_z0u3y0": {
        "00": 0.1249,
        "10": 0.12315,
        "11": 0.12975,
        "01": 0.1252
    },
    "z1y1_z0u1y0": {
        "00": 0.12395,
        "10": 0.123,
        "11": 0.1269,
        "01": 0.12615
    },
    "z0u3y0_z0u2y0": {
        "00": 0.1319,
        "10": 0.1232,
        "11": 0.1256,
        "01": 0.1285
    },
    "z0u1y0_z1y1": {},
    "z0u1y0_z0u3y0": {
        "00": 0.122,
        "10": 0.1309,
        "11": 0.1253,
        "01": 0.1236
    }
}
