{
    "z0u3y1_z0u1y1": {
        "00": 0.1198,
        "10": 0.1242,
        "11": 0.1323,
        "01": 0.1305
    },
    "z0u2y0_z0u2y0": {
        "00": 0.1224,
        "10": 0.1255,
        "11": 0.1291,
        "01": 0.1214
    },
    "z1y1_z0u2y1": {
        "00": 0.12265,
        "10": 0.1262,
        "11": 0.1237,
        "01": 0.1224
    },
    "z0u1y0_z0u1y1": {},
    "z0u3y0_z0u3y0": {
        "00": 0.1205,
        "10": 0.1308,
        "11": 0.1218,
        "01": 0.1283
    },
    "z1y0_z0u1y0": {
        "00": 0.12455,
        "10": 0.12455,
        "11": 0.1272,
        "01": 0.1237
    },
    "z0u3y0_z1y0": {
        "00": 0.1281,
        "10": 0.1262,
        "11": 0.1234,
        "01": 0.1257
    },
    "z0u3y1_z0u3y0": {
        "00": 0.1196,
        "10": 0.1249,
        "11": 0.1231,
        "01": 0.1263
    },
    "z0u2y0_z1y1": {
        "00": 0.1213,
        "10": 0.1294,
        "11": 0.1231,
        "01": 0.1239
    },
    "z0u2y1_z0u3y1": {
        "00": 0.2475,
        "11": 0.253
    },
    "z0u3y1_z0u2y1": {
        "10": 0.251,
        "01": 0.2503
    },
    "z0u2y0_z0u3y0": {
        "00": 0.2533,
        "11": 0.2461
    },
    "z0u1y1_z0u3y0": {
        "00": 0.1185,
        "10": 0.1202,
        "11": 0.1256,
        "01": 0.1314
    },
    "z0u1y1_z0u3y1": {
        "00": 0.1234,
        "10": 0.1248,
        "11": 0.1272,
        "01": 0.1289
    },
    "z0u2y1_z0u3y0": {
        "10": 0.2534,
        "01": 0.2461
    },
    "z0u1y1_z1y1": {
        "00": 0.26,
        "10": 0.2535,
        "11": 0.2428,
        "01": 0.2437
    },
    "z0u2y1_z0u1y0": {
        "00": 0.1226,
        "10": 0.1233,
        "11": 0.123,
        "01": 0.1207
    },
    "z1y1_z0u3y1": {
        "00": 0.1295,
        "10": 0.1255,
        "11": 0.1213,
        "01": 0.12245
    },
    "z1y0_z0u3y1": {
        "00": 0.1295,
        "10": 0.1255,
        "11": 0.1213,
        "01": 0.12245
    },
    "z0u1y0_z1y0": {
        "00": 0.248,
        "10": 0.2538,
        "11": 0.2426,
        "01": 0.2556
    },
    "z0u1y1_z1y0": {},
    "z0u1y1_z0u2y1": {
        "00": 0.1307,
        "10": 0.1212,
        "11": 0.1234,
        "01": 0.1249
    },
    "z0u2y0_z0u1y0": {
        "00": 0.1244,
        "10": 0.1214,
        "11": 0.1321,
        "01": 0.1287
    },
    "z0u1y0_z0u2y1": {
        "00": 0.1223,
        "10": 0.1219,
        "11": 0.1224,
        "01": 0.125
    },
    "z1y1_z0u2y0": {
        "00": 0.1252,
        "10": 0.1253,
        "11": 0.1291,
        "01": 0.12545
    },
    "z0u2y0_z0u1y1": {
        "00": 0.1253,
        "10": 0.1234,
        "11": 0.1288,
        "01": 0.1159
    },
    "z0u1y0_z0u2y0": {
        "00": 0.127,
        "10": 0.129,
        "11": 0.1248,
        "01": 0.1276
    },
    "z1y0_z0u1y1": {
        "00": 0.1255,
        "10": 0.12785,
        "11": 0.12425,
        "01": 0.1224
    },
    "z0u3y0_z0u2y1": {
        "00": 0.2538,
        "11": 0.2455
    },
    "z1y0_z1y1": {
        "00": 0.1263,
        "10": 0.1218,
        "11": 0.1261,
        "01": 0.1258
    },
    "z0u1y1_z0u1y0": {},
    "z0u3y1_z0u3y1": {
        "00": 0.132,
        "10": 0.1233,
        "11": 0.1216,
        "01": 0.1292
    },
    "z1y1_z1y0": {
        "00": 0.12435,
        "10": 0.12525,
        "11": 0.12525,
        "01": 0.12515
    },
    "z0u3y1_z0u1y0": {
        "00": 0.1229,
        "10": 0.1279,
        "11": 0.1201,
        "01": 0.1223
    },
    "z1y1_z0u1y1": {
        "00": 0.1255,
        "10": 0.12785,
        "11": 0.12425,
        "01": 0.1224
    },
    "z1y0_z1y0": {
        "00": 0.12435,
        "10": 0.12525,
        "11": 0.12525,
        "01": 0.12515
    },
    "z0u2y1_z1y1": {
        "00": 0.1312,
        "10": 0.1202,
        "11": 0.1235,
        "01": 0.1245
    },
    "z0u1y1_z0u1y1": {
        "00": 0.2502,
        "10": 0.2493,
        "11": 0.2472,
        "01": 0.2533
    },
    "z0u2y1_z0u1y1": {
        "00": 0.1281,
        "10": 0.1292,
        "11": 0.1305,
        "01": 0.1226
    },
    "z0u3y1_z0u2y0": {
        "00": 0.2459,
        "11": 0.2528
    },
    "z1y1_z1y1": {
        "00": 0.1263,
        "10": 0.1218,
        "11": 0.1261,
        "01": 0.1258
    },
    "z0u3y0_z0u1y0": {
        "00": 0.1231,
        "10": 0.1247,
        "11": 0.1248,
        "01": 0.1288
    },
    "z0u2y0_z0u3y1": {
        "10": 0.2464,
        "01": 0.2542
    },
    "z0u3y0_z0u3y1": {
        "00": 0.1213,
        "10": 0.1225,
        "11": 0.1301,
        "01": 0.1247
    },
    "z0u3y0_z1y1": {
        "00": 0.1172,
        "10": 0.1276,
        "11": 0.1202,
        "01": 0.1316
    },
    "z1y0_z0u2y0": {
        "00": 0.1252,
        "10": 0.1253,
        "11": 0.1291,
        "01": 0.12545
    },
    "z1y0_z0u2y1": {
        "00": 0.12265,
        "10": 0.1262,
        "11": 0.1237,
        "01": 0.1224
    },
    "z0u1y1_z0u2y0": {
        "00": 0.1237,
        "10": 0.1235,
        "11": 0.1246,
        "01": 0.128
    },
    "z0u3y0_z0u1y1": {
        "00": 0.1161,
        "10": 0.128,
        "11": 0.1287,
        "01": 0.1258
    },
    "z0u2y0_z1y0": {
        "00": 0.1272,
        "10": 0.123,
        "11": 0.1273,
        "01": 0.1248
    },
    "z0u3y1_z1y1": {
        "00": 0.1263,
        "10": 0.1227,
        "11": 0.1244,
        "01": 0.1279
    },
    "z0u1y0_z0u3y1": {
        "00": 0.1272,
        "10": 0.1293,
        "11": 0.1238,
        "01": 0.1197
    },
    "z0u2y1_z0u2y0": {
        "00": 0.1213,
        "10": 0.1271,
        "11": 0.1159,
        "01": 0.1273
    },
    "z0u2y1_z0u2y1": {
        "00": 0.1306,
        "10": 0.124,
        "11": 0.1289,
        "01": 0.1249
    },
    "z0u1y0_z0u1y0": {
        "00": 0.251,
        "10": 0.2533,
        "11": 0.2483,
        "01": 0.2474
    },
    "z0u2y0_z0u2y1": {
        "00": 0.1281,
        "10": 0.123,
        "11": 0.1286,
        "01": 0.1219
    },
    "z0u3y1_z1y0": {
        "00": 0.1251,
        "10": 0.1227,
        "11": 0.1292,
        "01": 0.1217
    },
    "z0u2y1_z1y0": {
        "00": 0.1211,
        "10": 0.1241,
        "11": 0.1258,
        "01": 0.1296
    },
    "z1y1_z0u3y0": {
        "00": 0.12165,
        "10": 0.1257,
        "11": 0.12705,
        "01": 0.12685
    },
    "z1y0_z0u3y0": {
        "00": 0.12165,
        "10": 0.1257,
        "11": 0.12705,
        "01": 0.12685
    },
    "z1y1_z0u1y0": {
        "00": 0.12455,
        "10": 0.12455,
        "11": 0.1272,
        "01": 0.1237
    },
    "z0u3y0_z0u2y0": {
        "10": 0.2483,
        "01": 0.2524
    },
    "z0u1y0_z1y1": {},
    "z0u1y0_z0u3y0": {
        "00": 0.1229,
        "10": 0.1263,
        "11": 0.1251,
        "01": 0.1257
    }
}
