{
    "z0u3y1_z0u1y1": {
        "00": 0.1238,
        "10": 0.1276,
        "11": 0.1163,
        "01": 0.1256
    },
    "z0u2y0_z0u2y0": {
        "10": 0.2528,
        "01": 0.2533
    },
    "z1y1_z0u2y1": {
        "00": 0.12495,
        "10": 0.1254,
        "11": 0.12435,
        "01": 0.1199
    },
    "z0u1y0_z0u1y1": {},
    "z0u3y0_z0u3y0": {
        "10": 0.2567,
        "01": 0.2435
    },
    "z1y0_z0u1y0": {
        "00": 0.12475,
        "10": 0.125,
        "11": 0.1255,
        "01": 0.12475
    },
    "z0u3y0_z1y0": {
        "00": 0.1258,
        "10": 0.1188,
        "11": 0.1217,
        "01": 0.1241
    },
    "z0u3y1_z0u3y0": {
        "00": 0.2456,
        "11": 0.249
    },
    "z0u2y0_z1y1": {
        "00": 0.1264,
        "10": 0.1229,
        "11": 0.1286,
        "01": 0.1311
    },
    "z0u2y1_z0u3y1": {
        "00": 0.1253,
        "10": 0.1226,
        "11": 0.122,
        "01": 0.1277
    },
    "z0u3y1_z0u2y1": {
        "00": 0.1202,
        "10": 0.1251,
        "11": 0.1209,
        "01": 0.1284
    },
    "z0u2y0_z0u3y0": {
        "00": 0.1238,
        "10": 0.1295,
        "11": 0.1266,
        "01": 0.1246
    },
    "z0u1y1_z0u3y0": {
        "00": 0.1303,
        "10": 0.1298,
        "11": 0.1236,
        "01": 0.1291
    },
    "z0u1y1_z0u3y1": {
        "00": 0.119,
        "10": 0.124,
        "11": 0.1208,
        "01": 0.1234
    },
    "z0u2y1_z0u3y0": {
        "00": 0.1267,
        "10": 0.1249,
        "11": 0.1253,
        "01": 0.1255
    },
    "z0u1y1_z1y1": {
        "00": 0.252,
        "10": 0.2506,
        "11": 0.2577,
        "01": 0.2397
    },
    "z0u2y1_z0u1y0": {
        "00": 0.1239,
        "10": 0.1283,
        "11": 0.1262,
        "01": 0.1248
    },
    "z1y1_z0u3y1": {
        "00": 0.1249,
        "10": 0.1299,
        "11": 0.1286,
        "01": 0.1229
    },
    "z1y0_z0u3y1": {
        "00": 0.1249,
        "10": 0.1299,
        "11": 0.1286,
        "01": 0.1229
    },
    "z0u1y0_z1y0": {
        "00": 0.25,
        "10": 0.251,
        "11": 0.2547,
        "01": 0.2443
    },
    "z0u1y1_z1y0": {},
    "z0u1y1_z0u2y1": {
        "00": 0.1249,
        "10": 0.1223,
        "11": 0.1228,
        "01": 0.1275
    },
    "z0u2y0_z0u1y0": {
        "00": 0.1256,
        "10": 0.128,
        "11": 0.1243,
        "01": 0.1243
    },
    "z0u1y0_z0u2y1": {
        "00": 0.1214,
        "10": 0.1245,
        "11": 0.1265,
        "01": 0.1256
    },
    "z1y1_z0u2y0": {
        "00": 0.12485,
        "10": 0.1263,
        "11": 0.12925,
        "01": 0.125
    },
    "z0u2y0_z0u1y1": {
        "00": 0.122,
        "10": 0.126,
        "11": 0.1232,
        "01": 0.1266
    },
    "z0u1y0_z0u2y0": {
        "00": 0.1229,
        "10": 0.1305,
        "11": 0.1253,
        "01": 0.1233
    },
    "z1y0_z0u1y1": {
        "00": 0.126,
        "10": 0.1254,
        "11": 0.12355,
        "01": 0.12505
    },
    "z0u3y0_z0u2y1": {
        "00": 0.1277,
        "10": 0.12,
        "11": 0.1276,
        "01": 0.125
    },
    "z1y0_z1y1": {
        "00": 0.12735,
        "10": 0.124,
        "11": 0.12295,
        "01": 0.1257
    },
    "z0u1y1_z0u1y0": {},
    "z0u3y1_z0u3y1": {
        "10": 0.2494,
        "01": 0.256
    },
    "z1y1_z1y0": {
        "00": 0.1228,
        "10": 0.1266,
        "11": 0.1258,
        "01": 0.1248
    },
    "z0u3y1_z0u1y0": {
        "00": 0.1257,
        "10": 0.1278,
        "11": 0.1275,
        "01": 0.1257
    },
    "z1y1_z0u1y1": {
        "00": 0.126,
        "10": 0.1254,
        "11": 0.12355,
        "01": 0.12505
    },
    "z1y0_z1y0": {
        "00": 0.1228,
        "10": 0.1266,
        "11": 0.1258,
        "01": 0.1248
    },
    "z0u2y1_z1y1": {
        "00": 0.1217,
        "10": 0.1266,
        "11": 0.1289,
        "01": 0.1228
    },
    "z0u1y1_z0u1y1": {
        "00": 0.2492,
        "10": 0.2507,
        "11": 0.2484,
        "01": 0.2517
    },
    "z0u2y1_z0u1y1": {
        "00": 0.1235,
        "10": 0.1268,
        "11": 0.1232,
        "01": 0.1233
    },
    "z0u3y1_z0u2y0": {
        "00": 0.13,
        "10": 0.1283,
        "11": 0.127,
        "01": 0.1201
    },
    "z1y1_z1y1": {
        "00": 0.12735,
        "10": 0.124,
        "11": 0.12295,
        "01": 0.1257
    },
    "z0u3y0_z0u1y0": {
        "00": 0.1217,
        "10": 0.1225,
        "11": 0.1323,
        "01": 0.1256
    },
    "z0u2y0_z0u3y1": {
        "00": 0.1263,
        "10": 0.1255,
        "11": 0.1227,
        "01": 0.121
    },
    "z0u3y0_z0u3y1": {
        "00": 0.2477,
        "11": 0.2521
    },
    "z0u3y0_z1y1": {
        "00": 0.1254,
        "10": 0.1269,
        "11": 0.1323,
        "01": 0.125
    },
    "z1y0_z0u2y0": {
        "00": 0.12485,
        "10": 0.1263,
        "11": 0.12925,
        "01": 0.125
    },
    "z1y0_z0u2y1": {
        "00": 0.12495,
        "10": 0.1254,
        "11": 0.12435,
        "01": 0.1199
    },
    "z0u1y1_z0u2y0": {
        "00": 0.1231,
        "10": 0.1243,
        "11": 0.1249,
        "01": 0.1302
    },
    "z0u3y0_z0u1y1": {
        "00": 0.1251,
        "10": 0.1258,
        "11": 0.1241,
        "01": 0.1229
    },
    "z0u2y0_z1y0": {
        "00": 0.1307,
        "10": 0.1192,
        "11": 0.1216,
        "01": 0.1195
    },
    "z0u3y1_z1y1": {
        "00": 0.1314,
        "10": 0.1241,
        "11": 0.1213,
        "01": 0.1214
    },
    "z0u1y0_z0u3y1": {
        "00": 0.119,
        "10": 0.1269,
        "11": 0.1268,
        "01": 0.1241
    },
    "z0u2y1_z0u2y0": {
        "00": 0.2501,
        "11": 0.2498
    },
    "z0u2y1_z0u2y1": {
        "10": 0.2554,
        "01": 0.2447
    },
    "z0u1y0_z0u1y0": {
        "00": 0.2447,
        "10": 0.2541,
        "11": 0.2514,
        "01": 0.2498
    },
    "z0u2y0_z0u2y1": {
        "00": 0.2481,
        "11": 0.2458
    },
    "z0u3y1_z1y0": {
        "00": 0.1244,
        "10": 0.1199,
        "11": 0.1309,
        "01": 0.1266
    },
    "z0u2y1_z1y0": {
        "00": 0.1259,
        "10": 0.1219,
        "11": 0.1287,
        "01": 0.1235
    },
    "z1y1_z0u3y0": {
        "00": 0.12245,
        "10": 0.1236,
        "11": 0.1243,
        "01": 0.12335
    },
    "z1y0_z0u3y0": {
        "00": 0.12245,
        "10": 0.1236,
        "11": 0.1243,
        "01": 0.12335
    },
    "z1y1_z0u1y0": {
        "00": 0.12475,
        "10": 0.125,
        "11": 0.1255,
        "01": 0.12475
    },
    "z0u3y0_z0u2y0": {
        "00": 0.1266,
        "10": 0.1189,
        "11": 0.129,
        "01": 0.1252
    },
    "z0u1y0_z1y1": {},
    "z0u1y0_z0u3y0": {
        "00": 0.1205,
        "10": 0.1261,
        "11": 0.1285,
        "01": 0.1281
    }
}
