{
    "z0u3y1_z0u1y1": {
        "11": 0.2492,
        "01": 0.2502
    },
    "z0u2y0_z0u2y0": {
        "00": 0.1279,
        "10": 0.1228,
        "11": 0.1199,
        "01": 0.1273
    },
    "z1y1_z0u2y1": {
        "00": 0.1281,
        "10": 0.1251,
        "11": 0.12435,
        "01": 0.12185
    },
    "z0u1y0_z0u1y1": {},
    "z0u3y0_z0u3y0": {
        "00": 0.1291,
        "10": 0.1221,
        "11": 0.1265,
        "01": 0.1275
    },
    "z1y0_z0u1y0": {
        "00": 0.24665,
        "10": 0.25335
    },
    "z0u3y0_z1y0": {
        "00": 0.2521,
        "10": 0.254
    },
    "z0u3y1_z0u3y0": {
        "00": 0.1291,
        "10": 0.121,
        "11": 0.1222,
        "01": 0.1259
    },
    "z0u2y0_z1y1": {
        "11": 0.2504,
        "01": 0.2519
    },
    "z0u2y1_z0u3y1": {
        "00": 0.1317,
        "10": 0.128,
        "11": 0.1275,
        "01": 0.1246
    },
    "z0u3y1_z0u2y1": {
        "00": 0.1201,
        "10": 0.1238,
        "11": 0.1278,
        "01": 0.1211
    },
    "z0u2y0_z0u3y0": {
        "00": 0.1266,
        "10": 0.1221,
        "11": 0.1183,
        "01": 0.1272
    },
    "z0u1y1_z0u3y0": {
        "11": 0.2528,
        "01": 0.2484
    },
    "z0u1y1_z0u3y1": {
        "11": 0.2501,
        "01": 0.2487
    },
    "z0u2y1_z0u3y0": {
        "00": 0.1216,
        "10": 0.1232,
        "11": 0.1196,
        "01": 0.1238
    },
    "z0u1y1_z1y1": {
        "11": 0.506,
        "01": 0.494
    },
    "z0u2y1_z0u1y0": {
        "00": 0.254,
        "10": 0.2496
    },
    "z1y1_z0u3y1": {
        "00": 0.12645,
        "10": 0.1208,
        "11": 0.12665,
        "01": 0.12545
    },
    "z1y0_z0u3y1": {
        "00": 0.12645,
        "10": 0.1208,
        "11": 0.12665,
        "01": 0.12545
    },
    "z0u1y0_z1y0": {
        "00": 0.504,
        "10": 0.496
    },
    "z0u1y1_z1y0": {},
    "z0u1y1_z0u2y1": {
        "11": 0.2494,
        "01": 0.2489
    },
    "z0u2y0_z0u1y0": {
        "00": 0.2525,
        "10": 0.2425
    },
    "z0u1y0_z0u2y1": {
        "00": 0.2501,
        "10": 0.2579
    },
    "z1y1_z0u2y0": {
        "00": 0.12385,
        "10": 0.12295,
        "11": 0.1288,
        "01": 0.125
    },
    "z0u2y0_z0u1y1": {
        "11": 0.2552,
        "01": 0.2498
    },
    "z0u1y0_z0u2y0": {
        "00": 0.242,
        "10": 0.25
    },
    "z1y0_z0u1y1": {
        "11": 0.2502,
        "01": 0.2498
    },
    "z0u3y0_z0u2y1": {
        "00": 0.1208,
        "10": 0.1295,
        "11": 0.1228,
        "01": 0.1277
    },
    "z1y0_z1y1": {
        "11": 0.2501,
        "01": 0.2499
    },
    "z0u1y1_z0u1y0": {},
    "z0u3y1_z0u3y1": {
        "00": 0.1247,
        "10": 0.1301,
        "11": 0.1208,
        "01": 0.1262
    },
    "z1y1_z1y0": {
        "00": 0.2526,
        "10": 0.2474
    },
    "z0u3y1_z0u1y0": {
        "00": 0.2489,
        "10": 0.2517
    },
    "z1y1_z0u1y1": {
        "11": 0.2502,
        "01": 0.2498
    },
    "z1y0_z1y0": {
        "00": 0.2526,
        "10": 0.2474
    },
    "z0u2y1_z1y1": {
        "11": 0.2482,
        "01": 0.2447
    },
    "z0u1y1_z0u1y1": {
        "11": 0.4941,
        "01": 0.5059
    },
    "z0u2y1_z0u1y1": {
        "11": 0.2515,
        "01": 0.2449
    },
    "z0u3y1_z0u2y0": {
        "00": 0.1307,
        "10": 0.1234,
        "11": 0.1263,
        "01": 0.1268
    },
    "z1y1_z1y1": {
        "11": 0.2501,
        "01": 0.2499
    },
    "z0u3y0_z0u1y0": {
        "00": 0.2562,
        "10": 0.2478
    },
    "z0u2y0_z0u3y1": {
        "00": 0.1299,
        "10": 0.1304,
        "11": 0.124,
        "01": 0.1215
    },
    "z0u3y0_z0u3y1": {
        "00": 0.121,
        "10": 0.1234,
        "11": 0.1235,
        "01": 0.1269
    },
    "z0u3y0_z1y1": {
        "11": 0.2433,
        "01": 0.2506
    },
    "z1y0_z0u2y0": {
        "00": 0.12385,
        "10": 0.12295,
        "11": 0.1288,
        "01": 0.125
    },
    "z1y0_z0u2y1": {
        "00": 0.1281,
        "10": 0.1251,
        "11": 0.12435,
        "01": 0.12185
    },
    "z0u1y1_z0u2y0": {
        "11": 0.2471,
        "01": 0.2546
    },
    "z0u3y0_z0u1y1": {
        "11": 0.2513,
        "01": 0.2447
    },
    "z0u2y0_z1y0": {
        "00": 0.2488,
        "10": 0.2489
    },
    "z0u3y1_z1y1": {
        "11": 0.2555,
        "01": 0.2423
    },
    "z0u1y0_z0u3y1": {
        "00": 0.2477,
        "10": 0.2482
    },
    "z0u2y1_z0u2y0": {
        "00": 0.1235,
        "10": 0.1232,
        "11": 0.1269,
        "01": 0.1227
    },
    "z0u2y1_z0u2y1": {
        "00": 0.1227,
        "10": 0.1254,
        "11": 0.1258,
        "01": 0.1298
    },
    "z0u1y0_z0u1y0": {
        "00": 0.4996,
        "10": 0.5004
    },
    "z0u2y0_z0u2y1": {
        "00": 0.123,
        "10": 0.1228,
        "11": 0.1283,
        "01": 0.128
    },
    "z0u3y1_z1y0": {
        "00": 0.2521,
        "10": 0.2501
    },
    "z0u2y1_z1y0": {
        "00": 0.2534,
        "10": 0.2537
    },
    "z1y1_z0u3y0": {
        "00": 0.1267,
        "10": 0.12605,
        "11": 0.12305,
        "01": 0.12485
    },
    "z1y0_z0u3y0": {
        "00": 0.1267,
        "10": 0.12605,
        "11": 0.12305,
        "01": 0.12485
    },
    "z1y1_z0u1y0": {
        "00": 0.24665,
        "10": 0.25335
    },
    "z0u3y0_z0u2y0": {
        "00": 0.1281,
        "10": 0.1236,
        "11": 0.1257,
        "01": 0.1218
    },
    "z0u1y0_z1y1": {},
    "z0u1y0_z0u3y0": {
        "00": 0.2515,
        "10": 0.2526
    }
}
