{
    "z0u3y1_z0u1y1": {
        "11": 0.2484,
        "01": 0.25
    },
    "z0u2y0_z0u2y0": {
        "00": 0.125,
        "10": 0.1223,
        "11": 0.1212,
        "01": 0.1236
    },
    "z1y1_z0u2y1": {
        "00": 0.1269,
        "10": 0.12675,
        "11": 0.1237,
        "01": 0.12495
    },
    "z0u1y0_z0u1y1": {},
    "z0u3y0_z0u3y0": {
        "00": 0.1288,
        "10": 0.1243,
        "11": 0.1201,
        "01": 0.1275
    },
    "z1y0_z0u1y0": {
        "00": 0.24775,
        "10": 0.25225
    },
    "z0u3y0_z1y0": {
        "00": 0.25,
        "10": 0.2507
    },
    "z0u3y1_z0u3y0": {
        "00": 0.1224,
        "10": 0.1302,
        "11": 0.1238,
        "01": 0.1277
    },
    "z0u2y0_z1y1": {
        "11": 0.2453,
        "01": 0.2526
    },
    "z0u2y1_z0u3y1": {
        "00": 0.1271,
        "10": 0.1261,
        "11": 0.1259,
        "01": 0.1252
    },
    "z0u3y1_z0u2y1": {
        "00": 0.1273,
        "10": 0.1237,
        "11": 0.1237,
        "01": 0.1251
    },
    "z0u2y0_z0u3y0": {
        "00": 0.1247,
        "10": 0.1233,
        "11": 0.1177,
        "01": 0.1277
    },
    "z0u1y1_z0u3y0": {
        "11": 0.2492,
        "01": 0.2521
    },
    "z0u1y1_z0u3y1": {
        "11": 0.2543,
        "01": 0.2444
    },
    "z0u2y1_z0u3y0": {
        "00": 0.1281,
        "10": 0.1235,
        "11": 0.1242,
        "01": 0.1199
    },
    "z0u1y1_z1y1": {
        "11": 0.4931,
        "01": 0.5069
    },
    "z0u2y1_z0u1y0": {
        "00": 0.2527,
        "10": 0.2478
    },
    "z1y1_z0u3y1": {
        "00": 0.12575,
        "10": 0.127,
        "11": 0.1271,
        "01": 0.12655
    },
    "z1y0_z0u3y1": {
        "00": 0.12575,
        "10": 0.127,
        "11": 0.1271,
        "01": 0.12655
    },
    "z0u1y0_z1y0": {
        "00": 0.493,
        "10": 0.507
    },
    "z0u1y1_z1y0": {},
    "z0u1y1_z0u2y1": {
        "11": 0.2487,
        "01": 0.2496
    },
    "z0u2y0_z0u1y0": {
        "00": 0.2509,
        "10": 0.2453
    },
    "z0u1y0_z0u2y1": {
        "00": 0.2437,
        "10": 0.2509
    },
    "z1y1_z0u2y0": {
        "00": 0.1228,
        "10": 0.12355,
        "11": 0.12395,
        "01": 0.1274
    },
    "z0u2y0_z0u1y1": {
        "11": 0.2509,
        "01": 0.2529
    },
    "z0u1y0_z0u2y0": {
        "00": 0.2544,
        "10": 0.251
    },
    "z1y0_z0u1y1": {
        "11": 0.2515,
        "01": 0.2485
    },
    "z0u3y0_z0u2y1": {
        "00": 0.1236,
        "10": 0.1266,
        "11": 0.1206,
        "01": 0.1228
    },
    "z1y0_z1y1": {
        "11": 0.24875,
        "01": 0.25125
    },
    "z0u1y1_z0u1y0": {},
    "z0u3y1_z0u3y1": {
        "00": 0.1245,
        "10": 0.1261,
        "11": 0.122,
        "01": 0.1233
    },
    "z1y1_z1y0": {
        "00": 0.2519,
        "10": 0.2481
    },
    "z0u3y1_z0u1y0": {
        "00": 0.2472,
        "10": 0.2544
    },
    "z1y1_z0u1y1": {
        "11": 0.2515,
        "01": 0.2485
    },
    "z1y0_z1y0": {
        "00": 0.2519,
        "10": 0.2481
    },
    "z0u2y1_z1y1": {
        "11": 0.252,
        "01": 0.2491
    },
    "z0u1y1_z0u1y1": {
        "11": 0.4964,
        "01": 0.5036
    },
    "z0u2y1_z0u1y1": {
        "11": 0.2487,
        "01": 0.2508
    },
    "z0u3y1_z0u2y0": {
        "00": 0.1255,
        "10": 0.1234,
        "11": 0.1254,
        "01": 0.1259
    },
    "z1y1_z1y1": {
        "11": 0.24875,
        "01": 0.25125
    },
    "z0u3y0_z0u1y0": {
        "00": 0.2519,
        "10": 0.2536
    },
    "z0u2y0_z0u3y1": {
        "00": 0.1289,
        "10": 0.1274,
        "11": 0.1272,
        "01": 0.1231
    },
    "z0u3y0_z0u3y1": {
        "00": 0.1212,
        "10": 0.1263,
        "11": 0.1224,
        "01": 0.1294
    },
    "z0u3y0_z1y1": {
        "11": 0.2443,
        "01": 0.255
    },
    "z1y0_z0u2y0": {
        "00": 0.1228,
        "10": 0.12355,
        "11": 0.12395,
        "01": 0.1274
    },
    "z1y0_z0u2y1": {
        "00": 0.1269,
        "10": 0.12675,
        "11": 0.1237,
        "01": 0.12495
    },
    "z0u1y1_z0u2y0": {
        "11": 0.2549,
        "01": 0.2468
    },
    "z0u3y0_z0u1y1": {
        "11": 0.2397,
        "01": 0.2548
    },
    "z0u2y0_z1y0": {
        "00": 0.2528,
        "10": 0.2493
    },
    "z0u3y1_z1y1": {
        "11": 0.2514,
        "01": 0.2471
    },
    "z0u1y0_z0u3y1": {
        "00": 0.2555,
        "10": 0.2446
    },
    "z0u2y1_z0u2y0": {
        "00": 0.1267,
        "10": 0.1301,
        "11": 0.1209,
        "01": 0.1244
    },
    "z0u2y1_z0u2y1": {
        "00": 0.1291,
        "10": 0.121,
        "11": 0.1259,
        "01": 0.1219
    },
    "z0u1y0_z0u1y0": {
        "00": 0.5068,
        "10": 0.4932
    },
    "z0u2y0_z0u2y1": {
        "00": 0.1288,
        "10": 0.1226,
        "11": 0.1287,
        "01": 0.1278
    },
    "z0u3y1_z1y0": {
        "00": 0.2526,
        "10": 0.2489
    },
    "z0u2y1_z1y0": {
        "00": 0.2477,
        "10": 0.2512
    },
    "z1y1_z0u3y0": {
        "00": 0.12235,
        "10": 0.1249,
        "11": 0.12425,
        "01": 0.1221
    },
    "z1y0_z0u3y0": {
        "00": 0.12235,
        "10": 0.1249,
        "11": 0.12425,
        "01": 0.1221
    },
    "z1y1_z0u1y0": {
        "00": 0.24775,
        "10": 0.25225
    },
    "z0u3y0_z0u2y0": {
        "00": 0.1318,
        "10": 0.1264,
        "11": 0.1247,
        "01": 0.1235
    },
    "z0u1y0_z1y1": {},
    "z0u1y0_z0u3y0": {
        "00": 0.246,
        "10": 0.2539
    }
}
