{
    "z0u3y1_z0u1y1": {
        "00": 0.1265,
        "10": 0.1288,
        "11": 0.1231,
        "01": 0.1258
    },
    "z0u2y0_z0u2y0": {
        "00": 0.2512,
        "11": 0.2522
    },
    "z1y1_z0u2y1": {
        "00": 0.1273,
        "10": 0.12265,
        "11": 0.12425,
        "01": 0.12225
    },
    "z0u1y0_z0u1y1": {},
    "z0u3y0_z0u3y0": {
        "00": 0.2389,
        "11": 0.2519
    },
    "z1y0_z0u1y0": {
        "00": 0.12555,
        "10": 0.1268,
        "11": 0.12215,
        "01": 0.1255
    },
    "z0u3y0_z1y0": {
        "00": 0.1226,
        "10": 0.1263,
        "11": 0.124,
        "01": 0.1205
    },
    "z0u3y1_z0u3y0": {
        "10": 0.2519,
        "01": 0.2518
    },
    "z0u2y0_z1y1": {
        "00": 0.1268,
        "10": 0.1258,
        "11": 0.1253,
        "01": 0.1158
    },
    "z0u2y1_z0u3y1": {
        "00": 0.1266,
        "10": 0.1225,
        "11": 0.1262,
        "01": 0.1248
    },
    "z0u3y1_z0u2y1": {
        "00": 0.1332,
        "10": 0.1248,
        "11": 0.1244,
        "01": 0.1262
    },
    "z0u2y0_z0u3y0": {
        "00": 0.124,
        "10": 0.126,
        "11": 0.1217,
        "01": 0.1183
    },
    "z0u1y1_z0u3y0": {
        "00": 0.127,
        "10": 0.1253,
        "11": 0.1203,
        "01": 0.1256
    },
    "z0u1y1_z0u3y1": {
        "00": 0.1268,
        "10": 0.1264,
        "11": 0.1258,
        "01": 0.1228
    },
    "z0u2y1_z0u3y0": {
        "00": 0.1234,
        "10": 0.1231,
        "11": 0.1236,
        "01": 0.1298
    },
    "z0u1y1_z1y1": {
        "00": 0.25,
        "10": 0.2479,
        "11": 0.2499,
        "01": 0.2522
    },
    "z0u2y1_z0u1y0": {
        "00": 0.124,
        "10": 0.1238,
        "11": 0.1253,
        "01": 0.1303
    },
    "z1y1_z0u3y1": {
        "00": 0.13,
        "10": 0.12195,
        "11": 0.12725,
        "01": 0.1243
    },
    "z1y0_z0u3y1": {
        "00": 0.13,
        "10": 0.12195,
        "11": 0.12725,
        "01": 0.1243
    },
    "z0u1y0_z1y0": {
        "00": 0.2549,
        "10": 0.2561,
        "11": 0.2388,
        "01": 0.2502
    },
    "z0u1y1_z1y0": {},
    "z0u1y1_z0u2y1": {
        "00": 0.1205,
        "10": 0.1189,
        "11": 0.1225,
        "01": 0.1283
    },
    "z0u2y0_z0u1y0": {
        "00": 0.1215,
        "10": 0.1277,
        "11": 0.1226,
        "01": 0.1295
    },
    "z0u1y0_z0u2y1": {
        "00": 0.122,
        "10": 0.1253,
        "11": 0.1227,
        "01": 0.1252
    },
    "z1y1_z0u2y0": {
        "00": 0.1234,
        "10": 0.12595,
        "11": 0.127,
        "01": 0.1272
    },
    "z0u2y0_z0u1y1": {
        "00": 0.1253,
        "10": 0.1301,
        "11": 0.1229,
        "01": 0.1204
    },
    "z0u1y0_z0u2y0": {
        "00": 0.1267,
        "10": 0.1252,
        "11": 0.1266,
        "01": 0.1263
    },
    "z1y0_z0u1y1": {
        "00": 0.12465,
        "10": 0.1248,
        "11": 0.12565,
        "01": 0.1249
    },
    "z0u3y0_z0u2y1": {
        "00": 0.1309,
        "10": 0.1251,
        "11": 0.1252,
        "01": 0.1261
    },
    "z1y0_z1y1": {
        "00": 0.12375,
        "10": 0.12395,
        "11": 0.12595,
        "01": 0.12635
    },
    "z0u1y1_z0u1y0": {},
    "z0u3y1_z0u3y1": {
        "00": 0.247,
        "11": 0.2493
    },
    "z1y1_z1y0": {
        "00": 0.1294,
        "10": 0.12235,
        "11": 0.1234,
        "01": 0.12485
    },
    "z0u3y1_z0u1y0": {
        "00": 0.1242,
        "10": 0.1208,
        "11": 0.1234,
        "01": 0.1274
    },
    "z1y1_z0u1y1": {
        "00": 0.12465,
        "10": 0.1248,
        "11": 0.12565,
        "01": 0.1249
    },
    "z1y0_z1y0": {
        "00": 0.1294,
        "10": 0.12235,
        "11": 0.1234,
        "01": 0.12485
    },
    "z0u2y1_z1y1": {
        "00": 0.1238,
        "10": 0.1219,
        "11": 0.1267,
        "01": 0.1236
    },
    "z0u1y1_z0u1y1": {
        "00": 0.2512,
        "10": 0.2551,
        "11": 0.2488,
        "01": 0.2449
    },
    "z0u2y1_z0u1y1": {
        "00": 0.1253,
        "10": 0.1233,
        "11": 0.1258,
        "01": 0.1222
    },
    "z0u3y1_z0u2y0": {
        "00": 0.1244,
        "10": 0.1236,
        "11": 0.1233,
        "01": 0.1201
    },
    "z1y1_z1y1": {
        "00": 0.12375,
        "10": 0.12395,
        "11": 0.12595,
        "01": 0.12635
    },
    "z0u3y0_z0u1y0": {
        "00": 0.1259,
        "10": 0.121,
        "11": 0.1235,
        "01": 0.1247
    },
    "z0u2y0_z0u3y1": {
        "00": 0.1264,
        "10": 0.1259,
        "11": 0.1318,
        "01": 0.1259
    },
    "z0u3y0_z0u3y1": {
        "10": 0.2535,
        "01": 0.2557
    },
    "z0u3y0_z1y1": {
        "00": 0.1295,
        "10": 0.1265,
        "11": 0.1282,
        "01": 0.1224
    },
    "z1y0_z0u2y0": {
        "00": 0.1234,
        "10": 0.12595,
        "11": 0.127,
        "01": 0.1272
    },
    "z1y0_z0u2y1": {
        "00": 0.1273,
        "10": 0.12265,
        "11": 0.12425,
        "01": 0.12225
    },
    "z0u1y1_z0u2y0": {
        "00": 0.1258,
        "10": 0.1278,
        "11": 0.1276,
        "01": 0.1286
    },
    "z0u3y0_z0u1y1": {
        "00": 0.1277,
        "10": 0.1238,
        "11": 0.1245,
        "01": 0.1289
    },
    "z0u2y0_z1y0": {
        "00": 0.1321,
        "10": 0.1229,
        "11": 0.1272,
        "01": 0.1241
    },
    "z0u3y1_z1y1": {
        "00": 0.1238,
        "10": 0.1264,
        "11": 0.1336,
        "01": 0.1185
    },
    "z0u1y0_z0u3y1": {
        "00": 0.125,
        "10": 0.1237,
        "11": 0.1209,
        "01": 0.134
    },
    "z0u2y1_z0u2y0": {
        "10": 0.2492,
        "01": 0.245
    },
    "z0u2y1_z0u2y1": {
        "00": 0.2569,
        "11": 0.2489
    },
    "z0u1y0_z0u1y0": {
        "00": 0.2509,
        "10": 0.2531,
        "11": 0.2462,
        "01": 0.2498
    },
    "z0u2y0_z0u2y1": {
        "10": 0.2455,
        "01": 0.2511
    },
    "z0u3y1_z1y0": {
        "00": 0.1254,
        "10": 0.1246,
        "11": 0.1211,
        "01": 0.1266
    },
    "z0u2y1_z1y0": {
        "00": 0.124,
        "10": 0.1241,
        "11": 0.1298,
        "01": 0.1261
    },
    "z1y1_z0u3y0": {
        "00": 0.123,
        "10": 0.1272,
        "11": 0.12105,
        "01": 0.12525
    },
    "z1y0_z0u3y0": {
        "00": 0.123,
        "10": 0.1272,
        "11": 0.12105,
        "01": 0.12525
    },
    "z1y1_z0u1y0": {
        "00": 0.12555,
        "10": 0.1268,
        "11": 0.12215,
        "01": 0.1255
    },
    "z0u3y0_z0u2y0": {
        "00": 0.1234,
        "10": 0.1198,
        "11": 0.1252,
        "01": 0.1243
    },
    "z0u1y0_z1y1": {},
    "z0u1y0_z0u3y0": {
        "00": 0.1193,
        "10": 0.1289,
        "11": 0.1253,
        "01": 0.1229
    }
}
