{
    "z0u3y1_z0u1y1": {
        "00": 0.1248,
        "10": 0.1258,
        "11": 0.1304,
        "01": 0.1247
    },
    "z0u2y0_z0u2y0": {
        "00": 0.2512,
        "11": 0.2517
    },
    "z1y1_z0u2y1": {
        "00": 0.1249,
        "10": 0.12055,
        "11": 0.1261,
        "01": 0.12615
    },
    "z0u1y0_z0u1y1": {},
    "z0u3y0_z0u3y0": {
        "00": 0.2462,
        "11": 0.2537
    },
    "z1y0_z0u1y0": {
        "00": 0.1289,
        "10": 0.1233,
        "11": 0.1244,
        "01": 0.1234
    },
    "z0u3y0_z1y0": {
        "00": 0.1204,
        "10": 0.1244,
        "11": 0.1276,
        "01": 0.1271
    },
    "z0u3y1_z0u3y0": {
        "10": 0.2505,
        "01": 0.2469
    },
    "z0u2y0_z1y1": {
        "00": 0.1217,
        "10": 0.1248,
        "11": 0.1309,
        "01": 0.1187
    },
    "z0u2y1_z0u3y1": {
        "00": 0.1288,
        "10": 0.1252,
        "11": 0.1177,
        "01": 0.1192
    },
    "z0u3y1_z0u2y1": {
        "00": 0.1232,
        "10": 0.1269,
        "11": 0.1276,
        "01": 0.1257
    },
    "z0u2y0_z0u3y0": {
        "00": 0.1216,
        "10": 0.1274,
        "11": 0.1239,
        "01": 0.12
    },
    "z0u1y1_z0u3y0": {
        "00": 0.1262,
        "10": 0.1258,
        "11": 0.1223,
        "01": 0.1204
    },
    "z0u1y1_z0u3y1": {
        "00": 0.1275,
        "10": 0.1299,
        "11": 0.1208,
        "01": 0.1271
    },
    "z0u2y1_z0u3y0": {
        "00": 0.1307,
        "10": 0.1253,
        "11": 0.127,
        "01": 0.1261
    },
    "z0u1y1_z1y1": {
        "00": 0.2528,
        "10": 0.2478,
        "11": 0.25,
        "01": 0.2494
    },
    "z0u2y1_z0u1y0": {
        "00": 0.1267,
        "10": 0.1248,
        "11": 0.1202,
        "01": 0.1292
    },
    "z1y1_z0u3y1": {
        "00": 0.12205,
        "10": 0.12295,
        "11": 0.1265,
        "01": 0.1222
    },
    "z1y0_z0u3y1": {
        "00": 0.12205,
        "10": 0.12295,
        "11": 0.1265,
        "01": 0.1222
    },
    "z0u1y0_z1y0": {
        "00": 0.2482,
        "10": 0.2526,
        "11": 0.2493,
        "01": 0.2499
    },
    "z0u1y1_z1y0": {},
    "z0u1y1_z0u2y1": {
        "00": 0.1277,
        "10": 0.1231,
        "11": 0.1276,
        "01": 0.1298
    },
    "z0u2y0_z0u1y0": {
        "00": 0.1295,
        "10": 0.1238,
        "11": 0.1251,
        "01": 0.1215
    },
    "z0u1y0_z0u2y1": {
        "00": 0.1204,
        "10": 0.1203,
        "11": 0.1243,
        "01": 0.1321
    },
    "z1y1_z0u2y0": {
        "00": 0.12295,
        "10": 0.12815,
        "11": 0.1259,
        "01": 0.1253
    },
    "z0u2y0_z0u1y1": {
        "00": 0.1283,
        "10": 0.1254,
        "11": 0.1259,
        "01": 0.1205
    },
    "z0u1y0_z0u2y0": {
        "00": 0.1239,
        "10": 0.1265,
        "11": 0.1247,
        "01": 0.1278
    },
    "z1y0_z0u1y1": {
        "00": 0.12455,
        "10": 0.125,
        "11": 0.12465,
        "01": 0.1258
    },
    "z0u3y0_z0u2y1": {
        "00": 0.122,
        "10": 0.1256,
        "11": 0.1217,
        "01": 0.1259
    },
    "z1y0_z1y1": {
        "00": 0.1229,
        "10": 0.12655,
        "11": 0.12475,
        "01": 0.1258
    },
    "z0u1y1_z0u1y0": {},
    "z0u3y1_z0u3y1": {
        "00": 0.2521,
        "11": 0.2505
    },
    "z1y1_z1y0": {
        "00": 0.12335,
        "10": 0.12765,
        "11": 0.1256,
        "01": 0.1234
    },
    "z0u3y1_z0u1y0": {
        "00": 0.1235,
        "10": 0.1244,
        "11": 0.1229,
        "01": 0.1235
    },
    "z1y1_z0u1y1": {
        "00": 0.12455,
        "10": 0.125,
        "11": 0.12465,
        "01": 0.1258
    },
    "z1y0_z1y0": {
        "00": 0.12335,
        "10": 0.12765,
        "11": 0.1256,
        "01": 0.1234
    },
    "z0u2y1_z1y1": {
        "00": 0.1274,
        "10": 0.1231,
        "11": 0.1232,
        "01": 0.1284
    },
    "z0u1y1_z0u1y1": {
        "00": 0.2523,
        "10": 0.2511,
        "11": 0.2456,
        "01": 0.251
    },
    "z0u2y1_z0u1y1": {
        "00": 0.1235,
        "10": 0.1285,
        "11": 0.1197,
        "01": 0.1274
    },
    "z0u3y1_z0u2y0": {
        "00": 0.1274,
        "10": 0.1227,
        "11": 0.1254,
        "01": 0.1211
    },
    "z1y1_z1y1": {
        "00": 0.1229,
        "10": 0.12655,
        "11": 0.12475,
        "01": 0.1258
    },
    "z0u3y0_z0u1y0": {
        "00": 0.1266,
        "10": 0.1239,
        "11": 0.1262,
        "01": 0.1193
    },
    "z0u2y0_z0u3y1": {
        "00": 0.1228,
        "10": 0.1265,
        "11": 0.1298,
        "01": 0.128
    },
    "z0u3y0_z0u3y1": {
        "10": 0.2473,
        "01": 0.2528
    },
    "z0u3y0_z1y1": {
        "00": 0.1245,
        "10": 0.1288,
        "11": 0.1242,
        "01": 0.123
    },
    "z1y0_z0u2y0": {
        "00": 0.12295,
        "10": 0.12815,
        "11": 0.1259,
        "01": 0.1253
    },
    "z1y0_z0u2y1": {
        "00": 0.1249,
        "10": 0.12055,
        "11": 0.1261,
        "01": 0.12615
    },
    "z0u1y1_z0u2y0": {
        "00": 0.125,
        "10": 0.1228,
        "11": 0.1218,
        "01": 0.1222
    },
    "z0u3y0_z0u1y1": {
        "00": 0.1296,
        "10": 0.1214,
        "11": 0.1257,
        "01": 0.1273
    },
    "z0u2y0_z1y0": {
        "00": 0.1329,
        "10": 0.1248,
        "11": 0.1248,
        "01": 0.1214
    },
    "z0u3y1_z1y1": {
        "00": 0.129,
        "10": 0.131,
        "11": 0.1258,
        "01": 0.1249
    },
    "z0u1y0_z0u3y1": {
        "00": 0.126,
        "10": 0.1206,
        "11": 0.1277,
        "01": 0.1282
    },
    "z0u2y1_z0u2y0": {
        "10": 0.2472,
        "01": 0.254
    },
    "z0u2y1_z0u2y1": {
        "00": 0.2496,
        "11": 0.2492
    },
    "z0u1y0_z0u1y0": {
        "00": 0.2489,
        "10": 0.2461,
        "11": 0.2474,
        "01": 0.2576
    },
    "z0u2y0_z0u2y1": {
        "10": 0.2454,
        "01": 0.2517
    },
    "z0u3y1_z1y0": {
        "00": 0.1274,
        "10": 0.1194,
        "11": 0.1228,
        "01": 0.1197
    },
    "z0u2y1_z1y0": {
        "00": 0.126,
        "10": 0.1227,
        "11": 0.1247,
        "01": 0.1245
    },
    "z1y1_z0u3y0": {
        "00": 0.1271,
        "10": 0.12495,
        "11": 0.1253,
        "01": 0.12895
    },
    "z1y0_z0u3y0": {
        "00": 0.1271,
        "10": 0.12495,
        "11": 0.1253,
        "01": 0.12895
    },
    "z1y1_z0u1y0": {
        "00": 0.1289,
        "10": 0.1233,
        "11": 0.1244,
        "01": 0.1234
    },
    "z0u3y0_z0u2y0": {
        "00": 0.1272,
        "10": 0.1292,
        "11": 0.1256,
        "01": 0.1228
    },
    "z0u1y0_z1y1": {},
    "z0u1y0_z0u3y0": {
        "00": 0.1275,
        "10": 0.1231,
        "11": 0.1237,
        "01": 0.1232
    }
}
