{
    "z0u3y1_z0u1y1": {
        "11": 0.2486,
        "01": 0.2496
    },
    "z0u2y0_z0u2y0": {
        "00": 0.1269,
        "10": 0.1226,
        "11": 0.1239,
        "01": 0.1232
    },
    "z1y1_z0u2y1": {
        "00": 0.1243,
        "10": 0.1238,
        "11": 0.12295,
        "01": 0.1232
    },
    "z0u1y0_z0u1y1": {},
    "z0u3y0_z0u3y0": {
        "00": 0.1251,
        "10": 0.121,
        "11": 0.1268,
        "01": 0.123
    },
    "z1y0_z0u1y0": {
        "00": 0.2496,
        "10": 0.2504
    },
    "z0u3y0_z1y0": {
        "00": 0.2505,
        "10": 0.2528
    },
    "z0u3y1_z0u3y0": {
        "00": 0.1223,
        "10": 0.1201,
        "11": 0.1208,
        "01": 0.1282
    },
    "z0u2y0_z1y1": {
        "11": 0.2551,
        "01": 0.251
    },
    "z0u2y1_z0u3y1": {
        "00": 0.13,
        "10": 0.1237,
        "11": 0.1218,
        "01": 0.1254
    },
    "z0u3y1_z0u2y1": {
        "00": 0.1246,
        "10": 0.1247,
        "11": 0.13,
        "01": 0.1247
    },
    "z0u2y0_z0u3y0": {
        "00": 0.1236,
        "10": 0.1205,
        "11": 0.1237,
        "01": 0.1267
    },
    "z0u1y1_z0u3y0": {
        "11": 0.2483,
        "01": 0.2484
    },
    "z0u1y1_z0u3y1": {
        "11": 0.2456,
        "01": 0.2577
    },
    "z0u2y1_z0u3y0": {
        "00": 0.1296,
        "10": 0.1251,
        "11": 0.1213,
        "01": 0.1231
    },
    "z0u1y1_z1y1": {
        "11": 0.4974,
        "01": 0.5026
    },
    "z0u2y1_z0u1y0": {
        "00": 0.245,
        "10": 0.2497
    },
    "z1y1_z0u3y1": {
        "00": 0.12155,
        "10": 0.12645,
        "11": 0.1247,
        "01": 0.1254
    },
    "z1y0_z0u3y1": {
        "00": 0.12155,
        "10": 0.12645,
        "11": 0.1247,
        "01": 0.1254
    },
    "z0u1y0_z1y0": {
        "00": 0.5046,
        "10": 0.4954
    },
    "z0u1y1_z1y0": {},
    "z0u1y1_z0u2y1": {
        "11": 0.2522,
        "01": 0.2484
    },
    "z0u2y0_z0u1y0": {
        "00": 0.2513,
        "10": 0.2501
    },
    "z0u1y0_z0u2y1": {
        "00": 0.2551,
        "10": 0.2524
    },
    "z1y1_z0u2y0": {
        "00": 0.1249,
        "10": 0.127,
        "11": 0.12755,
        "01": 0.1263
    },
    "z0u2y0_z0u1y1": {
        "11": 0.2485,
        "01": 0.2501
    },
    "z0u1y0_z0u2y0": {
        "00": 0.2454,
        "10": 0.2471
    },
    "z1y0_z0u1y1": {
        "11": 0.249,
        "01": 0.251
    },
    "z0u3y0_z0u2y1": {
        "00": 0.1269,
        "10": 0.1243,
        "11": 0.1183,
        "01": 0.1234
    },
    "z1y0_z1y1": {
        "11": 0.2521,
        "01": 0.2479
    },
    "z0u1y1_z0u1y0": {},
    "z0u3y1_z0u3y1": {
        "00": 0.1259,
        "10": 0.1266,
        "11": 0.1273,
        "01": 0.1288
    },
    "z1y1_z1y0": {
        "00": 0.24975,
        "10": 0.25025
    },
    "z0u3y1_z0u1y0": {
        "00": 0.2518,
        "10": 0.25
    },
    "z1y1_z0u1y1": {
        "11": 0.249,
        "01": 0.251
    },
    "z1y0_z1y0": {
        "00": 0.24975,
        "10": 0.25025
    },
    "z0u2y1_z1y1": {
        "11": 0.2551,
        "01": 0.2447
    },
    "z0u1y1_z0u1y1": {
        "11": 0.504,
        "01": 0.496
    },
    "z0u2y1_z0u1y1": {
        "11": 0.256,
        "01": 0.2493
    },
    "z0u3y1_z0u2y0": {
        "00": 0.1262,
        "10": 0.1228,
        "11": 0.1245,
        "01": 0.1225
    },
    "z1y1_z1y1": {
        "11": 0.2521,
        "01": 0.2479
    },
    "z0u3y0_z0u1y0": {
        "00": 0.2485,
        "10": 0.2515
    },
    "z0u2y0_z0u3y1": {
        "00": 0.1264,
        "10": 0.1284,
        "11": 0.1263,
        "01": 0.1244
    },
    "z0u3y0_z0u3y1": {
        "00": 0.129,
        "10": 0.1219,
        "11": 0.1234,
        "01": 0.1298
    },
    "z0u3y0_z1y1": {
        "11": 0.25,
        "01": 0.2467
    },
    "z1y0_z0u2y0": {
        "00": 0.1249,
        "10": 0.127,
        "11": 0.12755,
        "01": 0.1263
    },
    "z1y0_z0u2y1": {
        "00": 0.1243,
        "10": 0.1238,
        "11": 0.12295,
        "01": 0.1232
    },
    "z0u1y1_z0u2y0": {
        "11": 0.255,
        "01": 0.2444
    },
    "z0u3y0_z0u1y1": {
        "11": 0.2473,
        "01": 0.2527
    },
    "z0u2y0_z1y0": {
        "00": 0.249,
        "10": 0.2449
    },
    "z0u3y1_z1y1": {
        "11": 0.2485,
        "01": 0.2557
    },
    "z0u1y0_z0u3y1": {
        "00": 0.2468,
        "10": 0.2485
    },
    "z0u2y1_z0u2y0": {
        "00": 0.1241,
        "10": 0.1244,
        "11": 0.1279,
        "01": 0.1245
    },
    "z0u2y1_z0u2y1": {
        "00": 0.1225,
        "10": 0.1256,
        "11": 0.1211,
        "01": 0.1299
    },
    "z0u1y0_z0u1y0": {
        "00": 0.5038,
        "10": 0.4962
    },
    "z0u2y0_z0u2y1": {
        "00": 0.1256,
        "10": 0.1218,
        "11": 0.1285,
        "01": 0.1275
    },
    "z0u3y1_z1y0": {
        "00": 0.2446,
        "10": 0.2512
    },
    "z0u2y1_z1y0": {
        "00": 0.2506,
        "10": 0.2496
    },
    "z1y1_z0u3y0": {
        "00": 0.126,
        "10": 0.126,
        "11": 0.12805,
        "01": 0.12185
    },
    "z1y0_z0u3y0": {
        "00": 0.126,
        "10": 0.126,
        "11": 0.12805,
        "01": 0.12185
    },
    "z1y1_z0u1y0": {
        "00": 0.2496,
        "10": 0.2504
    },
    "z0u3y0_z0u2y0": {
        "00": 0.1258,
        "10": 0.1262,
        "11": 0.1299,
        "01": 0.1252
    },
    "z0u1y0_z1y1": {},
    "z0u1y0_z0u3y0": {
        "00": 0.2572,
        "10": 0.2475
    }
}
