{
    "z0u3y1_z0u1y1": {
        "11": 0.2496,
        "01": 0.255
    },
    "z0u2y0_z0u2y0": {
        "00": 0.1218,
        "10": 0.1334,
        "11": 0.121,
        "01": 0.1234
    },
    "z1y1_z0u2y1": {
        "00": 0.1252,
        "10": 0.1249,
        "11": 0.1245,
        "01": 0.1248
    },
    "z0u1y0_z0u1y1": {},
    "z0u3y0_z0u3y0": {
        "00": 0.1308,
        "10": 0.1266,
        "11": 0.1225,
        "01": 0.1266
    },
    "z1y0_z0u1y0": {
        "00": 0.25175,
        "10": 0.24825
    },
    "z0u3y0_z1y0": {
        "00": 0.246,
        "10": 0.2564
    },
    "z0u3y1_z0u3y0": {
        "00": 0.1244,
        "10": 0.1298,
        "11": 0.1231,
        "01": 0.1276
    },
    "z0u2y0_z1y1": {
        "11": 0.243,
        "01": 0.2576
    },
    "z0u2y1_z0u3y1": {
        "00": 0.1213,
        "10": 0.1211,
        "11": 0.1267,
        "01": 0.1238
    },
    "z0u3y1_z0u2y1": {
        "00": 0.1211,
        "10": 0.1248,
        "11": 0.1197,
        "01": 0.1267
    },
    "z0u2y0_z0u3y0": {
        "00": 0.1299,
        "10": 0.1253,
        "11": 0.1205,
        "01": 0.1264
    },
    "z0u1y1_z0u3y0": {
        "11": 0.2504,
        "01": 0.2512
    },
    "z0u1y1_z0u3y1": {
        "11": 0.2528,
        "01": 0.2456
    },
    "z0u2y1_z0u3y0": {
        "00": 0.1309,
        "10": 0.1257,
        "11": 0.1329,
        "01": 0.1176
    },
    "z0u1y1_z1y1": {
        "11": 0.4963,
        "01": 0.5037
    },
    "z0u2y1_z0u1y0": {
        "00": 0.2518,
        "10": 0.2507
    },
    "z1y1_z0u3y1": {
        "00": 0.12475,
        "10": 0.1231,
        "11": 0.12585,
        "01": 0.1257
    },
    "z1y0_z0u3y1": {
        "00": 0.12475,
        "10": 0.1231,
        "11": 0.12585,
        "01": 0.1257
    },
    "z0u1y0_z1y0": {
        "00": 0.4943,
        "10": 0.5057
    },
    "z0u1y1_z1y0": {},
    "z0u1y1_z0u2y1": {
        "11": 0.2519,
        "01": 0.2455
    },
    "z0u2y0_z0u1y0": {
        "00": 0.2519,
        "10": 0.2499
    },
    "z0u1y0_z0u2y1": {
        "00": 0.2426,
        "10": 0.2516
    },
    "z1y1_z0u2y0": {
        "00": 0.12635,
        "10": 0.12355,
        "11": 0.1243,
        "01": 0.1264
    },
    "z0u2y0_z0u1y1": {
        "11": 0.2468,
        "01": 0.2514
    },
    "z0u1y0_z0u2y0": {
        "00": 0.251,
        "10": 0.2548
    },
    "z1y0_z0u1y1": {
        "11": 0.2493,
        "01": 0.2507
    },
    "z0u3y0_z0u2y1": {
        "00": 0.1272,
        "10": 0.1228,
        "11": 0.1247,
        "01": 0.1279
    },
    "z1y0_z1y1": {
        "11": 0.2515,
        "01": 0.2485
    },
    "z0u1y1_z0u1y0": {},
    "z0u3y1_z0u3y1": {
        "00": 0.1226,
        "10": 0.1206,
        "11": 0.1295,
        "01": 0.1224
    },
    "z1y1_z1y0": {
        "00": 0.2505,
        "10": 0.2495
    },
    "z0u3y1_z0u1y0": {
        "00": 0.2457,
        "10": 0.2497
    },
    "z1y1_z0u1y1": {
        "11": 0.2493,
        "01": 0.2507
    },
    "z1y0_z1y0": {
        "00": 0.2505,
        "10": 0.2495
    },
    "z0u2y1_z1y1": {
        "11": 0.2421,
        "01": 0.2513
    },
    "z0u1y1_z0u1y1": {
        "11": 0.4946,
        "01": 0.5054
    },
    "z0u2y1_z0u1y1": {
        "11": 0.2494,
        "01": 0.2481
    },
    "z0u3y1_z0u2y0": {
        "00": 0.1308,
        "10": 0.129,
        "11": 0.1228,
        "01": 0.1251
    },
    "z1y1_z1y1": {
        "11": 0.2515,
        "01": 0.2485
    },
    "z0u3y0_z0u1y0": {
        "00": 0.2508,
        "10": 0.2511
    },
    "z0u2y0_z0u3y1": {
        "00": 0.1263,
        "10": 0.1281,
        "11": 0.1248,
        "01": 0.1187
    },
    "z0u3y0_z0u3y1": {
        "00": 0.1172,
        "10": 0.1235,
        "11": 0.1279,
        "01": 0.1249
    },
    "z0u3y0_z1y1": {
        "11": 0.2482,
        "01": 0.2494
    },
    "z1y0_z0u2y0": {
        "00": 0.12635,
        "10": 0.12355,
        "11": 0.1243,
        "01": 0.1264
    },
    "z1y0_z0u2y1": {
        "00": 0.1252,
        "10": 0.1249,
        "11": 0.1245,
        "01": 0.1248
    },
    "z0u1y1_z0u2y0": {
        "11": 0.2488,
        "01": 0.2538
    },
    "z0u3y0_z0u1y1": {
        "11": 0.2442,
        "01": 0.2539
    },
    "z0u2y0_z1y0": {
        "00": 0.2464,
        "10": 0.253
    },
    "z0u3y1_z1y1": {
        "11": 0.2461,
        "01": 0.2527
    },
    "z0u1y0_z0u3y1": {
        "00": 0.2526,
        "10": 0.2463
    },
    "z0u2y1_z0u2y0": {
        "00": 0.1236,
        "10": 0.1309,
        "11": 0.1216,
        "01": 0.1284
    },
    "z0u2y1_z0u2y1": {
        "00": 0.1178,
        "10": 0.1266,
        "11": 0.1236,
        "01": 0.1275
    },
    "z0u1y0_z0u1y0": {
        "00": 0.5013,
        "10": 0.4987
    },
    "z0u2y0_z0u2y1": {
        "00": 0.1252,
        "10": 0.1295,
        "11": 0.1241,
        "01": 0.1216
    },
    "z0u3y1_z1y0": {
        "00": 0.2493,
        "10": 0.2519
    },
    "z0u2y1_z1y0": {
        "00": 0.2552,
        "10": 0.2514
    },
    "z1y1_z0u3y0": {
        "00": 0.12655,
        "10": 0.1256,
        "11": 0.1205,
        "01": 0.12795
    },
    "z1y0_z0u3y0": {
        "00": 0.12655,
        "10": 0.1256,
        "11": 0.1205,
        "01": 0.12795
    },
    "z1y1_z0u1y0": {
        "00": 0.25175,
        "10": 0.24825
    },
    "z0u3y0_z0u2y0": {
        "00": 0.1259,
        "10": 0.1257,
        "11": 0.1239,
        "01": 0.1219
    },
    "z0u1y0_z1y1": {},
    "z0u1y0_z0u3y0": {
        "00": 0.2432,
        "10": 0.2579
    }
}
