{
    "z0u3y1_z0u1y1": {
        "10": 0.251,
        "11": 0.2508
    },
    "z0u2y0_z0u2y0": {
        "00": 0.1244,
        "10": 0.1227,
        "11": 0.1267,
        "01": 0.1247
    },
    "z1y1_z0u2y1": {
        "00": 0.12545,
        "10": 0.12665,
        "11": 0.12395,
        "01": 0.1274
    },
    "z0u1y0_z0u1y1": {},
    "z0u3y0_z0u3y0": {
        "00": 0.1244,
        "10": 0.1226,
        "11": 0.1261,
        "01": 0.1271
    },
    "z1y0_z0u1y0": {
        "00": 0.25215,
        "01": 0.24785
    },
    "z0u3y0_z1y0": {
        "00": 0.2463,
        "01": 0.2512
    },
    "z0u3y1_z0u3y0": {
        "00": 0.127,
        "10": 0.1216,
        "11": 0.1249,
        "01": 0.1278
    },
    "z0u2y0_z1y1": {
        "10": 0.2534,
        "11": 0.249
    },
    "z0u2y1_z0u3y1": {
        "00": 0.1256,
        "10": 0.1251,
        "11": 0.122,
        "01": 0.1315
    },
    "z0u3y1_z0u2y1": {
        "00": 0.1269,
        "10": 0.1291,
        "11": 0.1224,
        "01": 0.1233
    },
    "z0u2y0_z0u3y0": {
        "00": 0.1316,
        "10": 0.1228,
        "11": 0.128,
        "01": 0.1258
    },
    "z0u1y1_z0u3y0": {
        "10": 0.2567,
        "11": 0.2444
    },
    "z0u1y1_z0u3y1": {
        "10": 0.2505,
        "11": 0.2484
    },
    "z0u2y1_z0u3y0": {
        "00": 0.1223,
        "10": 0.1262,
        "11": 0.1237,
        "01": 0.1236
    },
    "z0u1y1_z1y1": {
        "10": 0.4961,
        "11": 0.5039
    },
    "z0u2y1_z0u1y0": {
        "00": 0.251,
        "01": 0.2571
    },
    "z1y1_z0u3y1": {
        "00": 0.12465,
        "10": 0.12555,
        "11": 0.1249,
        "01": 0.1273
    },
    "z1y0_z0u3y1": {
        "00": 0.12465,
        "10": 0.12555,
        "11": 0.1249,
        "01": 0.1273
    },
    "z0u1y0_z1y0": {
        "00": 0.4879,
        "01": 0.5121
    },
    "z0u1y1_z1y0": {},
    "z0u1y1_z0u2y1": {
        "10": 0.2438,
        "11": 0.2546
    },
    "z0u2y0_z0u1y0": {
        "00": 0.2519,
        "01": 0.2485
    },
    "z0u1y0_z0u2y1": {
        "00": 0.2538,
        "01": 0.2522
    },
    "z1y1_z0u2y0": {
        "00": 0.1256,
        "10": 0.12615,
        "11": 0.12325,
        "01": 0.12155
    },
    "z0u2y0_z0u1y1": {
        "10": 0.2562,
        "11": 0.2434
    },
    "z0u1y0_z0u2y0": {
        "00": 0.2471,
        "01": 0.2469
    },
    "z1y0_z0u1y1": {
        "10": 0.24605,
        "11": 0.25395
    },
    "z0u3y0_z0u2y1": {
        "00": 0.1247,
        "10": 0.1224,
        "11": 0.1271,
        "01": 0.1279
    },
    "z1y0_z1y1": {
        "10": 0.24615,
        "11": 0.25385
    },
    "z0u1y1_z0u1y0": {},
    "z0u3y1_z0u3y1": {
        "00": 0.1177,
        "10": 0.1217,
        "11": 0.1302,
        "01": 0.1291
    },
    "z1y1_z1y0": {
        "00": 0.2485,
        "01": 0.2515
    },
    "z0u3y1_z0u1y0": {
        "00": 0.2449,
        "01": 0.2533
    },
    "z1y1_z0u1y1": {
        "10": 0.24605,
        "11": 0.25395
    },
    "z1y0_z1y0": {
        "00": 0.2485,
        "01": 0.2515
    },
    "z0u2y1_z1y1": {
        "10": 0.2518,
        "11": 0.2416
    },
    "z0u1y1_z0u1y1": {
        "10": 0.4977,
        "11": 0.5023
    },
    "z0u2y1_z0u1y1": {
        "10": 0.2418,
        "11": 0.2501
    },
    "z0u3y1_z0u2y0": {
        "00": 0.1249,
        "10": 0.1215,
        "11": 0.1281,
        "01": 0.1238
    },
    "z1y1_z1y1": {
        "10": 0.24615,
        "11": 0.25385
    },
    "z0u3y0_z0u1y0": {
        "00": 0.2541,
        "01": 0.2443
    },
    "z0u2y0_z0u3y1": {
        "00": 0.1273,
        "10": 0.121,
        "11": 0.1218,
        "01": 0.1217
    },
    "z0u3y0_z0u3y1": {
        "00": 0.1281,
        "10": 0.1208,
        "11": 0.1289,
        "01": 0.122
    },
    "z0u3y0_z1y1": {
        "10": 0.2549,
        "11": 0.2476
    },
    "z1y0_z0u2y0": {
        "00": 0.1256,
        "10": 0.12615,
        "11": 0.12325,
        "01": 0.12155
    },
    "z1y0_z0u2y1": {
        "00": 0.12545,
        "10": 0.12665,
        "11": 0.12395,
        "01": 0.1274
    },
    "z0u1y1_z0u2y0": {
        "10": 0.2526,
        "11": 0.249
    },
    "z0u3y0_z0u1y1": {
        "10": 0.2506,
        "11": 0.251
    },
    "z0u2y0_z1y0": {
        "00": 0.2465,
        "01": 0.2511
    },
    "z0u3y1_z1y1": {
        "10": 0.2502,
        "11": 0.2535
    },
    "z0u1y0_z0u3y1": {
        "00": 0.2517,
        "01": 0.2511
    },
    "z0u2y1_z0u2y0": {
        "00": 0.126,
        "10": 0.1236,
        "11": 0.1218,
        "01": 0.1196
    },
    "z0u2y1_z0u2y1": {
        "00": 0.1254,
        "10": 0.1272,
        "11": 0.1237,
        "01": 0.1327
    },
    "z0u1y0_z0u1y0": {
        "00": 0.4953,
        "01": 0.5047
    },
    "z0u2y0_z0u2y1": {
        "00": 0.1242,
        "10": 0.1234,
        "11": 0.1222,
        "01": 0.1317
    },
    "z0u3y1_z1y0": {
        "00": 0.2479,
        "01": 0.2484
    },
    "z0u2y1_z1y0": {
        "00": 0.2564,
        "01": 0.2502
    },
    "z1y1_z0u3y0": {
        "00": 0.12675,
        "10": 0.1258,
        "11": 0.12375,
        "01": 0.1213
    },
    "z1y0_z0u3y0": {
        "00": 0.12675,
        "10": 0.1258,
        "11": 0.12375,
        "01": 0.1213
    },
    "z1y1_z0u1y0": {
        "00": 0.25215,
        "01": 0.24785
    },
    "z0u3y0_z0u2y0": {
        "00": 0.1257,
        "10": 0.1229,
        "11": 0.122,
        "01": 0.1273
    },
    "z0u1y0_z1y1": {},
    "z0u1y0_z0u3y0": {
        "00": 0.2507,
        "01": 0.2465
    }
}
