{
    "z0u3y1_z0u1y1": {
        "11": 0.2462,
        "01": 0.2504
    },
    "z0u2y0_z0u2y0": {
        "00": 0.1199,
        "10": 0.1281,
        "11": 0.1273,
        "01": 0.129
    },
    "z1y1_z0u2y1": {
        "00": 0.12745,
        "10": 0.12565,
        "11": 0.12445,
        "01": 0.12565
    },
    "z0u1y0_z0u1y1": {},
    "z0u3y0_z0u3y0": {
        "00": 0.1257,
        "10": 0.1257,
        "11": 0.125,
        "01": 0.1233
    },
    "z1y0_z0u1y0": {
        "00": 0.252,
        "10": 0.248
    },
    "z0u3y0_z1y0": {
        "00": 0.2548,
        "10": 0.2524
    },
    "z0u3y1_z0u3y0": {
        "00": 0.1283,
        "10": 0.1282,
        "11": 0.1194,
        "01": 0.1262
    },
    "z0u2y0_z1y1": {
        "11": 0.2433,
        "01": 0.2503
    },
    "z0u2y1_z0u3y1": {
        "00": 0.1274,
        "10": 0.1221,
        "11": 0.1262,
        "01": 0.1263
    },
    "z0u3y1_z0u2y1": {
        "00": 0.1281,
        "10": 0.1253,
        "11": 0.1274,
        "01": 0.1251
    },
    "z0u2y0_z0u3y0": {
        "00": 0.128,
        "10": 0.1238,
        "11": 0.1264,
        "01": 0.1238
    },
    "z0u1y1_z0u3y0": {
        "11": 0.2483,
        "01": 0.2417
    },
    "z0u1y1_z0u3y1": {
        "11": 0.252,
        "01": 0.258
    },
    "z0u2y1_z0u3y0": {
        "00": 0.1208,
        "10": 0.1231,
        "11": 0.1265,
        "01": 0.1276
    },
    "z0u1y1_z1y1": {
        "11": 0.502,
        "01": 0.498
    },
    "z0u2y1_z0u1y0": {
        "00": 0.2469,
        "10": 0.2531
    },
    "z1y1_z0u3y1": {
        "00": 0.12445,
        "10": 0.12435,
        "11": 0.1248,
        "01": 0.1216
    },
    "z1y0_z0u3y1": {
        "00": 0.12445,
        "10": 0.12435,
        "11": 0.1248,
        "01": 0.1216
    },
    "z0u1y0_z1y0": {
        "00": 0.5017,
        "10": 0.4983
    },
    "z0u1y1_z1y0": {},
    "z0u1y1_z0u2y1": {
        "11": 0.2501,
        "01": 0.2548
    },
    "z0u2y0_z0u1y0": {
        "00": 0.2534,
        "10": 0.2542
    },
    "z0u1y0_z0u2y1": {
        "00": 0.2557,
        "10": 0.2514
    },
    "z1y1_z0u2y0": {
        "00": 0.12305,
        "10": 0.12385,
        "11": 0.12725,
        "01": 0.12265
    },
    "z0u2y0_z0u1y1": {
        "11": 0.2499,
        "01": 0.2425
    },
    "z0u1y0_z0u2y0": {
        "00": 0.245,
        "10": 0.2479
    },
    "z1y0_z0u1y1": {
        "11": 0.24635,
        "01": 0.25365
    },
    "z0u3y0_z0u2y1": {
        "00": 0.1221,
        "10": 0.1257,
        "11": 0.1255,
        "01": 0.1244
    },
    "z1y0_z1y1": {
        "11": 0.25005,
        "01": 0.24995
    },
    "z0u1y1_z0u1y0": {},
    "z0u3y1_z0u3y1": {
        "00": 0.1202,
        "10": 0.1298,
        "11": 0.1266,
        "01": 0.1213
    },
    "z1y1_z1y0": {
        "00": 0.24825,
        "10": 0.25175
    },
    "z0u3y1_z0u1y0": {
        "00": 0.2513,
        "10": 0.2521
    },
    "z1y1_z0u1y1": {
        "11": 0.24635,
        "01": 0.25365
    },
    "z1y0_z1y0": {
        "00": 0.24825,
        "10": 0.25175
    },
    "z0u2y1_z1y1": {
        "11": 0.2472,
        "01": 0.2553
    },
    "z0u1y1_z0u1y1": {
        "11": 0.4972,
        "01": 0.5028
    },
    "z0u2y1_z0u1y1": {
        "11": 0.249,
        "01": 0.251
    },
    "z0u3y1_z0u2y0": {
        "00": 0.1196,
        "10": 0.126,
        "11": 0.1233,
        "01": 0.1252
    },
    "z1y1_z1y1": {
        "11": 0.25005,
        "01": 0.24995
    },
    "z0u3y0_z0u1y0": {
        "00": 0.2501,
        "10": 0.2522
    },
    "z0u2y0_z0u3y1": {
        "00": 0.1226,
        "10": 0.1272,
        "11": 0.1235,
        "01": 0.1247
    },
    "z0u3y0_z0u3y1": {
        "00": 0.1219,
        "10": 0.132,
        "11": 0.1215,
        "01": 0.1249
    },
    "z0u3y0_z1y1": {
        "11": 0.2466,
        "01": 0.2462
    },
    "z1y0_z0u2y0": {
        "00": 0.12305,
        "10": 0.12385,
        "11": 0.12725,
        "01": 0.12265
    },
    "z1y0_z0u2y1": {
        "00": 0.12745,
        "10": 0.12565,
        "11": 0.12445,
        "01": 0.12565
    },
    "z0u1y1_z0u2y0": {
        "11": 0.2478,
        "01": 0.2473
    },
    "z0u3y0_z0u1y1": {
        "11": 0.2454,
        "01": 0.2523
    },
    "z0u2y0_z1y0": {
        "00": 0.251,
        "10": 0.2554
    },
    "z0u3y1_z1y1": {
        "11": 0.2516,
        "01": 0.2491
    },
    "z0u1y0_z0u3y1": {
        "00": 0.2489,
        "10": 0.2552
    },
    "z0u2y1_z0u2y0": {
        "00": 0.128,
        "10": 0.1169,
        "11": 0.1291,
        "01": 0.125
    },
    "z0u2y1_z0u2y1": {
        "00": 0.1293,
        "10": 0.1236,
        "11": 0.1235,
        "01": 0.1246
    },
    "z0u1y0_z0u1y0": {
        "00": 0.5022,
        "10": 0.4978
    },
    "z0u2y0_z0u2y1": {
        "00": 0.131,
        "10": 0.1248,
        "11": 0.1195,
        "01": 0.1204
    },
    "z0u3y1_z1y0": {
        "00": 0.2465,
        "10": 0.2528
    },
    "z0u2y1_z1y0": {
        "00": 0.2458,
        "10": 0.2517
    },
    "z1y1_z0u3y0": {
        "00": 0.125,
        "10": 0.1262,
        "11": 0.1274,
        "01": 0.1262
    },
    "z1y0_z0u3y0": {
        "00": 0.125,
        "10": 0.1262,
        "11": 0.1274,
        "01": 0.1262
    },
    "z1y1_z0u1y0": {
        "00": 0.252,
        "10": 0.248
    },
    "z0u3y0_z0u2y0": {
        "00": 0.126,
        "10": 0.1245,
        "11": 0.1268,
        "01": 0.125
    },
    "z0u1y0_z1y1": {},
    "z0u1y0_z0u3y0": {
        "00": 0.249,
        "10": 0.2469
    }
}
