{
    "z0u3y1_z0u1y1": {
        "10": 0.2536,
        "11": 0.2499
    },
    "z0u2y0_z0u2y0": {
        "00": 0.1258,
        "10": 0.1247,
        "11": 0.1265,
        "01": 0.1311
    },
    "z1y1_z0u2y1": {
        "00": 0.1268,
        "10": 0.12665,
        "11": 0.12655,
        "01": 0.1221
    },
    "z0u1y0_z0u1y1": {},
    "z0u3y0_z0u3y0": {
        "00": 0.1209,
        "10": 0.121,
        "11": 0.1271,
        "01": 0.1292
    },
    "z1y0_z0u1y0": {
        "00": 0.24855,
        "01": 0.25145
    },
    "z0u3y0_z1y0": {
        "00": 0.2452,
        "01": 0.2565
    },
    "z0u3y1_z0u3y0": {
        "00": 0.1296,
        "10": 0.1238,
        "11": 0.1266,
        "01": 0.1235
    },
    "z0u2y0_z1y1": {
        "10": 0.2501,
        "11": 0.2502
    },
    "z0u2y1_z0u3y1": {
        "00": 0.1252,
        "10": 0.127,
        "11": 0.1282,
        "01": 0.1249
    },
    "z0u3y1_z0u2y1": {
        "00": 0.1268,
        "10": 0.1265,
        "11": 0.128,
        "01": 0.1261
    },
    "z0u2y0_z0u3y0": {
        "00": 0.1226,
        "10": 0.1269,
        "11": 0.1213,
        "01": 0.1261
    },
    "z0u1y1_z0u3y0": {
        "10": 0.2477,
        "11": 0.2515
    },
    "z0u1y1_z0u3y1": {
        "10": 0.2471,
        "11": 0.2537
    },
    "z0u2y1_z0u3y0": {
        "00": 0.1191,
        "10": 0.1224,
        "11": 0.1265,
        "01": 0.1267
    },
    "z0u1y1_z1y1": {
        "10": 0.4993,
        "11": 0.5007
    },
    "z0u2y1_z0u1y0": {
        "00": 0.2496,
        "01": 0.2463
    },
    "z1y1_z0u3y1": {
        "00": 0.1272,
        "10": 0.1249,
        "11": 0.12315,
        "01": 0.12265
    },
    "z1y0_z0u3y1": {
        "00": 0.1272,
        "10": 0.1249,
        "11": 0.12315,
        "01": 0.12265
    },
    "z0u1y0_z1y0": {
        "00": 0.4968,
        "01": 0.5032
    },
    "z0u1y1_z1y0": {},
    "z0u1y1_z0u2y1": {
        "10": 0.251,
        "11": 0.2542
    },
    "z0u2y0_z0u1y0": {
        "00": 0.2486,
        "01": 0.249
    },
    "z0u1y0_z0u2y1": {
        "00": 0.244,
        "01": 0.2568
    },
    "z1y1_z0u2y0": {
        "00": 0.1269,
        "10": 0.12245,
        "11": 0.12435,
        "01": 0.1242
    },
    "z0u2y0_z0u1y1": {
        "10": 0.2499,
        "11": 0.2525
    },
    "z0u1y0_z0u2y0": {
        "00": 0.248,
        "01": 0.2512
    },
    "z1y0_z0u1y1": {
        "10": 0.24895,
        "11": 0.25105
    },
    "z0u3y0_z0u2y1": {
        "00": 0.1273,
        "10": 0.13,
        "11": 0.1202,
        "01": 0.1177
    },
    "z1y0_z1y1": {
        "10": 0.24975,
        "11": 0.25025
    },
    "z0u1y1_z0u1y0": {},
    "z0u3y1_z0u3y1": {
        "00": 0.1215,
        "10": 0.1219,
        "11": 0.1247,
        "01": 0.1284
    },
    "z1y1_z1y0": {
        "00": 0.25015,
        "01": 0.24985
    },
    "z0u3y1_z0u1y0": {
        "00": 0.2437,
        "01": 0.2528
    },
    "z1y1_z0u1y1": {
        "10": 0.24895,
        "11": 0.25105
    },
    "z1y0_z1y0": {
        "00": 0.25015,
        "01": 0.24985
    },
    "z0u2y1_z1y1": {
        "10": 0.2531,
        "11": 0.2489
    },
    "z0u1y1_z0u1y1": {
        "10": 0.4998,
        "11": 0.5002
    },
    "z0u2y1_z0u1y1": {
        "10": 0.2564,
        "11": 0.2477
    },
    "z0u3y1_z0u2y0": {
        "00": 0.1252,
        "10": 0.1255,
        "11": 0.1205,
        "01": 0.1214
    },
    "z1y1_z1y1": {
        "10": 0.24975,
        "11": 0.25025
    },
    "z0u3y0_z0u1y0": {
        "00": 0.2491,
        "01": 0.2473
    },
    "z0u2y0_z0u3y1": {
        "00": 0.1243,
        "10": 0.1279,
        "11": 0.1267,
        "01": 0.1242
    },
    "z0u3y0_z0u3y1": {
        "00": 0.1211,
        "10": 0.1287,
        "11": 0.1286,
        "01": 0.1234
    },
    "z0u3y0_z1y1": {
        "10": 0.2476,
        "11": 0.2507
    },
    "z1y0_z0u2y0": {
        "00": 0.1269,
        "10": 0.12245,
        "11": 0.12435,
        "01": 0.1242
    },
    "z1y0_z0u2y1": {
        "00": 0.1268,
        "10": 0.12665,
        "11": 0.12655,
        "01": 0.1221
    },
    "z0u1y1_z0u2y0": {
        "10": 0.2483,
        "11": 0.2465
    },
    "z0u3y0_z0u1y1": {
        "10": 0.2475,
        "11": 0.2561
    },
    "z0u2y0_z1y0": {
        "00": 0.2475,
        "01": 0.2522
    },
    "z0u3y1_z1y1": {
        "10": 0.2518,
        "11": 0.2453
    },
    "z0u1y0_z0u3y1": {
        "00": 0.2616,
        "01": 0.2445
    },
    "z0u2y1_z0u2y0": {
        "00": 0.1225,
        "10": 0.1214,
        "11": 0.1297,
        "01": 0.1264
    },
    "z0u2y1_z0u2y1": {
        "00": 0.1247,
        "10": 0.1299,
        "11": 0.1202,
        "01": 0.1252
    },
    "z0u1y0_z0u1y0": {
        "00": 0.5051,
        "01": 0.4949
    },
    "z0u2y0_z0u2y1": {
        "00": 0.1222,
        "10": 0.1237,
        "11": 0.1242,
        "01": 0.1218
    },
    "z0u3y1_z1y0": {
        "00": 0.2557,
        "01": 0.2472
    },
    "z0u2y1_z1y0": {
        "00": 0.2508,
        "01": 0.2472
    },
    "z1y1_z0u3y0": {
        "00": 0.12555,
        "10": 0.12725,
        "11": 0.1247,
        "01": 0.1246
    },
    "z1y0_z0u3y0": {
        "00": 0.12555,
        "10": 0.12725,
        "11": 0.1247,
        "01": 0.1246
    },
    "z1y1_z0u1y0": {
        "00": 0.24855,
        "01": 0.25145
    },
    "z0u3y0_z0u2y0": {
        "00": 0.128,
        "10": 0.1252,
        "11": 0.1253,
        "01": 0.1263
    },
    "z0u1y0_z1y1": {},
    "z0u1y0_z0u3y0": {
        "00": 0.2474,
        "01": 0.2465
    }
}
