{
    "z0u3y1_z0u1y1": {
        "00": 0.1258,
        "10": 0.1332,
        "11": 0.1232,
        "01": 0.1241
    },
    "z0u2y0_z0u2y0": {
        "00": 0.1268,
        "10": 0.124,
        "11": 0.1282,
        "01": 0.1253
    },
    "z1y1_z0u2y1": {
        "00": 0.12395,
        "10": 0.1272,
        "11": 0.12025,
        "01": 0.11995
    },
    "z0u1y0_z0u1y1": {},
    "z0u3y0_z0u3y0": {
        "00": 0.1232,
        "10": 0.1315,
        "11": 0.1269,
        "01": 0.121
    },
    "z1y0_z0u1y0": {
        "00": 0.12775,
        "10": 0.1244,
        "11": 0.1257,
        "01": 0.12215
    },
    "z0u3y0_z1y0": {
        "00": 0.1198,
        "10": 0.1257,
        "11": 0.1217,
        "01": 0.1274
    },
    "z0u3y1_z0u3y0": {
        "00": 0.1211,
        "10": 0.1299,
        "11": 0.1249,
        "01": 0.1224
    },
    "z0u2y0_z1y1": {
        "00": 0.129,
        "10": 0.1242,
        "11": 0.1241,
        "01": 0.1259
    },
    "z0u2y1_z0u3y1": {
        "00": 0.246,
        "11": 0.2437
    },
    "z0u3y1_z0u2y1": {
        "10": 0.2503,
        "01": 0.253
    },
    "z0u2y0_z0u3y0": {
        "00": 0.2508,
        "11": 0.2479
    },
    "z0u1y1_z0u3y0": {
        "00": 0.1198,
        "10": 0.1287,
        "11": 0.1227,
        "01": 0.1264
    },
    "z0u1y1_z0u3y1": {
        "00": 0.1298,
        "10": 0.1244,
        "11": 0.1237,
        "01": 0.1245
    },
    "z0u2y1_z0u3y0": {
        "10": 0.2547,
        "01": 0.2556
    },
    "z0u1y1_z1y1": {
        "00": 0.2489,
        "10": 0.2533,
        "11": 0.2478,
        "01": 0.25
    },
    "z0u2y1_z0u1y0": {
        "00": 0.1256,
        "10": 0.1347,
        "11": 0.1204,
        "01": 0.1215
    },
    "z1y1_z0u3y1": {
        "00": 0.1233,
        "10": 0.1233,
        "11": 0.1273,
        "01": 0.12615
    },
    "z1y0_z0u3y1": {
        "00": 0.1233,
        "10": 0.1233,
        "11": 0.1273,
        "01": 0.12615
    },
    "z0u1y0_z1y0": {
        "00": 0.255,
        "10": 0.2471,
        "11": 0.2518,
        "01": 0.2461
    },
    "z0u1y1_z1y0": {},
    "z0u1y1_z0u2y1": {
        "00": 0.1248,
        "10": 0.1237,
        "11": 0.1206,
        "01": 0.1178
    },
    "z0u2y0_z0u1y0": {
        "00": 0.1261,
        "10": 0.1276,
        "11": 0.1205,
        "01": 0.1254
    },
    "z0u1y0_z0u2y1": {
        "00": 0.1235,
        "10": 0.1269,
        "11": 0.1296,
        "01": 0.1245
    },
    "z1y1_z0u2y0": {
        "00": 0.12925,
        "10": 0.12495,
        "11": 0.12945,
        "01": 0.125
    },
    "z0u2y0_z0u1y1": {
        "00": 0.1239,
        "10": 0.1282,
        "11": 0.1241,
        "01": 0.1242
    },
    "z0u1y0_z0u2y0": {
        "00": 0.1252,
        "10": 0.1221,
        "11": 0.1231,
        "01": 0.1251
    },
    "z1y0_z0u1y1": {
        "00": 0.12545,
        "10": 0.12335,
        "11": 0.12655,
        "01": 0.12465
    },
    "z0u3y0_z0u2y1": {
        "00": 0.2498,
        "11": 0.2543
    },
    "z1y0_z1y1": {
        "00": 0.1283,
        "10": 0.12585,
        "11": 0.1224,
        "01": 0.12345
    },
    "z0u1y1_z0u1y0": {},
    "z0u3y1_z0u3y1": {
        "00": 0.1244,
        "10": 0.1191,
        "11": 0.1299,
        "01": 0.1283
    },
    "z1y1_z1y0": {
        "00": 0.12365,
        "10": 0.1223,
        "11": 0.1286,
        "01": 0.12545
    },
    "z0u3y1_z0u1y0": {
        "00": 0.1243,
        "10": 0.1251,
        "11": 0.12,
        "01": 0.1243
    },
    "z1y1_z0u1y1": {
        "00": 0.12545,
        "10": 0.12335,
        "11": 0.12655,
        "01": 0.12465
    },
    "z1y0_z1y0": {
        "00": 0.12365,
        "10": 0.1223,
        "11": 0.1286,
        "01": 0.12545
    },
    "z0u2y1_z1y1": {
        "00": 0.1183,
        "10": 0.1254,
        "11": 0.1235,
        "01": 0.1286
    },
    "z0u1y1_z0u1y1": {
        "00": 0.2513,
        "10": 0.2502,
        "11": 0.2493,
        "01": 0.2492
    },
    "z0u2y1_z0u1y1": {
        "00": 0.1272,
        "10": 0.1224,
        "11": 0.1228,
        "01": 0.1254
    },
    "z0u3y1_z0u2y0": {
        "00": 0.2491,
        "11": 0.2476
    },
    "z1y1_z1y1": {
        "00": 0.1283,
        "10": 0.12585,
        "11": 0.1224,
        "01": 0.12345
    },
    "z0u3y0_z0u1y0": {
        "00": 0.1232,
        "10": 0.1241,
        "11": 0.1287,
        "01": 0.1261
    },
    "z0u2y0_z0u3y1": {
        "10": 0.2564,
        "01": 0.2449
    },
    "z0u3y0_z0u3y1": {
        "00": 0.1304,
        "10": 0.1224,
        "11": 0.1195,
        "01": 0.1251
    },
    "z0u3y0_z1y1": {
        "00": 0.1261,
        "10": 0.1289,
        "11": 0.1279,
        "01": 0.1225
    },
    "z1y0_z0u2y0": {
        "00": 0.12925,
        "10": 0.12495,
        "11": 0.12945,
        "01": 0.125
    },
    "z1y0_z0u2y1": {
        "00": 0.12395,
        "10": 0.1272,
        "11": 0.12025,
        "01": 0.11995
    },
    "z0u1y1_z0u2y0": {
        "00": 0.1315,
        "10": 0.1233,
        "11": 0.1292,
        "01": 0.1291
    },
    "z0u3y0_z0u1y1": {
        "00": 0.1284,
        "10": 0.1237,
        "11": 0.1226,
        "01": 0.1232
    },
    "z0u2y0_z1y0": {
        "00": 0.1236,
        "10": 0.1293,
        "11": 0.1222,
        "01": 0.1217
    },
    "z0u3y1_z1y1": {
        "00": 0.1259,
        "10": 0.1211,
        "11": 0.1321,
        "01": 0.1226
    },
    "z0u1y0_z0u3y1": {
        "00": 0.1235,
        "10": 0.1263,
        "11": 0.1221,
        "01": 0.125
    },
    "z0u2y1_z0u2y0": {
        "00": 0.132,
        "10": 0.1265,
        "11": 0.1222,
        "01": 0.1308
    },
    "z0u2y1_z0u2y1": {
        "00": 0.1264,
        "10": 0.1201,
        "11": 0.1256,
        "01": 0.1164
    },
    "z0u1y0_z0u1y0": {
        "00": 0.2482,
        "10": 0.2564,
        "11": 0.2485,
        "01": 0.2469
    },
    "z0u2y0_z0u2y1": {
        "00": 0.1245,
        "10": 0.1199,
        "11": 0.1276,
        "01": 0.1237
    },
    "z0u3y1_z1y0": {
        "00": 0.1254,
        "10": 0.1235,
        "11": 0.1249,
        "01": 0.1245
    },
    "z0u2y1_z1y0": {
        "00": 0.1267,
        "10": 0.1263,
        "11": 0.1262,
        "01": 0.125
    },
    "z1y1_z0u3y0": {
        "00": 0.1264,
        "10": 0.1253,
        "11": 0.1223,
        "01": 0.12595
    },
    "z1y0_z0u3y0": {
        "00": 0.1264,
        "10": 0.1253,
        "11": 0.1223,
        "01": 0.12595
    },
    "z1y1_z0u1y0": {
        "00": 0.12775,
        "10": 0.1244,
        "11": 0.1257,
        "01": 0.12215
    },
    "z0u3y0_z0u2y0": {
        "10": 0.2496,
        "01": 0.2463
    },
    "z0u1y0_z1y1": {},
    "z0u1y0_z0u3y0": {
        "00": 0.1278,
        "10": 0.1236,
        "11": 0.1263,
        "01": 0.1254
    }
}
