{
    "z0u3y1_z0u1y1": {
        "00": 0.13,
        "10": 0.1244,
        "11": 0.123,
        "01": 0.1257
    },
    "z0u2y0_z0u2y0": {
        "10": 0.2485,
        "01": 0.2533
    },
    "z1y1_z0u2y1": {
        "00": 0.12325,
        "10": 0.1286,
        "11": 0.1236,
        "01": 0.12535
    },
    "z0u1y0_z0u1y1": {},
    "z0u3y0_z0u3y0": {
        "10": 0.2508,
        "01": 0.2514
    },
    "z1y0_z0u1y0": {
        "00": 0.1261,
        "10": 0.1232,
        "11": 0.1269,
        "01": 0.1238
    },
    "z0u3y0_z1y0": {
        "00": 0.1242,
        "10": 0.1295,
        "11": 0.1205,
        "01": 0.1289
    },
    "z0u3y1_z0u3y0": {
        "00": 0.2539,
        "11": 0.2507
    },
    "z0u2y0_z1y1": {
        "00": 0.1245,
        "10": 0.1257,
        "11": 0.1282,
        "01": 0.1222
    },
    "z0u2y1_z0u3y1": {
        "00": 0.1265,
        "10": 0.1212,
        "11": 0.1286,
        "01": 0.1195
    },
    "z0u3y1_z0u2y1": {
        "00": 0.1249,
        "10": 0.1257,
        "11": 0.1286,
        "01": 0.1246
    },
    "z0u2y0_z0u3y0": {
        "00": 0.1294,
        "10": 0.1267,
        "11": 0.1227,
        "01": 0.1248
    },
    "z0u1y1_z0u3y0": {
        "00": 0.1271,
        "10": 0.1245,
        "11": 0.1264,
        "01": 0.1228
    },
    "z0u1y1_z0u3y1": {
        "00": 0.1299,
        "10": 0.1246,
        "11": 0.1237,
        "01": 0.121
    },
    "z0u2y1_z0u3y0": {
        "00": 0.1273,
        "10": 0.1268,
        "11": 0.1249,
        "01": 0.1252
    },
    "z0u1y1_z1y1": {
        "00": 0.2481,
        "10": 0.2472,
        "11": 0.2586,
        "01": 0.2461
    },
    "z0u2y1_z0u1y0": {
        "00": 0.1234,
        "10": 0.1322,
        "11": 0.1307,
        "01": 0.1227
    },
    "z1y1_z0u3y1": {
        "00": 0.1231,
        "10": 0.1251,
        "11": 0.12365,
        "01": 0.128
    },
    "z1y0_z0u3y1": {
        "00": 0.1231,
        "10": 0.1251,
        "11": 0.12365,
        "01": 0.128
    },
    "z0u1y0_z1y0": {
        "00": 0.2495,
        "10": 0.2494,
        "11": 0.2522,
        "01": 0.2489
    },
    "z0u1y1_z1y0": {},
    "z0u1y1_z0u2y1": {
        "00": 0.1283,
        "10": 0.124,
        "11": 0.1235,
        "01": 0.1273
    },
    "z0u2y0_z0u1y0": {
        "00": 0.1254,
        "10": 0.121,
        "11": 0.1265,
        "01": 0.122
    },
    "z0u1y0_z0u2y1": {
        "00": 0.1205,
        "10": 0.1225,
        "11": 0.1272,
        "01": 0.1308
    },
    "z1y1_z0u2y0": {
        "00": 0.12595,
        "10": 0.124,
        "11": 0.1226,
        "01": 0.12665
    },
    "z0u2y0_z0u1y1": {
        "00": 0.1239,
        "10": 0.1231,
        "11": 0.1237,
        "01": 0.1344
    },
    "z0u1y0_z0u2y0": {
        "00": 0.1214,
        "10": 0.1246,
        "11": 0.1247,
        "01": 0.1283
    },
    "z1y0_z0u1y1": {
        "00": 0.12765,
        "10": 0.12215,
        "11": 0.126,
        "01": 0.1242
    },
    "z0u3y0_z0u2y1": {
        "00": 0.1249,
        "10": 0.1278,
        "11": 0.1235,
        "01": 0.1253
    },
    "z1y0_z1y1": {
        "00": 0.1287,
        "10": 0.1237,
        "11": 0.1236,
        "01": 0.124
    },
    "z0u1y1_z0u1y0": {},
    "z0u3y1_z0u3y1": {
        "10": 0.2466,
        "01": 0.2488
    },
    "z1y1_z1y0": {
        "00": 0.12795,
        "10": 0.12625,
        "11": 0.1226,
        "01": 0.1232
    },
    "z0u3y1_z0u1y0": {
        "00": 0.1198,
        "10": 0.1278,
        "11": 0.1231,
        "01": 0.1262
    },
    "z1y1_z0u1y1": {
        "00": 0.12765,
        "10": 0.12215,
        "11": 0.126,
        "01": 0.1242
    },
    "z1y0_z1y0": {
        "00": 0.12795,
        "10": 0.12625,
        "11": 0.1226,
        "01": 0.1232
    },
    "z0u2y1_z1y1": {
        "00": 0.1201,
        "10": 0.1204,
        "11": 0.1238,
        "01": 0.1302
    },
    "z0u1y1_z0u1y1": {
        "00": 0.2523,
        "10": 0.2459,
        "11": 0.248,
        "01": 0.2538
    },
    "z0u2y1_z0u1y1": {
        "00": 0.1294,
        "10": 0.1296,
        "11": 0.1125,
        "01": 0.1195
    },
    "z0u3y1_z0u2y0": {
        "00": 0.1255,
        "10": 0.117,
        "11": 0.1277,
        "01": 0.126
    },
    "z1y1_z1y1": {
        "00": 0.1287,
        "10": 0.1237,
        "11": 0.1236,
        "01": 0.124
    },
    "z0u3y0_z0u1y0": {
        "00": 0.1264,
        "10": 0.1282,
        "11": 0.1293,
        "01": 0.1237
    },
    "z0u2y0_z0u3y1": {
        "00": 0.1203,
        "10": 0.1216,
        "11": 0.1284,
        "01": 0.1261
    },
    "z0u3y0_z0u3y1": {
        "00": 0.2461,
        "11": 0.2517
    },
    "z0u3y0_z1y1": {
        "00": 0.1252,
        "10": 0.1191,
        "11": 0.1286,
        "01": 0.124
    },
    "z1y0_z0u2y0": {
        "00": 0.12595,
        "10": 0.124,
        "11": 0.1226,
        "01": 0.12665
    },
    "z1y0_z0u2y1": {
        "00": 0.12325,
        "10": 0.1286,
        "11": 0.1236,
        "01": 0.12535
    },
    "z0u1y1_z0u2y0": {
        "00": 0.1289,
        "10": 0.1219,
        "11": 0.127,
        "01": 0.1191
    },
    "z0u3y0_z0u1y1": {
        "00": 0.1196,
        "10": 0.1235,
        "11": 0.1223,
        "01": 0.127
    },
    "z0u2y0_z1y0": {
        "00": 0.1228,
        "10": 0.1267,
        "11": 0.1257,
        "01": 0.1242
    },
    "z0u3y1_z1y1": {
        "00": 0.1283,
        "10": 0.1205,
        "11": 0.1216,
        "01": 0.1262
    },
    "z0u1y0_z0u3y1": {
        "00": 0.121,
        "10": 0.1277,
        "11": 0.1292,
        "01": 0.1212
    },
    "z0u2y1_z0u2y0": {
        "00": 0.2529,
        "11": 0.246
    },
    "z0u2y1_z0u2y1": {
        "10": 0.2474,
        "01": 0.2537
    },
    "z0u1y0_z0u1y0": {
        "00": 0.2561,
        "10": 0.2428,
        "11": 0.2529,
        "01": 0.2482
    },
    "z0u2y0_z0u2y1": {
        "00": 0.2486,
        "11": 0.2496
    },
    "z0u3y1_z1y0": {
        "00": 0.1209,
        "10": 0.1232,
        "11": 0.1298,
        "01": 0.1295
    },
    "z0u2y1_z1y0": {
        "00": 0.1249,
        "10": 0.1258,
        "11": 0.1282,
        "01": 0.1266
    },
    "z1y1_z0u3y0": {
        "00": 0.12355,
        "10": 0.12835,
        "11": 0.12455,
        "01": 0.1237
    },
    "z1y0_z0u3y0": {
        "00": 0.12355,
        "10": 0.12835,
        "11": 0.12455,
        "01": 0.1237
    },
    "z1y1_z0u1y0": {
        "00": 0.1261,
        "10": 0.1232,
        "11": 0.1269,
        "01": 0.1238
    },
    "z0u3y0_z0u2y0": {
        "00": 0.1264,
        "10": 0.1238,
        "11": 0.1251,
        "01": 0.1232
    },
    "z0u1y0_z1y1": {},
    "z0u1y0_z0u3y0": {
        "00": 0.1282,
        "10": 0.1196,
        "11": 0.1226,
        "01": 0.1305
    }
}
