{
    "z0u3y1_z0u1y1": {
        "11": 0.5043
    },
    "z0u2y0_z0u2y0": {
        "00": 0.2466,
        "11": 0.2513
    },
    "z1y1_z0u2y1": {
        "00": 0.2494,
        "11": 0.2514
    },
    "z0u1y0_z0u1y1": {},
    "z0u3y0_z0u3y0": {
        "00": 0.2465,
        "11": 0.2489
    },
    "z1y0_z0u1y0": {
        "00": 0.5
    },
    "z0u3y0_z1y0": {
        "00": 0.4992
    },
    "z0u3y1_z0u3y0": {
        "00": 0.2478,
        "11": 0.248
    },
    "z0u2y0_z1y1": {
        "11": 0.5013
    },
    "z0u2y1_z0u3y1": {
        "00": 0.2442,
        "11": 0.2561
    },
    "z0u3y1_z0u2y1": {
        "00": 0.2464,
        "11": 0.2546
    },
    "z0u2y0_z0u3y0": {
        "00": 0.2531,
        "11": 0.2526
    },
    "z0u1y1_z0u3y0": {
        "11": 0.5004
    },
    "z0u1y1_z0u3y1": {
        "11": 0.4996
    },
    "z0u2y1_z0u3y0": {
        "00": 0.2527,
        "11": 0.247
    },
    "z0u1y1_z1y1": {
        "11": 1.0
    },
    "z0u2y1_z0u1y0": {
        "00": 0.4993
    },
    "z1y1_z0u3y1": {
        "00": 0.246,
        "11": 0.25295
    },
    "z1y0_z0u3y1": {
        "00": 0.246,
        "11": 0.25295
    },
    "z0u1y0_z1y0": {
        "00": 1.0
    },
    "z0u1y1_z1y0": {},
    "z0u1y1_z0u2y1": {
        "11": 0.4923
    },
    "z0u2y0_z0u1y0": {
        "00": 0.4962
    },
    "z0u1y0_z0u2y1": {
        "00": 0.4888
    },
    "z1y1_z0u2y0": {
        "00": 0.2506,
        "11": 0.2486
    },
    "z0u2y0_z0u1y1": {
        "11": 0.5038
    },
    "z0u1y0_z0u2y0": {
        "00": 0.5112
    },
    "z1y0_z0u1y1": {
        "11": 0.5
    },
    "z0u3y0_z0u2y1": {
        "00": 0.2482,
        "11": 0.2544
    },
    "z1y0_z1y1": {
        "11": 0.5
    },
    "z0u1y1_z0u1y0": {},
    "z0u3y1_z0u3y1": {
        "00": 0.2527,
        "11": 0.2515
    },
    "z1y1_z1y0": {
        "00": 0.5
    },
    "z0u3y1_z0u1y0": {
        "00": 0.4957
    },
    "z1y1_z0u1y1": {
        "11": 0.5
    },
    "z1y0_z1y0": {
        "00": 0.5
    },
    "z0u2y1_z1y1": {
        "11": 0.5031
    },
    "z0u1y1_z0u1y1": {
        "11": 1.0
    },
    "z0u2y1_z0u1y1": {
        "11": 0.5007
    },
    "z0u3y1_z0u2y0": {
        "00": 0.2536,
        "11": 0.2454
    },
    "z1y1_z1y1": {
        "11": 0.5
    },
    "z0u3y0_z0u1y0": {
        "00": 0.5035
    },
    "z0u2y0_z0u3y1": {
        "00": 0.2471,
        "11": 0.2472
    },
    "z0u3y0_z0u3y1": {
        "00": 0.2535,
        "11": 0.2511
    },
    "z0u3y0_z1y1": {
        "11": 0.5008
    },
    "z1y0_z0u2y0": {
        "00": 0.2506,
        "11": 0.2486
    },
    "z1y0_z0u2y1": {
        "00": 0.2494,
        "11": 0.2514
    },
    "z0u1y1_z0u2y0": {
        "11": 0.5077
    },
    "z0u3y0_z0u1y1": {
        "11": 0.4965
    },
    "z0u2y0_z1y0": {
        "00": 0.4987
    },
    "z0u3y1_z1y1": {
        "11": 0.4987
    },
    "z0u1y0_z0u3y1": {
        "00": 0.4985
    },
    "z0u2y1_z0u2y0": {
        "00": 0.2454,
        "11": 0.2489
    },
    "z0u2y1_z0u2y1": {
        "00": 0.2512,
        "11": 0.2545
    },
    "z0u1y0_z0u1y0": {
        "00": 1.0
    },
    "z0u2y0_z0u2y1": {
        "00": 0.2486,
        "11": 0.2535
    },
    "z0u3y1_z1y0": {
        "00": 0.5013
    },
    "z0u2y1_z1y0": {
        "00": 0.4969
    },
    "z1y1_z0u3y0": {
        "00": 0.254,
        "11": 0.24705
    },
    "z1y0_z0u3y0": {
        "00": 0.254,
        "11": 0.24705
    },
    "z1y1_z0u1y0": {
        "00": 0.5
    },
    "z0u3y0_z0u2y0": {
        "00": 0.2491,
        "11": 0.2483
    },
    "z0u1y0_z1y1": {},
    "z0u1y0_z0u3y0": {
        "00": 0.5015
    }
}
