{
    "z0u3y1_z0u1y1": {
        "10": 0.2545,
        "11": 0.245
    },
    "z0u2y0_z0u2y0": {
        "00": 0.1267,
        "10": 0.1226,
        "11": 0.1284,
        "01": 0.1272
    },
    "z1y1_z0u2y1": {
        "00": 0.12555,
        "10": 0.127,
        "11": 0.12415,
        "01": 0.12765
    },
    "z0u1y0_z0u1y1": {},
    "z0u3y0_z0u3y0": {
        "00": 0.1217,
        "10": 0.1222,
        "11": 0.1279,
        "01": 0.1249
    },
    "z1y0_z0u1y0": {
        "00": 0.2493,
        "01": 0.2507
    },
    "z0u3y0_z1y0": {
        "00": 0.254,
        "01": 0.247
    },
    "z0u3y1_z0u3y0": {
        "00": 0.1285,
        "10": 0.1208,
        "11": 0.1251,
        "01": 0.1286
    },
    "z0u2y0_z1y1": {
        "10": 0.2514,
        "11": 0.2484
    },
    "z0u2y1_z0u3y1": {
        "00": 0.1304,
        "10": 0.1278,
        "11": 0.1259,
        "01": 0.1191
    },
    "z0u3y1_z0u2y1": {
        "00": 0.1203,
        "10": 0.1244,
        "11": 0.1255,
        "01": 0.1235
    },
    "z0u2y0_z0u3y0": {
        "00": 0.1218,
        "10": 0.1276,
        "11": 0.122,
        "01": 0.124
    },
    "z0u1y1_z0u3y0": {
        "10": 0.2481,
        "11": 0.2454
    },
    "z0u1y1_z0u3y1": {
        "10": 0.2573,
        "11": 0.2492
    },
    "z0u2y1_z0u3y0": {
        "00": 0.127,
        "10": 0.129,
        "11": 0.1197,
        "01": 0.1211
    },
    "z0u1y1_z1y1": {
        "10": 0.4998,
        "11": 0.5002
    },
    "z0u2y1_z0u1y0": {
        "00": 0.253,
        "01": 0.2488
    },
    "z1y1_z0u3y1": {
        "00": 0.1268,
        "10": 0.12435,
        "11": 0.12785,
        "01": 0.1232
    },
    "z1y0_z0u3y1": {
        "00": 0.1268,
        "10": 0.12435,
        "11": 0.12785,
        "01": 0.1232
    },
    "z0u1y0_z1y0": {
        "00": 0.4889,
        "01": 0.5111
    },
    "z0u1y1_z1y0": {},
    "z0u1y1_z0u2y1": {
        "10": 0.2436,
        "11": 0.2568
    },
    "z0u2y0_z0u1y0": {
        "00": 0.248,
        "01": 0.2519
    },
    "z0u1y0_z0u2y1": {
        "00": 0.2543,
        "01": 0.2468
    },
    "z1y1_z0u2y0": {
        "00": 0.12585,
        "10": 0.12525,
        "11": 0.1236,
        "01": 0.12095
    },
    "z0u2y0_z0u1y1": {
        "10": 0.2534,
        "11": 0.2467
    },
    "z0u1y0_z0u2y0": {
        "00": 0.2519,
        "01": 0.247
    },
    "z1y0_z0u1y1": {
        "10": 0.2541,
        "11": 0.2459
    },
    "z0u3y0_z0u2y1": {
        "00": 0.1206,
        "10": 0.1215,
        "11": 0.1245,
        "01": 0.1266
    },
    "z1y0_z1y1": {
        "10": 0.2511,
        "11": 0.2489
    },
    "z0u1y1_z0u1y0": {},
    "z0u3y1_z0u3y1": {
        "00": 0.1249,
        "10": 0.1272,
        "11": 0.1236,
        "01": 0.1213
    },
    "z1y1_z1y0": {
        "00": 0.25185,
        "01": 0.24815
    },
    "z0u3y1_z0u1y0": {
        "00": 0.2523,
        "01": 0.2482
    },
    "z1y1_z0u1y1": {
        "10": 0.2541,
        "11": 0.2459
    },
    "z1y0_z1y0": {
        "00": 0.25185,
        "01": 0.24815
    },
    "z0u2y1_z1y1": {
        "10": 0.2535,
        "11": 0.2433
    },
    "z0u1y1_z0u1y1": {
        "10": 0.4931,
        "11": 0.5069
    },
    "z0u2y1_z0u1y1": {
        "10": 0.2491,
        "11": 0.2491
    },
    "z0u3y1_z0u2y0": {
        "00": 0.1258,
        "10": 0.1292,
        "11": 0.1238,
        "01": 0.1275
    },
    "z1y1_z1y1": {
        "10": 0.2511,
        "11": 0.2489
    },
    "z0u3y0_z0u1y0": {
        "00": 0.246,
        "01": 0.257
    },
    "z0u2y0_z0u3y1": {
        "00": 0.1277,
        "10": 0.126,
        "11": 0.1228,
        "01": 0.1281
    },
    "z0u3y0_z0u3y1": {
        "00": 0.1239,
        "10": 0.1234,
        "11": 0.1334,
        "01": 0.1226
    },
    "z0u3y0_z1y1": {
        "10": 0.2453,
        "11": 0.2537
    },
    "z1y0_z0u2y0": {
        "00": 0.12585,
        "10": 0.12525,
        "11": 0.1236,
        "01": 0.12095
    },
    "z1y0_z0u2y1": {
        "00": 0.12555,
        "10": 0.127,
        "11": 0.12415,
        "01": 0.12765
    },
    "z0u1y1_z0u2y0": {
        "10": 0.247,
        "11": 0.2526
    },
    "z0u3y0_z0u1y1": {
        "10": 0.2501,
        "11": 0.2469
    },
    "z0u2y0_z1y0": {
        "00": 0.2531,
        "01": 0.2471
    },
    "z0u3y1_z1y1": {
        "10": 0.2504,
        "11": 0.2528
    },
    "z0u1y0_z0u3y1": {
        "00": 0.2546,
        "01": 0.2464
    },
    "z0u2y1_z0u2y0": {
        "00": 0.1245,
        "10": 0.1261,
        "11": 0.1187,
        "01": 0.1265
    },
    "z0u2y1_z0u2y1": {
        "00": 0.1306,
        "10": 0.1291,
        "11": 0.122,
        "01": 0.1225
    },
    "z0u1y0_z0u1y0": {
        "00": 0.4915,
        "01": 0.5085
    },
    "z0u2y0_z0u2y1": {
        "00": 0.1242,
        "10": 0.1215,
        "11": 0.126,
        "01": 0.1234
    },
    "z0u3y1_z1y0": {
        "00": 0.2454,
        "01": 0.2514
    },
    "z0u2y1_z1y0": {
        "00": 0.2549,
        "01": 0.2483
    },
    "z1y1_z0u3y0": {
        "00": 0.1235,
        "10": 0.12475,
        "11": 0.12305,
        "01": 0.1265
    },
    "z1y0_z0u3y0": {
        "00": 0.1235,
        "10": 0.12475,
        "11": 0.12305,
        "01": 0.1265
    },
    "z1y1_z0u1y0": {
        "00": 0.2493,
        "01": 0.2507
    },
    "z0u3y0_z0u2y0": {
        "00": 0.1276,
        "10": 0.1239,
        "11": 0.1277,
        "01": 0.1276
    },
    "z0u1y0_z1y1": {},
    "z0u1y0_z0u3y0": {
        "00": 0.2503,
        "01": 0.2487
    }
}
