{
    "z0u3y1_z0u1y1": {
        "11": 0.4987
    },
    "z0u2y0_z0u2y0": {
        "00": 0.2463,
        "11": 0.2487
    },
    "z1y1_z0u2y1": {
        "00": 0.246,
        "11": 0.25015
    },
    "z0u1y0_z0u1y1": {},
    "z0u3y0_z0u3y0": {
        "00": 0.2509,
        "11": 0.2542
    },
    "z1y0_z0u1y0": {
        "00": 0.5
    },
    "z0u3y0_z1y0": {
        "00": 0.4978
    },
    "z0u3y1_z0u3y0": {
        "00": 0.2505,
        "11": 0.2515
    },
    "z0u2y0_z1y1": {
        "11": 0.5027
    },
    "z0u2y1_z0u3y1": {
        "00": 0.2491,
        "11": 0.2502
    },
    "z0u3y1_z0u2y1": {
        "00": 0.251,
        "11": 0.2509
    },
    "z0u2y0_z0u3y0": {
        "00": 0.2513,
        "11": 0.2545
    },
    "z0u1y1_z0u3y0": {
        "11": 0.503
    },
    "z0u1y1_z0u3y1": {
        "11": 0.497
    },
    "z0u2y1_z0u3y0": {
        "00": 0.251,
        "11": 0.2497
    },
    "z0u1y1_z1y1": {
        "11": 1.0
    },
    "z0u2y1_z0u1y0": {
        "00": 0.4964
    },
    "z1y1_z0u3y1": {
        "00": 0.2529,
        "11": 0.2514
    },
    "z1y0_z0u3y1": {
        "00": 0.2529,
        "11": 0.2514
    },
    "z0u1y0_z1y0": {
        "00": 1.0
    },
    "z0u1y1_z1y0": {},
    "z0u1y1_z0u2y1": {
        "11": 0.501
    },
    "z0u2y0_z0u1y0": {
        "00": 0.5049
    },
    "z0u1y0_z0u2y1": {
        "00": 0.5033
    },
    "z1y1_z0u2y0": {
        "00": 0.254,
        "11": 0.24985
    },
    "z0u2y0_z0u1y1": {
        "11": 0.4951
    },
    "z0u1y0_z0u2y0": {
        "00": 0.4967
    },
    "z1y0_z0u1y1": {
        "11": 0.5
    },
    "z0u3y0_z0u2y1": {
        "00": 0.2533,
        "11": 0.249
    },
    "z1y0_z1y1": {
        "11": 0.5
    },
    "z0u1y1_z0u1y0": {},
    "z0u3y1_z0u3y1": {
        "00": 0.2451,
        "11": 0.2529
    },
    "z1y1_z1y0": {
        "00": 0.5
    },
    "z0u3y1_z0u1y0": {
        "00": 0.5013
    },
    "z1y1_z0u1y1": {
        "11": 0.5
    },
    "z1y0_z1y0": {
        "00": 0.5
    },
    "z0u2y1_z1y1": {
        "11": 0.504
    },
    "z0u1y1_z0u1y1": {
        "11": 1.0
    },
    "z0u2y1_z0u1y1": {
        "11": 0.5036
    },
    "z0u3y1_z0u2y0": {
        "00": 0.254,
        "11": 0.2441
    },
    "z1y1_z1y1": {
        "11": 0.5
    },
    "z0u3y0_z0u1y0": {
        "00": 0.4983
    },
    "z0u2y0_z0u3y1": {
        "00": 0.2488,
        "11": 0.2454
    },
    "z0u3y0_z0u3y1": {
        "00": 0.2495,
        "11": 0.2454
    },
    "z0u3y0_z1y1": {
        "11": 0.5022
    },
    "z1y0_z0u2y0": {
        "00": 0.254,
        "11": 0.24985
    },
    "z1y0_z0u2y1": {
        "00": 0.246,
        "11": 0.25015
    },
    "z0u1y1_z0u2y0": {
        "11": 0.499
    },
    "z0u3y0_z0u1y1": {
        "11": 0.5017
    },
    "z0u2y0_z1y0": {
        "00": 0.4973
    },
    "z0u3y1_z1y1": {
        "11": 0.5028
    },
    "z0u1y0_z0u3y1": {
        "00": 0.4918
    },
    "z0u2y1_z0u2y0": {
        "00": 0.2467,
        "11": 0.2541
    },
    "z0u2y1_z0u2y1": {
        "00": 0.2536,
        "11": 0.2456
    },
    "z0u1y0_z0u1y0": {
        "00": 1.0
    },
    "z0u2y0_z0u2y1": {
        "00": 0.248,
        "11": 0.257
    },
    "z0u3y1_z1y0": {
        "00": 0.4972
    },
    "z0u2y1_z1y0": {
        "00": 0.496
    },
    "z1y1_z0u3y0": {
        "00": 0.2471,
        "11": 0.2486
    },
    "z1y0_z0u3y0": {
        "00": 0.2471,
        "11": 0.2486
    },
    "z1y1_z0u1y0": {
        "00": 0.5
    },
    "z0u3y0_z0u2y0": {
        "00": 0.2452,
        "11": 0.2525
    },
    "z0u1y0_z1y1": {},
    "z0u1y0_z0u3y0": {
        "00": 0.5082
    }
}
