{
    "z0u3y1_z0u1y1": {
        "00": 0.1256,
        "10": 0.1263,
        "11": 0.1245,
        "01": 0.1276
    },
    "z0u2y0_z0u2y0": {
        "00": 0.1255,
        "10": 0.1275,
        "11": 0.1303,
        "01": 0.1264
    },
    "z1y1_z0u2y1": {
        "00": 0.1245,
        "10": 0.12195,
        "11": 0.123,
        "01": 0.12655
    },
    "z0u1y0_z0u1y1": {},
    "z0u3y0_z0u3y0": {
        "00": 0.1199,
        "10": 0.1199,
        "11": 0.1298,
        "01": 0.1282
    },
    "z1y0_z0u1y0": {
        "00": 0.12635,
        "10": 0.12615,
        "11": 0.12175,
        "01": 0.12575
    },
    "z0u3y0_z1y0": {
        "00": 0.1243,
        "10": 0.1249,
        "11": 0.1298,
        "01": 0.1251
    },
    "z0u3y1_z0u3y0": {
        "00": 0.1219,
        "10": 0.119,
        "11": 0.1294,
        "01": 0.125
    },
    "z0u2y0_z1y1": {
        "00": 0.1213,
        "10": 0.1266,
        "11": 0.1248,
        "01": 0.1266
    },
    "z0u2y1_z0u3y1": {
        "00": 0.253,
        "11": 0.2477
    },
    "z0u3y1_z0u2y1": {
        "10": 0.2491,
        "01": 0.252
    },
    "z0u2y0_z0u3y0": {
        "00": 0.2525,
        "11": 0.254
    },
    "z0u1y1_z0u3y0": {
        "00": 0.1273,
        "10": 0.1305,
        "11": 0.1267,
        "01": 0.1225
    },
    "z0u1y1_z0u3y1": {
        "00": 0.1287,
        "10": 0.1254,
        "11": 0.1154,
        "01": 0.1235
    },
    "z0u2y1_z0u3y0": {
        "10": 0.25,
        "01": 0.2493
    },
    "z0u1y1_z1y1": {
        "00": 0.2465,
        "10": 0.2442,
        "11": 0.2559,
        "01": 0.2534
    },
    "z0u2y1_z0u1y0": {
        "00": 0.1287,
        "10": 0.1249,
        "11": 0.1228,
        "01": 0.1249
    },
    "z1y1_z0u3y1": {
        "00": 0.1234,
        "10": 0.1267,
        "11": 0.12725,
        "01": 0.1224
    },
    "z1y0_z0u3y1": {
        "00": 0.1234,
        "10": 0.1267,
        "11": 0.12725,
        "01": 0.1224
    },
    "z0u1y0_z1y0": {
        "00": 0.2509,
        "10": 0.243,
        "11": 0.2601,
        "01": 0.246
    },
    "z0u1y1_z1y0": {},
    "z0u1y1_z0u2y1": {
        "00": 0.1234,
        "10": 0.1254,
        "11": 0.1241,
        "01": 0.1209
    },
    "z0u2y0_z0u1y0": {
        "00": 0.1264,
        "10": 0.1231,
        "11": 0.1236,
        "01": 0.1252
    },
    "z0u1y0_z0u2y1": {
        "00": 0.1269,
        "10": 0.1261,
        "11": 0.1253,
        "01": 0.1248
    },
    "z1y1_z0u2y0": {
        "00": 0.12555,
        "10": 0.12695,
        "11": 0.12735,
        "01": 0.12415
    },
    "z0u2y0_z0u1y1": {
        "00": 0.1207,
        "10": 0.1265,
        "11": 0.1321,
        "01": 0.1224
    },
    "z0u1y0_z0u2y0": {
        "00": 0.1213,
        "10": 0.1267,
        "11": 0.1218,
        "01": 0.1271
    },
    "z1y0_z0u1y1": {
        "00": 0.1277,
        "10": 0.12635,
        "11": 0.1212,
        "01": 0.12475
    },
    "z0u3y0_z0u2y1": {
        "00": 0.2557,
        "11": 0.2485
    },
    "z1y0_z1y1": {
        "00": 0.1236,
        "10": 0.1269,
        "11": 0.1235,
        "01": 0.126
    },
    "z0u1y1_z0u1y0": {},
    "z0u3y1_z0u3y1": {
        "00": 0.1252,
        "10": 0.1265,
        "11": 0.1248,
        "01": 0.1282
    },
    "z1y1_z1y0": {
        "00": 0.12475,
        "10": 0.1271,
        "11": 0.12335,
        "01": 0.1248
    },
    "z0u3y1_z0u1y0": {
        "00": 0.1217,
        "10": 0.12,
        "11": 0.126,
        "01": 0.1283
    },
    "z1y1_z0u1y1": {
        "00": 0.1277,
        "10": 0.12635,
        "11": 0.1212,
        "01": 0.12475
    },
    "z1y0_z1y0": {
        "00": 0.12475,
        "10": 0.1271,
        "11": 0.12335,
        "01": 0.1248
    },
    "z0u2y1_z1y1": {
        "00": 0.1244,
        "10": 0.1229,
        "11": 0.1255,
        "01": 0.1258
    },
    "z0u1y1_z0u1y1": {
        "00": 0.2534,
        "10": 0.2524,
        "11": 0.2459,
        "01": 0.2483
    },
    "z0u2y1_z0u1y1": {
        "00": 0.1229,
        "10": 0.1246,
        "11": 0.1273,
        "01": 0.1239
    },
    "z0u3y1_z0u2y0": {
        "00": 0.2538,
        "11": 0.2451
    },
    "z1y1_z1y1": {
        "00": 0.1236,
        "10": 0.1269,
        "11": 0.1235,
        "01": 0.126
    },
    "z0u3y0_z0u1y0": {
        "00": 0.121,
        "10": 0.1214,
        "11": 0.1222,
        "01": 0.1241
    },
    "z0u2y0_z0u3y1": {
        "10": 0.2476,
        "01": 0.2459
    },
    "z0u3y0_z0u3y1": {
        "00": 0.1251,
        "10": 0.1259,
        "11": 0.1242,
        "01": 0.127
    },
    "z0u3y0_z1y1": {
        "00": 0.1218,
        "10": 0.1239,
        "11": 0.1259,
        "01": 0.1243
    },
    "z1y0_z0u2y0": {
        "00": 0.12555,
        "10": 0.12695,
        "11": 0.12735,
        "01": 0.12415
    },
    "z1y0_z0u2y1": {
        "00": 0.1245,
        "10": 0.12195,
        "11": 0.123,
        "01": 0.12655
    },
    "z0u1y1_z0u2y0": {
        "00": 0.1291,
        "10": 0.1223,
        "11": 0.1249,
        "01": 0.1299
    },
    "z0u3y0_z0u1y1": {
        "00": 0.1227,
        "10": 0.1237,
        "11": 0.1358,
        "01": 0.1291
    },
    "z0u2y0_z1y0": {
        "00": 0.1237,
        "10": 0.1315,
        "11": 0.1203,
        "01": 0.1252
    },
    "z0u3y1_z1y1": {
        "00": 0.1208,
        "10": 0.1237,
        "11": 0.1229,
        "01": 0.1285
    },
    "z0u1y0_z0u3y1": {
        "00": 0.1298,
        "10": 0.125,
        "11": 0.1255,
        "01": 0.1192
    },
    "z0u2y1_z0u2y0": {
        "00": 0.1241,
        "10": 0.1297,
        "11": 0.1229,
        "01": 0.1229
    },
    "z0u2y1_z0u2y1": {
        "00": 0.1241,
        "10": 0.1229,
        "11": 0.1283,
        "01": 0.1251
    },
    "z0u1y0_z0u1y0": {
        "00": 0.2498,
        "10": 0.2454,
        "11": 0.2493,
        "01": 0.2555
    },
    "z0u2y0_z0u2y1": {
        "00": 0.1223,
        "10": 0.1197,
        "11": 0.1257,
        "01": 0.1226
    },
    "z0u3y1_z1y0": {
        "00": 0.123,
        "10": 0.1291,
        "11": 0.1253,
        "01": 0.1267
    },
    "z0u2y1_z1y0": {
        "00": 0.1262,
        "10": 0.1288,
        "11": 0.1245,
        "01": 0.1219
    },
    "z1y1_z0u3y0": {
        "00": 0.12765,
        "10": 0.1231,
        "11": 0.1256,
        "01": 0.1239
    },
    "z1y0_z0u3y0": {
        "00": 0.12765,
        "10": 0.1231,
        "11": 0.1256,
        "01": 0.1239
    },
    "z1y1_z0u1y0": {
        "00": 0.12635,
        "10": 0.12615,
        "11": 0.12175,
        "01": 0.12575
    },
    "z0u3y0_z0u2y0": {
        "10": 0.2464,
        "01": 0.2494
    },
    "z0u1y0_z1y1": {},
    "z0u1y0_z0u3y0": {
        "00": 0.1233,
        "10": 0.1253,
        "11": 0.1261,
        "01": 0.1258
    }
}
