{
    "z0u3y1_z0u1y1": {
        "11": 0.2513,
        "01": 0.2545
    },
    "z0u2y0_z0u2y0": {
        "00": 0.1285,
        "10": 0.1298,
        "11": 0.1188,
        "01": 0.1222
    },
    "z1y1_z0u2y1": {
        "00": 0.12535,
        "10": 0.1255,
        "11": 0.12225,
        "01": 0.1239
    },
    "z0u1y0_z0u1y1": {},
    "z0u3y0_z0u3y0": {
        "00": 0.1209,
        "10": 0.1234,
        "11": 0.1224,
        "01": 0.1258
    },
    "z1y0_z0u1y0": {
        "00": 0.2516,
        "10": 0.2484
    },
    "z0u3y0_z1y0": {
        "00": 0.2477,
        "10": 0.2559
    },
    "z0u3y1_z0u3y0": {
        "00": 0.1249,
        "10": 0.1271,
        "11": 0.1219,
        "01": 0.124
    },
    "z0u2y0_z1y1": {
        "11": 0.2486,
        "01": 0.2552
    },
    "z0u2y1_z0u3y1": {
        "00": 0.1238,
        "10": 0.1282,
        "11": 0.1211,
        "01": 0.1258
    },
    "z0u3y1_z0u2y1": {
        "00": 0.1275,
        "10": 0.1236,
        "11": 0.1183,
        "01": 0.1303
    },
    "z0u2y0_z0u3y0": {
        "00": 0.1264,
        "10": 0.1251,
        "11": 0.128,
        "01": 0.1239
    },
    "z0u1y1_z0u3y0": {
        "11": 0.2469,
        "01": 0.2511
    },
    "z0u1y1_z0u3y1": {
        "11": 0.2495,
        "01": 0.2525
    },
    "z0u2y1_z0u3y0": {
        "00": 0.1236,
        "10": 0.1271,
        "11": 0.1294,
        "01": 0.121
    },
    "z0u1y1_z1y1": {
        "11": 0.4968,
        "01": 0.5032
    },
    "z0u2y1_z0u1y0": {
        "00": 0.2438,
        "10": 0.2478
    },
    "z1y1_z0u3y1": {
        "00": 0.12525,
        "10": 0.12355,
        "11": 0.12395,
        "01": 0.12745
    },
    "z1y0_z0u3y1": {
        "00": 0.12525,
        "10": 0.12355,
        "11": 0.12395,
        "01": 0.12745
    },
    "z0u1y0_z1y0": {
        "00": 0.5,
        "10": 0.5
    },
    "z0u1y1_z1y0": {},
    "z0u1y1_z0u2y1": {
        "11": 0.2514,
        "01": 0.248
    },
    "z0u2y0_z0u1y0": {
        "00": 0.2462,
        "10": 0.2547
    },
    "z0u1y0_z0u2y1": {
        "00": 0.253,
        "10": 0.2484
    },
    "z1y1_z0u2y0": {
        "00": 0.1252,
        "10": 0.12395,
        "11": 0.1268,
        "01": 0.12705
    },
    "z0u2y0_z0u1y1": {
        "11": 0.2513,
        "01": 0.2478
    },
    "z0u1y0_z0u2y0": {
        "00": 0.2494,
        "10": 0.2492
    },
    "z1y0_z0u1y1": {
        "11": 0.2519,
        "01": 0.2481
    },
    "z0u3y0_z0u2y1": {
        "00": 0.1271,
        "10": 0.1274,
        "11": 0.1216,
        "01": 0.1232
    },
    "z1y0_z1y1": {
        "11": 0.25065,
        "01": 0.24935
    },
    "z0u1y1_z0u1y0": {},
    "z0u3y1_z0u3y1": {
        "00": 0.1263,
        "10": 0.1252,
        "11": 0.1263,
        "01": 0.1243
    },
    "z1y1_z1y0": {
        "00": 0.25005,
        "10": 0.24995
    },
    "z0u3y1_z0u1y0": {
        "00": 0.2456,
        "10": 0.2486
    },
    "z1y1_z0u1y1": {
        "11": 0.2519,
        "01": 0.2481
    },
    "z1y0_z1y0": {
        "00": 0.25005,
        "10": 0.24995
    },
    "z0u2y1_z1y1": {
        "11": 0.2542,
        "01": 0.2468
    },
    "z0u1y1_z0u1y1": {
        "11": 0.5031,
        "01": 0.4969
    },
    "z0u2y1_z0u1y1": {
        "11": 0.2526,
        "01": 0.2558
    },
    "z0u3y1_z0u2y0": {
        "00": 0.1217,
        "10": 0.1296,
        "11": 0.1252,
        "01": 0.1238
    },
    "z1y1_z1y1": {
        "11": 0.25065,
        "01": 0.24935
    },
    "z0u3y0_z0u1y0": {
        "00": 0.2576,
        "10": 0.2436
    },
    "z0u2y0_z0u3y1": {
        "00": 0.1258,
        "10": 0.1244,
        "11": 0.1224,
        "01": 0.124
    },
    "z0u3y0_z0u3y1": {
        "00": 0.1311,
        "10": 0.1299,
        "11": 0.1236,
        "01": 0.1229
    },
    "z0u3y0_z1y1": {
        "11": 0.2473,
        "01": 0.2491
    },
    "z1y0_z0u2y0": {
        "00": 0.1252,
        "10": 0.12395,
        "11": 0.1268,
        "01": 0.12705
    },
    "z1y0_z0u2y1": {
        "00": 0.12535,
        "10": 0.1255,
        "11": 0.12225,
        "01": 0.1239
    },
    "z0u1y1_z0u2y0": {
        "11": 0.2479,
        "01": 0.2527
    },
    "z0u3y0_z0u1y1": {
        "11": 0.2533,
        "01": 0.2455
    },
    "z0u2y0_z1y0": {
        "00": 0.2467,
        "10": 0.2495
    },
    "z0u3y1_z1y1": {
        "11": 0.2481,
        "01": 0.2487
    },
    "z0u1y0_z0u3y1": {
        "00": 0.2483,
        "10": 0.2542
    },
    "z0u2y1_z0u2y0": {
        "00": 0.1301,
        "10": 0.1292,
        "11": 0.1262,
        "01": 0.1186
    },
    "z0u2y1_z0u2y1": {
        "00": 0.1296,
        "10": 0.1211,
        "11": 0.1216,
        "01": 0.1236
    },
    "z0u1y0_z0u1y0": {
        "00": 0.5007,
        "10": 0.4993
    },
    "z0u2y0_z0u2y1": {
        "00": 0.1212,
        "10": 0.129,
        "11": 0.1253,
        "01": 0.1252
    },
    "z0u3y1_z1y0": {
        "00": 0.2503,
        "10": 0.2529
    },
    "z0u2y1_z1y0": {
        "00": 0.2533,
        "10": 0.2457
    },
    "z1y1_z0u3y0": {
        "00": 0.1231,
        "10": 0.1281,
        "11": 0.12425,
        "01": 0.12435
    },
    "z1y0_z0u3y0": {
        "00": 0.1231,
        "10": 0.1281,
        "11": 0.12425,
        "01": 0.12435
    },
    "z1y1_z0u1y0": {
        "00": 0.2516,
        "10": 0.2484
    },
    "z0u3y0_z0u2y0": {
        "00": 0.1299,
        "10": 0.1286,
        "11": 0.1179,
        "01": 0.1243
    },
    "z0u1y0_z1y1": {},
    "z0u1y0_z0u3y0": {
        "00": 0.2504,
        "10": 0.2471
    }
}
