{
    "z0u3y1_z0u1y1": {
        "10": 0.2451,
        "11": 0.252
    },
    "z0u2y0_z0u2y0": {
        "00": 0.1263,
        "10": 0.1231,
        "11": 0.1227,
        "01": 0.126
    },
    "z1y1_z0u2y1": {
        "00": 0.1273,
        "10": 0.12425,
        "11": 0.12565,
        "01": 0.1241
    },
    "z0u1y0_z0u1y1": {},
    "z0u3y0_z0u3y0": {
        "00": 0.1238,
        "10": 0.1246,
        "11": 0.128,
        "01": 0.1237
    },
    "z1y0_z0u1y0": {
        "00": 0.25185,
        "01": 0.24815
    },
    "z0u3y0_z1y0": {
        "00": 0.2482,
        "01": 0.2546
    },
    "z0u3y1_z0u3y0": {
        "00": 0.1285,
        "10": 0.1259,
        "11": 0.1217,
        "01": 0.125
    },
    "z0u2y0_z1y1": {
        "10": 0.2486,
        "11": 0.2571
    },
    "z0u2y1_z0u3y1": {
        "00": 0.1263,
        "10": 0.1299,
        "11": 0.1255,
        "01": 0.1271
    },
    "z0u3y1_z0u2y1": {
        "00": 0.1266,
        "10": 0.1237,
        "11": 0.1219,
        "01": 0.1249
    },
    "z0u2y0_z0u3y0": {
        "00": 0.1219,
        "10": 0.1234,
        "11": 0.1297,
        "01": 0.1266
    },
    "z0u1y1_z0u3y0": {
        "10": 0.2572,
        "11": 0.2472
    },
    "z0u1y1_z0u3y1": {
        "10": 0.2513,
        "11": 0.2443
    },
    "z0u2y1_z0u3y0": {
        "00": 0.1229,
        "10": 0.1259,
        "11": 0.122,
        "01": 0.1204
    },
    "z0u1y1_z1y1": {
        "10": 0.5041,
        "11": 0.4959
    },
    "z0u2y1_z0u1y0": {
        "00": 0.2496,
        "01": 0.2548
    },
    "z1y1_z0u3y1": {
        "00": 0.1268,
        "10": 0.1249,
        "11": 0.1268,
        "01": 0.1283
    },
    "z1y0_z0u3y1": {
        "00": 0.1268,
        "10": 0.1249,
        "11": 0.1268,
        "01": 0.1283
    },
    "z0u1y0_z1y0": {
        "00": 0.5002,
        "01": 0.4998
    },
    "z0u1y1_z1y0": {},
    "z0u1y1_z0u2y1": {
        "10": 0.2461,
        "11": 0.2578
    },
    "z0u2y0_z0u1y0": {
        "00": 0.2579,
        "01": 0.2449
    },
    "z0u1y0_z0u2y1": {
        "00": 0.2498,
        "01": 0.2535
    },
    "z1y1_z0u2y0": {
        "00": 0.12315,
        "10": 0.1284,
        "11": 0.1217,
        "01": 0.12545
    },
    "z0u2y0_z0u1y1": {
        "10": 0.2454,
        "11": 0.2518
    },
    "z0u1y0_z0u2y0": {
        "00": 0.2474,
        "01": 0.2493
    },
    "z1y0_z0u1y1": {
        "10": 0.2497,
        "11": 0.2503
    },
    "z0u3y0_z0u2y1": {
        "00": 0.122,
        "10": 0.1233,
        "11": 0.1187,
        "01": 0.1245
    },
    "z1y0_z1y1": {
        "10": 0.2542,
        "11": 0.2458
    },
    "z0u1y1_z0u1y0": {},
    "z0u3y1_z0u3y1": {
        "00": 0.1212,
        "10": 0.1247,
        "11": 0.1295,
        "01": 0.1235
    },
    "z1y1_z1y0": {
        "00": 0.24685,
        "01": 0.25315
    },
    "z0u3y1_z0u1y0": {
        "00": 0.2539,
        "01": 0.249
    },
    "z1y1_z0u1y1": {
        "10": 0.2497,
        "11": 0.2503
    },
    "z1y0_z1y0": {
        "00": 0.24685,
        "01": 0.25315
    },
    "z0u2y1_z1y1": {
        "10": 0.2544,
        "11": 0.2476
    },
    "z0u1y1_z0u1y1": {
        "10": 0.5058,
        "11": 0.4942
    },
    "z0u2y1_z0u1y1": {
        "10": 0.2439,
        "11": 0.2517
    },
    "z0u3y1_z0u2y0": {
        "00": 0.1247,
        "10": 0.1295,
        "11": 0.1251,
        "01": 0.1236
    },
    "z1y1_z1y1": {
        "10": 0.2542,
        "11": 0.2458
    },
    "z0u3y0_z0u1y0": {
        "00": 0.2417,
        "01": 0.2549
    },
    "z0u2y0_z0u3y1": {
        "00": 0.125,
        "10": 0.1248,
        "11": 0.1209,
        "01": 0.1277
    },
    "z0u3y0_z0u3y1": {
        "00": 0.1304,
        "10": 0.1251,
        "11": 0.1224,
        "01": 0.122
    },
    "z0u3y0_z1y1": {
        "10": 0.2513,
        "11": 0.2459
    },
    "z1y0_z0u2y0": {
        "00": 0.12315,
        "10": 0.1284,
        "11": 0.1217,
        "01": 0.12545
    },
    "z1y0_z0u2y1": {
        "00": 0.1273,
        "10": 0.12425,
        "11": 0.12565,
        "01": 0.1241
    },
    "z0u1y1_z0u2y0": {
        "10": 0.2484,
        "11": 0.2477
    },
    "z0u3y0_z0u1y1": {
        "10": 0.2534,
        "11": 0.25
    },
    "z0u2y0_z1y0": {
        "00": 0.2455,
        "01": 0.2488
    },
    "z0u3y1_z1y1": {
        "10": 0.2509,
        "11": 0.2506
    },
    "z0u1y0_z0u3y1": {
        "00": 0.253,
        "01": 0.2568
    },
    "z0u2y1_z0u2y0": {
        "00": 0.1257,
        "10": 0.1244,
        "11": 0.126,
        "01": 0.128
    },
    "z0u2y1_z0u2y1": {
        "00": 0.1247,
        "10": 0.1247,
        "11": 0.1255,
        "01": 0.121
    },
    "z0u1y0_z0u1y0": {
        "00": 0.4914,
        "01": 0.5086
    },
    "z0u2y0_z0u2y1": {
        "00": 0.1299,
        "10": 0.1283,
        "11": 0.1245,
        "01": 0.1192
    },
    "z0u3y1_z1y0": {
        "00": 0.2515,
        "01": 0.247
    },
    "z0u2y1_z1y0": {
        "00": 0.2507,
        "01": 0.2473
    },
    "z1y1_z0u3y0": {
        "00": 0.1234,
        "10": 0.12505,
        "11": 0.12325,
        "01": 0.1215
    },
    "z1y0_z0u3y0": {
        "00": 0.1234,
        "10": 0.12505,
        "11": 0.12325,
        "01": 0.1215
    },
    "z1y1_z0u1y0": {
        "00": 0.25185,
        "01": 0.24815
    },
    "z0u3y0_z0u2y0": {
        "00": 0.13,
        "10": 0.1295,
        "11": 0.1279,
        "01": 0.1241
    },
    "z0u1y0_z1y1": {},
    "z0u1y0_z0u3y0": {
        "00": 0.2442,
        "01": 0.246
    }
}
