{
    "z0u3y1_z0u1y1": {
        "10": 0.2513,
        "11": 0.2455
    },
    "z0u2y0_z0u2y0": {
        "00": 0.1297,
        "10": 0.1204,
        "11": 0.1234,
        "01": 0.1228
    },
    "z1y1_z0u2y1": {
        "00": 0.125,
        "10": 0.1221,
        "11": 0.1249,
        "01": 0.12545
    },
    "z0u1y0_z0u1y1": {},
    "z0u3y0_z0u3y0": {
        "00": 0.125,
        "10": 0.1262,
        "11": 0.1233,
        "01": 0.121
    },
    "z1y0_z0u1y0": {
        "00": 0.24595,
        "01": 0.25405
    },
    "z0u3y0_z1y0": {
        "00": 0.2477,
        "01": 0.2529
    },
    "z0u3y1_z0u3y0": {
        "00": 0.1269,
        "10": 0.1237,
        "11": 0.1269,
        "01": 0.1235
    },
    "z0u2y0_z1y1": {
        "10": 0.2512,
        "11": 0.2462
    },
    "z0u2y1_z0u3y1": {
        "00": 0.1296,
        "10": 0.1241,
        "11": 0.1283,
        "01": 0.1202
    },
    "z0u3y1_z0u2y1": {
        "00": 0.1251,
        "10": 0.1284,
        "11": 0.1284,
        "01": 0.1239
    },
    "z0u2y0_z0u3y0": {
        "00": 0.1265,
        "10": 0.1292,
        "11": 0.123,
        "01": 0.1258
    },
    "z0u1y1_z0u3y0": {
        "10": 0.2488,
        "11": 0.2516
    },
    "z0u1y1_z0u3y1": {
        "10": 0.2572,
        "11": 0.2424
    },
    "z0u2y1_z0u3y0": {
        "00": 0.1226,
        "10": 0.1236,
        "11": 0.1236,
        "01": 0.128
    },
    "z0u1y1_z1y1": {
        "10": 0.5056,
        "11": 0.4944
    },
    "z0u2y1_z0u1y0": {
        "00": 0.2508,
        "01": 0.2468
    },
    "z1y1_z0u3y1": {
        "00": 0.1236,
        "10": 0.1235,
        "11": 0.1286,
        "01": 0.12485
    },
    "z1y0_z0u3y1": {
        "00": 0.1236,
        "10": 0.1235,
        "11": 0.1286,
        "01": 0.12485
    },
    "z0u1y0_z1y0": {
        "00": 0.5049,
        "01": 0.4951
    },
    "z0u1y1_z1y0": {},
    "z0u1y1_z0u2y1": {
        "10": 0.2588,
        "11": 0.2501
    },
    "z0u2y0_z0u1y0": {
        "00": 0.2491,
        "01": 0.2467
    },
    "z0u1y0_z0u2y1": {
        "00": 0.2512,
        "01": 0.2478
    },
    "z1y1_z0u2y0": {
        "00": 0.12355,
        "10": 0.1273,
        "11": 0.1257,
        "01": 0.126
    },
    "z0u2y0_z0u1y1": {
        "10": 0.2482,
        "11": 0.256
    },
    "z0u1y0_z0u2y0": {
        "00": 0.2511,
        "01": 0.2499
    },
    "z1y0_z0u1y1": {
        "10": 0.25205,
        "11": 0.24795
    },
    "z0u3y0_z0u2y1": {
        "00": 0.1247,
        "10": 0.1278,
        "11": 0.1206,
        "01": 0.125
    },
    "z1y0_z1y1": {
        "10": 0.2523,
        "11": 0.2477
    },
    "z0u1y1_z0u1y0": {},
    "z0u3y1_z0u3y1": {
        "00": 0.1232,
        "10": 0.1285,
        "11": 0.1192,
        "01": 0.1281
    },
    "z1y1_z1y0": {
        "00": 0.25295,
        "01": 0.24705
    },
    "z0u3y1_z0u1y0": {
        "00": 0.2482,
        "01": 0.255
    },
    "z1y1_z0u1y1": {
        "10": 0.25205,
        "11": 0.24795
    },
    "z1y0_z1y0": {
        "00": 0.25295,
        "01": 0.24705
    },
    "z0u2y1_z1y1": {
        "10": 0.2525,
        "11": 0.2482
    },
    "z0u1y1_z0u1y1": {
        "10": 0.5084,
        "11": 0.4916
    },
    "z0u2y1_z0u1y1": {
        "10": 0.2512,
        "11": 0.2512
    },
    "z0u3y1_z0u2y0": {
        "00": 0.127,
        "10": 0.1223,
        "11": 0.1233,
        "01": 0.1216
    },
    "z1y1_z1y1": {
        "10": 0.2523,
        "11": 0.2477
    },
    "z0u3y0_z0u1y0": {
        "00": 0.247,
        "01": 0.2473
    },
    "z0u2y0_z0u3y1": {
        "00": 0.1217,
        "10": 0.1262,
        "11": 0.1258,
        "01": 0.1218
    },
    "z0u3y0_z0u3y1": {
        "00": 0.1305,
        "10": 0.1234,
        "11": 0.127,
        "01": 0.1236
    },
    "z0u3y0_z1y1": {
        "10": 0.2558,
        "11": 0.2436
    },
    "z1y0_z0u2y0": {
        "00": 0.12355,
        "10": 0.1273,
        "11": 0.1257,
        "01": 0.126
    },
    "z1y0_z0u2y1": {
        "00": 0.125,
        "10": 0.1221,
        "11": 0.1249,
        "01": 0.12545
    },
    "z0u1y1_z0u2y0": {
        "10": 0.24,
        "11": 0.2511
    },
    "z0u3y0_z0u1y1": {
        "10": 0.2556,
        "11": 0.2501
    },
    "z0u2y0_z1y0": {
        "00": 0.2503,
        "01": 0.2523
    },
    "z0u3y1_z1y1": {
        "10": 0.2511,
        "11": 0.2464
    },
    "z0u1y0_z0u3y1": {
        "00": 0.246,
        "01": 0.2474
    },
    "z0u2y1_z0u2y0": {
        "00": 0.1262,
        "10": 0.121,
        "11": 0.1224,
        "01": 0.1235
    },
    "z0u2y1_z0u2y1": {
        "00": 0.1204,
        "10": 0.1274,
        "11": 0.1271,
        "01": 0.132
    },
    "z0u1y0_z0u1y0": {
        "00": 0.5044,
        "01": 0.4956
    },
    "z0u2y0_z0u2y1": {
        "00": 0.1197,
        "10": 0.1317,
        "11": 0.1251,
        "01": 0.1272
    },
    "z0u3y1_z1y0": {
        "00": 0.2518,
        "01": 0.2507
    },
    "z0u2y1_z1y0": {
        "00": 0.2491,
        "01": 0.2502
    },
    "z1y1_z0u3y0": {
        "00": 0.1277,
        "10": 0.1235,
        "11": 0.1244,
        "01": 0.12385
    },
    "z1y0_z0u3y0": {
        "00": 0.1277,
        "10": 0.1235,
        "11": 0.1244,
        "01": 0.12385
    },
    "z1y1_z0u1y0": {
        "00": 0.24595,
        "01": 0.25405
    },
    "z0u3y0_z0u2y0": {
        "00": 0.1237,
        "10": 0.1292,
        "11": 0.1202,
        "01": 0.1288
    },
    "z0u1y0_z1y1": {},
    "z0u1y0_z0u3y0": {
        "00": 0.2497,
        "01": 0.2569
    }
}
