{
    "z0u3y1_z0u1y1": {
        "00": 0.1249,
        "10": 0.1269,
        "11": 0.1294,
        "01": 0.1257
    },
    "z0u2y0_z0u2y0": {
        "00": 0.1208,
        "10": 0.1225,
        "11": 0.1249,
        "01": 0.1293
    },
    "z1y1_z0u2y1": {
        "00": 0.1242,
        "10": 0.1281,
        "11": 0.1228,
        "01": 0.12325
    },
    "z0u1y0_z0u1y1": {},
    "z0u3y0_z0u3y0": {
        "00": 0.1207,
        "10": 0.1265,
        "11": 0.1258,
        "01": 0.1237
    },
    "z1y0_z0u1y0": {
        "00": 0.12495,
        "10": 0.1233,
        "11": 0.1275,
        "01": 0.12425
    },
    "z0u3y0_z1y0": {
        "00": 0.1245,
        "10": 0.123,
        "11": 0.1231,
        "01": 0.1242
    },
    "z0u3y1_z0u3y0": {
        "00": 0.1264,
        "10": 0.12,
        "11": 0.1299,
        "01": 0.1304
    },
    "z0u2y0_z1y1": {
        "00": 0.1228,
        "10": 0.1218,
        "11": 0.125,
        "01": 0.1257
    },
    "z0u2y1_z0u3y1": {
        "00": 0.2527,
        "11": 0.2427
    },
    "z0u3y1_z0u2y1": {
        "10": 0.2492,
        "01": 0.2526
    },
    "z0u2y0_z0u3y0": {
        "00": 0.248,
        "11": 0.2421
    },
    "z0u1y1_z0u3y0": {
        "00": 0.1238,
        "10": 0.1292,
        "11": 0.1228,
        "01": 0.1228
    },
    "z0u1y1_z0u3y1": {
        "00": 0.1264,
        "10": 0.1255,
        "11": 0.1238,
        "01": 0.1257
    },
    "z0u2y1_z0u3y0": {
        "10": 0.2537,
        "01": 0.2509
    },
    "z0u1y1_z1y1": {
        "00": 0.2519,
        "10": 0.2483,
        "11": 0.2534,
        "01": 0.2464
    },
    "z0u2y1_z0u1y0": {
        "00": 0.1274,
        "10": 0.1186,
        "11": 0.1329,
        "01": 0.13
    },
    "z1y1_z0u3y1": {
        "00": 0.1271,
        "10": 0.12355,
        "11": 0.12515,
        "01": 0.1249
    },
    "z1y0_z0u3y1": {
        "00": 0.1271,
        "10": 0.12355,
        "11": 0.12515,
        "01": 0.1249
    },
    "z0u1y0_z1y0": {
        "00": 0.2476,
        "10": 0.2557,
        "11": 0.242,
        "01": 0.2547
    },
    "z0u1y1_z1y0": {},
    "z0u1y1_z0u2y1": {
        "00": 0.1314,
        "10": 0.1244,
        "11": 0.1195,
        "01": 0.1229
    },
    "z0u2y0_z0u1y0": {
        "00": 0.1302,
        "10": 0.1268,
        "11": 0.1302,
        "01": 0.1236
    },
    "z0u1y0_z0u2y1": {
        "00": 0.1258,
        "10": 0.1311,
        "11": 0.1279,
        "01": 0.1232
    },
    "z1y1_z0u2y0": {
        "00": 0.12545,
        "10": 0.12795,
        "11": 0.12155,
        "01": 0.1267
    },
    "z0u2y0_z0u1y1": {
        "00": 0.1213,
        "10": 0.1185,
        "11": 0.1246,
        "01": 0.1248
    },
    "z0u1y0_z0u2y0": {
        "00": 0.1221,
        "10": 0.1228,
        "11": 0.1195,
        "01": 0.1276
    },
    "z1y0_z0u1y1": {
        "00": 0.1247,
        "10": 0.1266,
        "11": 0.12315,
        "01": 0.12555
    },
    "z0u3y0_z0u2y1": {
        "00": 0.2449,
        "11": 0.2469
    },
    "z1y0_z1y1": {
        "00": 0.12435,
        "10": 0.1259,
        "11": 0.12435,
        "01": 0.1254
    },
    "z0u1y1_z0u1y0": {},
    "z0u3y1_z0u3y1": {
        "00": 0.1225,
        "10": 0.1201,
        "11": 0.1266,
        "01": 0.1241
    },
    "z1y1_z1y0": {
        "00": 0.1253,
        "10": 0.12395,
        "11": 0.12415,
        "01": 0.1266
    },
    "z0u3y1_z0u1y0": {
        "00": 0.1259,
        "10": 0.122,
        "11": 0.1231,
        "01": 0.1221
    },
    "z1y1_z0u1y1": {
        "00": 0.1247,
        "10": 0.1266,
        "11": 0.12315,
        "01": 0.12555
    },
    "z1y0_z1y0": {
        "00": 0.1253,
        "10": 0.12395,
        "11": 0.12415,
        "01": 0.1266
    },
    "z0u2y1_z1y1": {
        "00": 0.1253,
        "10": 0.1255,
        "11": 0.1246,
        "01": 0.1298
    },
    "z0u1y1_z0u1y1": {
        "00": 0.2409,
        "10": 0.249,
        "11": 0.2522,
        "01": 0.2579
    },
    "z0u2y1_z0u1y1": {
        "00": 0.1269,
        "10": 0.1207,
        "11": 0.1224,
        "01": 0.1211
    },
    "z0u3y1_z0u2y0": {
        "00": 0.247,
        "11": 0.2512
    },
    "z1y1_z1y1": {
        "00": 0.12435,
        "10": 0.1259,
        "11": 0.12435,
        "01": 0.1254
    },
    "z0u3y0_z0u1y0": {
        "00": 0.1228,
        "10": 0.1289,
        "11": 0.127,
        "01": 0.1272
    },
    "z0u2y0_z0u3y1": {
        "10": 0.2541,
        "01": 0.2558
    },
    "z0u3y0_z0u3y1": {
        "00": 0.1235,
        "10": 0.1244,
        "11": 0.1292,
        "01": 0.1262
    },
    "z0u3y0_z1y1": {
        "00": 0.1239,
        "10": 0.1284,
        "11": 0.125,
        "01": 0.1279
    },
    "z1y0_z0u2y0": {
        "00": 0.12545,
        "10": 0.12795,
        "11": 0.12155,
        "01": 0.1267
    },
    "z1y0_z0u2y1": {
        "00": 0.1242,
        "10": 0.1281,
        "11": 0.1228,
        "01": 0.12325
    },
    "z0u1y1_z0u2y0": {
        "00": 0.1243,
        "10": 0.1318,
        "11": 0.1239,
        "01": 0.1218
    },
    "z0u3y0_z0u1y1": {
        "00": 0.1273,
        "10": 0.1206,
        "11": 0.1241,
        "01": 0.1221
    },
    "z0u2y0_z1y0": {
        "00": 0.1281,
        "10": 0.1257,
        "11": 0.1236,
        "01": 0.1273
    },
    "z0u3y1_z1y1": {
        "00": 0.1276,
        "10": 0.1236,
        "11": 0.1255,
        "01": 0.1223
    },
    "z0u1y0_z0u3y1": {
        "00": 0.131,
        "10": 0.1269,
        "11": 0.1229,
        "01": 0.1206
    },
    "z0u2y1_z0u2y0": {
        "00": 0.1187,
        "10": 0.1235,
        "11": 0.123,
        "01": 0.13
    },
    "z0u2y1_z0u2y1": {
        "00": 0.1215,
        "10": 0.1281,
        "11": 0.1271,
        "01": 0.1281
    },
    "z0u1y0_z0u1y0": {
        "00": 0.2555,
        "10": 0.2539,
        "11": 0.2421,
        "01": 0.2485
    },
    "z0u2y0_z0u2y1": {
        "00": 0.1266,
        "10": 0.1293,
        "11": 0.1242,
        "01": 0.1224
    },
    "z0u3y1_z1y0": {
        "00": 0.1253,
        "10": 0.1281,
        "11": 0.122,
        "01": 0.1256
    },
    "z0u2y1_z1y0": {
        "00": 0.1182,
        "10": 0.1263,
        "11": 0.1252,
        "01": 0.1251
    },
    "z1y1_z0u3y0": {
        "00": 0.12795,
        "10": 0.1268,
        "11": 0.12285,
        "01": 0.1217
    },
    "z1y0_z0u3y0": {
        "00": 0.12795,
        "10": 0.1268,
        "11": 0.12285,
        "01": 0.1217
    },
    "z1y1_z0u1y0": {
        "00": 0.12495,
        "10": 0.1233,
        "11": 0.1275,
        "01": 0.12425
    },
    "z0u3y0_z0u2y0": {
        "10": 0.2553,
        "01": 0.2529
    },
    "z0u1y0_z1y1": {},
    "z0u1y0_z0u3y0": {
        "00": 0.1211,
        "10": 0.1242,
        "11": 0.1286,
        "01": 0.1247
    }
}
