{
    "z0u3y1_z0u1y1": {
        "10": 0.2504,
        "11": 0.2508
    },
    "z0u2y0_z0u2y0": {
        "00": 0.1245,
        "10": 0.1255,
        "11": 0.1262,
        "01": 0.1223
    },
    "z1y1_z0u2y1": {
        "00": 0.12435,
        "10": 0.1253,
        "11": 0.12345,
        "01": 0.1265
    },
    "z0u1y0_z0u1y1": {},
    "z0u3y0_z0u3y0": {
        "00": 0.1241,
        "10": 0.1289,
        "11": 0.1302,
        "01": 0.1225
    },
    "z1y0_z0u1y0": {
        "00": 0.2522,
        "01": 0.2478
    },
    "z0u3y0_z1y0": {
        "00": 0.2535,
        "01": 0.2482
    },
    "z0u3y1_z0u3y0": {
        "00": 0.1255,
        "10": 0.1252,
        "11": 0.1259,
        "01": 0.1231
    },
    "z0u2y0_z1y1": {
        "10": 0.2497,
        "11": 0.2449
    },
    "z0u2y1_z0u3y1": {
        "00": 0.1231,
        "10": 0.1198,
        "11": 0.1292,
        "01": 0.1225
    },
    "z0u3y1_z0u2y1": {
        "00": 0.1234,
        "10": 0.1198,
        "11": 0.1252,
        "01": 0.1228
    },
    "z0u2y0_z0u3y0": {
        "00": 0.1267,
        "10": 0.123,
        "11": 0.1251,
        "01": 0.1305
    },
    "z0u1y1_z0u3y0": {
        "10": 0.2556,
        "11": 0.2459
    },
    "z0u1y1_z0u3y1": {
        "10": 0.2497,
        "11": 0.2488
    },
    "z0u2y1_z0u3y0": {
        "00": 0.1252,
        "10": 0.1294,
        "11": 0.1261,
        "01": 0.1247
    },
    "z0u1y1_z1y1": {
        "10": 0.5034,
        "11": 0.4966
    },
    "z0u2y1_z0u1y0": {
        "00": 0.2506,
        "01": 0.2521
    },
    "z1y1_z0u3y1": {
        "00": 0.12685,
        "10": 0.1206,
        "11": 0.1282,
        "01": 0.1249
    },
    "z1y0_z0u3y1": {
        "00": 0.12685,
        "10": 0.1206,
        "11": 0.1282,
        "01": 0.1249
    },
    "z0u1y0_z1y0": {
        "00": 0.502,
        "01": 0.498
    },
    "z0u1y1_z1y0": {},
    "z0u1y1_z0u2y1": {
        "10": 0.2517,
        "11": 0.2441
    },
    "z0u2y0_z0u1y0": {
        "00": 0.2519,
        "01": 0.2477
    },
    "z0u1y0_z0u2y1": {
        "00": 0.2471,
        "01": 0.2509
    },
    "z1y1_z0u2y0": {
        "00": 0.12555,
        "10": 0.12815,
        "11": 0.1231,
        "01": 0.1236
    },
    "z0u2y0_z0u1y1": {
        "10": 0.2533,
        "11": 0.2471
    },
    "z0u1y0_z0u2y0": {
        "00": 0.247,
        "01": 0.255
    },
    "z1y0_z0u1y1": {
        "10": 0.24865,
        "11": 0.25135
    },
    "z0u3y0_z0u2y1": {
        "00": 0.1286,
        "10": 0.1271,
        "11": 0.1239,
        "01": 0.1264
    },
    "z1y0_z1y1": {
        "10": 0.25035,
        "11": 0.24965
    },
    "z0u1y1_z0u1y0": {},
    "z0u3y1_z0u3y1": {
        "00": 0.1254,
        "10": 0.1233,
        "11": 0.1233,
        "01": 0.1283
    },
    "z1y1_z1y0": {
        "00": 0.25345,
        "01": 0.24655
    },
    "z0u3y1_z0u1y0": {
        "00": 0.2464,
        "01": 0.2524
    },
    "z1y1_z0u1y1": {
        "10": 0.24865,
        "11": 0.25135
    },
    "z1y0_z1y0": {
        "00": 0.25345,
        "01": 0.24655
    },
    "z0u2y1_z1y1": {
        "10": 0.2473,
        "11": 0.252
    },
    "z0u1y1_z0u1y1": {
        "10": 0.4992,
        "11": 0.5008
    },
    "z0u2y1_z0u1y1": {
        "10": 0.2497,
        "11": 0.2476
    },
    "z0u3y1_z0u2y0": {
        "00": 0.1283,
        "10": 0.1275,
        "11": 0.1258,
        "01": 0.1272
    },
    "z1y1_z1y1": {
        "10": 0.25035,
        "11": 0.24965
    },
    "z0u3y0_z0u1y0": {
        "00": 0.2518,
        "01": 0.2487
    },
    "z0u2y0_z0u3y1": {
        "00": 0.1256,
        "10": 0.1216,
        "11": 0.1255,
        "01": 0.122
    },
    "z0u3y0_z0u3y1": {
        "00": 0.1234,
        "10": 0.1189,
        "11": 0.1293,
        "01": 0.1227
    },
    "z0u3y0_z1y1": {
        "10": 0.2475,
        "11": 0.2508
    },
    "z1y0_z0u2y0": {
        "00": 0.12555,
        "10": 0.12815,
        "11": 0.1231,
        "01": 0.1236
    },
    "z1y0_z0u2y1": {
        "00": 0.12435,
        "10": 0.1253,
        "11": 0.12345,
        "01": 0.1265
    },
    "z0u1y1_z0u2y0": {
        "10": 0.2456,
        "11": 0.2586
    },
    "z0u3y0_z0u1y1": {
        "10": 0.2435,
        "11": 0.256
    },
    "z0u2y0_z1y0": {
        "00": 0.254,
        "01": 0.2514
    },
    "z0u3y1_z1y1": {
        "10": 0.248,
        "11": 0.252
    },
    "z0u1y0_z0u3y1": {
        "00": 0.2486,
        "01": 0.2545
    },
    "z0u2y1_z0u2y0": {
        "00": 0.1223,
        "10": 0.1226,
        "11": 0.1265,
        "01": 0.1268
    },
    "z0u2y1_z0u2y1": {
        "00": 0.1285,
        "10": 0.131,
        "11": 0.1186,
        "01": 0.1237
    },
    "z0u1y0_z0u1y0": {
        "00": 0.4997,
        "01": 0.5003
    },
    "z0u2y0_z0u2y1": {
        "00": 0.1283,
        "10": 0.1214,
        "11": 0.126,
        "01": 0.1258
    },
    "z0u3y1_z1y0": {
        "00": 0.252,
        "01": 0.248
    },
    "z0u2y1_z1y0": {
        "00": 0.2534,
        "01": 0.2473
    },
    "z1y1_z0u3y0": {
        "00": 0.1265,
        "10": 0.1273,
        "11": 0.1239,
        "01": 0.12175
    },
    "z1y0_z0u3y0": {
        "00": 0.1265,
        "10": 0.1273,
        "11": 0.1239,
        "01": 0.12175
    },
    "z1y1_z0u1y0": {
        "00": 0.2522,
        "01": 0.2478
    },
    "z0u3y0_z0u2y0": {
        "00": 0.1265,
        "10": 0.1264,
        "11": 0.1227,
        "01": 0.1184
    },
    "z0u1y0_z1y1": {},
    "z0u1y0_z0u3y0": {
        "00": 0.2512,
        "01": 0.2457
    }
}
