{
    "z0u3y1_z0u1y1": {
        "00": 0.1285,
        "10": 0.1274,
        "11": 0.1148,
        "01": 0.119
    },
    "z0u2y0_z0u2y0": {
        "10": 0.2492,
        "01": 0.2534
    },
    "z1y1_z0u2y1": {
        "00": 0.1285,
        "10": 0.12515,
        "11": 0.12105,
        "01": 0.128
    },
    "z0u1y0_z0u1y1": {},
    "z0u3y0_z0u3y0": {
        "10": 0.248,
        "01": 0.2499
    },
    "z1y0_z0u1y0": {
        "00": 0.1278,
        "10": 0.1244,
        "11": 0.12305,
        "01": 0.12475
    },
    "z0u3y0_z1y0": {
        "00": 0.1245,
        "10": 0.1238,
        "11": 0.1255,
        "01": 0.1253
    },
    "z0u3y1_z0u3y0": {
        "00": 0.2479,
        "11": 0.2482
    },
    "z0u2y0_z1y1": {
        "00": 0.1251,
        "10": 0.1256,
        "11": 0.1268,
        "01": 0.1288
    },
    "z0u2y1_z0u3y1": {
        "00": 0.1211,
        "10": 0.1273,
        "11": 0.1242,
        "01": 0.1231
    },
    "z0u3y1_z0u2y1": {
        "00": 0.1256,
        "10": 0.1232,
        "11": 0.1251,
        "01": 0.125
    },
    "z0u2y0_z0u3y0": {
        "00": 0.1208,
        "10": 0.1231,
        "11": 0.1238,
        "01": 0.1231
    },
    "z0u1y1_z0u3y0": {
        "00": 0.1269,
        "10": 0.1277,
        "11": 0.1247,
        "01": 0.1266
    },
    "z0u1y1_z0u3y1": {
        "00": 0.1189,
        "10": 0.126,
        "11": 0.1257,
        "01": 0.1235
    },
    "z0u2y1_z0u3y0": {
        "00": 0.1274,
        "10": 0.125,
        "11": 0.1295,
        "01": 0.1224
    },
    "z0u1y1_z1y1": {
        "00": 0.2562,
        "10": 0.2435,
        "11": 0.2569,
        "01": 0.2434
    },
    "z0u2y1_z0u1y0": {
        "00": 0.1211,
        "10": 0.1342,
        "11": 0.1281,
        "01": 0.1217
    },
    "z1y1_z0u3y1": {
        "00": 0.12925,
        "10": 0.1245,
        "11": 0.1255,
        "01": 0.1217
    },
    "z1y0_z0u3y1": {
        "00": 0.12925,
        "10": 0.1245,
        "11": 0.1255,
        "01": 0.1217
    },
    "z0u1y0_z1y0": {
        "00": 0.2514,
        "10": 0.2493,
        "11": 0.2453,
        "01": 0.254
    },
    "z0u1y1_z1y0": {},
    "z0u1y1_z0u2y1": {
        "00": 0.126,
        "10": 0.1276,
        "11": 0.1258,
        "01": 0.1288
    },
    "z0u2y0_z0u1y0": {
        "00": 0.1211,
        "10": 0.1244,
        "11": 0.1288,
        "01": 0.1248
    },
    "z0u1y0_z0u2y1": {
        "00": 0.1228,
        "10": 0.1226,
        "11": 0.1211,
        "01": 0.1233
    },
    "z1y1_z0u2y0": {
        "00": 0.1222,
        "10": 0.1236,
        "11": 0.1254,
        "01": 0.1261
    },
    "z0u2y0_z0u1y1": {
        "00": 0.1283,
        "10": 0.1197,
        "11": 0.1291,
        "01": 0.1238
    },
    "z0u1y0_z0u2y0": {
        "00": 0.1183,
        "10": 0.1344,
        "11": 0.1271,
        "01": 0.1304
    },
    "z1y0_z0u1y1": {
        "00": 0.12285,
        "10": 0.13035,
        "11": 0.1229,
        "01": 0.1239
    },
    "z0u3y0_z0u2y1": {
        "00": 0.1238,
        "10": 0.1212,
        "11": 0.1278,
        "01": 0.1257
    },
    "z1y0_z1y1": {
        "00": 0.1245,
        "10": 0.1251,
        "11": 0.1258,
        "01": 0.1246
    },
    "z0u1y1_z0u1y0": {},
    "z0u3y1_z0u3y1": {
        "10": 0.2556,
        "01": 0.2483
    },
    "z1y1_z1y0": {
        "00": 0.12585,
        "10": 0.12525,
        "11": 0.1228,
        "01": 0.1261
    },
    "z0u3y1_z0u1y0": {
        "00": 0.1249,
        "10": 0.1266,
        "11": 0.1279,
        "01": 0.1309
    },
    "z1y1_z0u1y1": {
        "00": 0.12285,
        "10": 0.13035,
        "11": 0.1229,
        "01": 0.1239
    },
    "z1y0_z1y0": {
        "00": 0.12585,
        "10": 0.12525,
        "11": 0.1228,
        "01": 0.1261
    },
    "z0u2y1_z1y1": {
        "00": 0.1243,
        "10": 0.1203,
        "11": 0.1312,
        "01": 0.1244
    },
    "z0u1y1_z0u1y1": {
        "00": 0.2476,
        "10": 0.2509,
        "11": 0.2461,
        "01": 0.2554
    },
    "z0u2y1_z0u1y1": {
        "00": 0.1236,
        "10": 0.1184,
        "11": 0.1246,
        "01": 0.1283
    },
    "z0u3y1_z0u2y0": {
        "00": 0.1215,
        "10": 0.1288,
        "11": 0.1257,
        "01": 0.1251
    },
    "z1y1_z1y1": {
        "00": 0.1245,
        "10": 0.1251,
        "11": 0.1258,
        "01": 0.1246
    },
    "z0u3y0_z0u1y0": {
        "00": 0.126,
        "10": 0.1279,
        "11": 0.1236,
        "01": 0.1196
    },
    "z0u2y0_z0u3y1": {
        "00": 0.1259,
        "10": 0.1283,
        "11": 0.1278,
        "01": 0.1272
    },
    "z0u3y0_z0u3y1": {
        "00": 0.2521,
        "11": 0.25
    },
    "z0u3y0_z1y1": {
        "00": 0.1263,
        "10": 0.1262,
        "11": 0.1237,
        "01": 0.1247
    },
    "z1y0_z0u2y0": {
        "00": 0.1222,
        "10": 0.1236,
        "11": 0.1254,
        "01": 0.1261
    },
    "z1y0_z0u2y1": {
        "00": 0.1285,
        "10": 0.12515,
        "11": 0.12105,
        "01": 0.128
    },
    "z0u1y1_z0u2y0": {
        "00": 0.1275,
        "10": 0.1266,
        "11": 0.1159,
        "01": 0.1218
    },
    "z0u3y0_z0u1y1": {
        "00": 0.1276,
        "10": 0.1209,
        "11": 0.1246,
        "01": 0.1298
    },
    "z0u2y0_z1y0": {
        "00": 0.1231,
        "10": 0.1272,
        "11": 0.124,
        "01": 0.1194
    },
    "z0u3y1_z1y1": {
        "00": 0.1262,
        "10": 0.1191,
        "11": 0.1321,
        "01": 0.1261
    },
    "z0u1y0_z0u3y1": {
        "00": 0.1202,
        "10": 0.1322,
        "11": 0.1265,
        "01": 0.1221
    },
    "z0u2y1_z0u2y0": {
        "00": 0.2531,
        "11": 0.2462
    },
    "z0u2y1_z0u2y1": {
        "10": 0.2566,
        "01": 0.2441
    },
    "z0u1y0_z0u1y0": {
        "00": 0.2434,
        "10": 0.2509,
        "11": 0.2545,
        "01": 0.2512
    },
    "z0u2y0_z0u2y1": {
        "00": 0.2463,
        "11": 0.2511
    },
    "z0u3y1_z1y0": {
        "00": 0.1258,
        "10": 0.1242,
        "11": 0.1211,
        "01": 0.1254
    },
    "z0u2y1_z1y0": {
        "00": 0.1325,
        "10": 0.1247,
        "11": 0.1203,
        "01": 0.1223
    },
    "z1y1_z0u3y0": {
        "00": 0.12625,
        "10": 0.12525,
        "11": 0.1258,
        "01": 0.12175
    },
    "z1y0_z0u3y0": {
        "00": 0.12625,
        "10": 0.12525,
        "11": 0.1258,
        "01": 0.12175
    },
    "z1y1_z0u1y0": {
        "00": 0.1278,
        "10": 0.1244,
        "11": 0.12305,
        "01": 0.12475
    },
    "z0u3y0_z0u2y0": {
        "00": 0.1303,
        "10": 0.1201,
        "11": 0.1249,
        "01": 0.1262
    },
    "z0u1y0_z1y1": {},
    "z0u1y0_z0u3y0": {
        "00": 0.1236,
        "10": 0.1245,
        "11": 0.124,
        "01": 0.1269
    }
}
