{
    "z0u3y1_z0u1y1": {
        "11": 0.4988
    },
    "z0u2y0_z0u2y0": {
        "00": 0.2499,
        "11": 0.2549
    },
    "z1y1_z0u2y1": {
        "00": 0.25215,
        "11": 0.25495
    },
    "z0u1y0_z0u1y1": {},
    "z0u3y0_z0u3y0": {
        "00": 0.2476,
        "11": 0.2446
    },
    "z1y0_z0u1y0": {
        "00": 0.5
    },
    "z0u3y0_z1y0": {
        "00": 0.4997
    },
    "z0u3y1_z0u3y0": {
        "00": 0.2502,
        "11": 0.2499
    },
    "z0u2y0_z1y1": {
        "11": 0.5028
    },
    "z0u2y1_z0u3y1": {
        "00": 0.2515,
        "11": 0.248
    },
    "z0u3y1_z0u2y1": {
        "00": 0.2464,
        "11": 0.2502
    },
    "z0u2y0_z0u3y0": {
        "00": 0.2494,
        "11": 0.2435
    },
    "z0u1y1_z0u3y0": {
        "11": 0.5098
    },
    "z0u1y1_z0u3y1": {
        "11": 0.4902
    },
    "z0u2y1_z0u3y0": {
        "00": 0.2489,
        "11": 0.2516
    },
    "z0u1y1_z1y1": {
        "11": 1.0
    },
    "z0u2y1_z0u1y0": {
        "00": 0.5065
    },
    "z1y1_z0u3y1": {
        "00": 0.25,
        "11": 0.25185
    },
    "z1y0_z0u3y1": {
        "00": 0.25,
        "11": 0.25185
    },
    "z0u1y0_z1y0": {
        "00": 1.0
    },
    "z0u1y1_z1y0": {},
    "z0u1y1_z0u2y1": {
        "11": 0.4974
    },
    "z0u2y0_z0u1y0": {
        "00": 0.5035
    },
    "z0u1y0_z0u2y1": {
        "00": 0.4971
    },
    "z1y1_z0u2y0": {
        "00": 0.24785,
        "11": 0.24505
    },
    "z0u2y0_z0u1y1": {
        "11": 0.4965
    },
    "z0u1y0_z0u2y0": {
        "00": 0.5029
    },
    "z1y0_z0u1y1": {
        "11": 0.5
    },
    "z0u3y0_z0u2y1": {
        "00": 0.2528,
        "11": 0.2497
    },
    "z1y0_z1y1": {
        "11": 0.5
    },
    "z0u1y1_z0u1y0": {},
    "z0u3y1_z0u3y1": {
        "00": 0.2467,
        "11": 0.2532
    },
    "z1y1_z1y0": {
        "00": 0.5
    },
    "z0u3y1_z0u1y0": {
        "00": 0.5012
    },
    "z1y1_z0u1y1": {
        "11": 0.5
    },
    "z1y0_z1y0": {
        "00": 0.5
    },
    "z0u2y1_z1y1": {
        "11": 0.4978
    },
    "z0u1y1_z0u1y1": {
        "11": 1.0
    },
    "z0u2y1_z0u1y1": {
        "11": 0.4935
    },
    "z0u3y1_z0u2y0": {
        "00": 0.2515,
        "11": 0.2519
    },
    "z1y1_z1y1": {
        "11": 0.5
    },
    "z0u3y0_z0u1y0": {
        "00": 0.5054
    },
    "z0u2y0_z0u3y1": {
        "00": 0.2547,
        "11": 0.2524
    },
    "z0u3y0_z0u3y1": {
        "00": 0.2524,
        "11": 0.2554
    },
    "z0u3y0_z1y1": {
        "11": 0.5003
    },
    "z1y0_z0u2y0": {
        "00": 0.24785,
        "11": 0.24505
    },
    "z1y0_z0u2y1": {
        "00": 0.25215,
        "11": 0.25495
    },
    "z0u1y1_z0u2y0": {
        "11": 0.5026
    },
    "z0u3y0_z0u1y1": {
        "11": 0.4946
    },
    "z0u2y0_z1y0": {
        "00": 0.4972
    },
    "z0u3y1_z1y1": {
        "11": 0.4942
    },
    "z0u1y0_z0u3y1": {
        "00": 0.4885
    },
    "z0u2y1_z0u2y0": {
        "00": 0.2423,
        "11": 0.253
    },
    "z0u2y1_z0u2y1": {
        "00": 0.2549,
        "11": 0.2498
    },
    "z0u1y0_z0u1y0": {
        "00": 1.0
    },
    "z0u2y0_z0u2y1": {
        "00": 0.2484,
        "11": 0.2468
    },
    "z0u3y1_z1y0": {
        "00": 0.5058
    },
    "z0u2y1_z1y0": {
        "00": 0.5022
    },
    "z1y1_z0u3y0": {
        "00": 0.25,
        "11": 0.24815
    },
    "z1y0_z0u3y0": {
        "00": 0.25,
        "11": 0.24815
    },
    "z1y1_z0u1y0": {
        "00": 0.5
    },
    "z0u3y0_z0u2y0": {
        "00": 0.2504,
        "11": 0.2471
    },
    "z0u1y0_z1y1": {},
    "z0u1y0_z0u3y0": {
        "00": 0.5115
    }
}
