{
    "z0u3y1_z0u1y1": {
        "10": 0.2531,
        "11": 0.2476
    },
    "z0u2y0_z0u2y0": {
        "00": 0.1184,
        "10": 0.1262,
        "11": 0.124,
        "01": 0.1236
    },
    "z1y1_z0u2y1": {
        "00": 0.1267,
        "10": 0.1244,
        "11": 0.1223,
        "01": 0.1249
    },
    "z0u1y0_z0u1y1": {},
    "z0u3y0_z0u3y0": {
        "00": 0.1253,
        "10": 0.1282,
        "11": 0.1215,
        "01": 0.125
    },
    "z1y0_z0u1y0": {
        "00": 0.24705,
        "01": 0.25295
    },
    "z0u3y0_z1y0": {
        "00": 0.2478,
        "01": 0.2553
    },
    "z0u3y1_z0u3y0": {
        "00": 0.1239,
        "10": 0.1277,
        "11": 0.1214,
        "01": 0.1218
    },
    "z0u2y0_z1y1": {
        "10": 0.2507,
        "11": 0.2441
    },
    "z0u2y1_z0u3y1": {
        "00": 0.1264,
        "10": 0.1231,
        "11": 0.1228,
        "01": 0.1271
    },
    "z0u3y1_z0u2y1": {
        "00": 0.1256,
        "10": 0.1248,
        "11": 0.1232,
        "01": 0.1254
    },
    "z0u2y0_z0u3y0": {
        "00": 0.1313,
        "10": 0.1218,
        "11": 0.122,
        "01": 0.1203
    },
    "z0u1y1_z0u3y0": {
        "10": 0.2515,
        "11": 0.2549
    },
    "z0u1y1_z0u3y1": {
        "10": 0.2488,
        "11": 0.2448
    },
    "z0u2y1_z0u3y0": {
        "00": 0.1215,
        "10": 0.128,
        "11": 0.1235,
        "01": 0.1276
    },
    "z0u1y1_z1y1": {
        "10": 0.4962,
        "11": 0.5038
    },
    "z0u2y1_z0u1y0": {
        "00": 0.2444,
        "01": 0.2555
    },
    "z1y1_z0u3y1": {
        "00": 0.1254,
        "10": 0.12585,
        "11": 0.1263,
        "01": 0.12155
    },
    "z1y0_z0u3y1": {
        "00": 0.1254,
        "10": 0.12585,
        "11": 0.1263,
        "01": 0.12155
    },
    "z0u1y0_z1y0": {
        "00": 0.5029,
        "01": 0.4971
    },
    "z0u1y1_z1y0": {},
    "z0u1y1_z0u2y1": {
        "10": 0.2521,
        "11": 0.2529
    },
    "z0u2y0_z0u1y0": {
        "00": 0.2469,
        "01": 0.2494
    },
    "z0u1y0_z0u2y1": {
        "00": 0.2559,
        "01": 0.2471
    },
    "z1y1_z0u2y0": {
        "00": 0.12585,
        "10": 0.12415,
        "11": 0.12915,
        "01": 0.12255
    },
    "z0u2y0_z0u1y1": {
        "10": 0.2553,
        "11": 0.2484
    },
    "z0u1y0_z0u2y0": {
        "00": 0.249,
        "01": 0.248
    },
    "z1y0_z0u1y1": {
        "10": 0.25295,
        "11": 0.24705
    },
    "z0u3y0_z0u2y1": {
        "00": 0.1284,
        "10": 0.1306,
        "11": 0.1181,
        "01": 0.1225
    },
    "z1y0_z1y1": {
        "10": 0.24955,
        "11": 0.25045
    },
    "z0u1y1_z0u1y0": {},
    "z0u3y1_z0u3y1": {
        "00": 0.1253,
        "10": 0.1253,
        "11": 0.1261,
        "01": 0.1285
    },
    "z1y1_z1y0": {
        "00": 0.2507,
        "01": 0.2493
    },
    "z0u3y1_z0u1y0": {
        "00": 0.2493,
        "01": 0.25
    },
    "z1y1_z0u1y1": {
        "10": 0.25295,
        "11": 0.24705
    },
    "z1y0_z1y0": {
        "00": 0.2507,
        "01": 0.2493
    },
    "z0u2y1_z1y1": {
        "10": 0.2475,
        "11": 0.248
    },
    "z0u1y1_z0u1y1": {
        "10": 0.4948,
        "11": 0.5052
    },
    "z0u2y1_z0u1y1": {
        "10": 0.2556,
        "11": 0.2445
    },
    "z0u3y1_z0u2y0": {
        "00": 0.1331,
        "10": 0.1314,
        "11": 0.1209,
        "01": 0.1156
    },
    "z1y1_z1y1": {
        "10": 0.24955,
        "11": 0.25045
    },
    "z0u3y0_z0u1y0": {
        "00": 0.255,
        "01": 0.2444
    },
    "z0u2y0_z0u3y1": {
        "00": 0.1261,
        "10": 0.1284,
        "11": 0.1271,
        "01": 0.123
    },
    "z0u3y0_z0u3y1": {
        "00": 0.1235,
        "10": 0.1249,
        "11": 0.1243,
        "01": 0.1273
    },
    "z0u3y0_z1y1": {
        "10": 0.246,
        "11": 0.2509
    },
    "z1y0_z0u2y0": {
        "00": 0.12585,
        "10": 0.12415,
        "11": 0.12915,
        "01": 0.12255
    },
    "z1y0_z0u2y1": {
        "00": 0.1267,
        "10": 0.1244,
        "11": 0.1223,
        "01": 0.1249
    },
    "z0u1y1_z0u2y0": {
        "10": 0.2467,
        "11": 0.2483
    },
    "z0u3y0_z0u1y1": {
        "10": 0.252,
        "11": 0.2486
    },
    "z0u2y0_z1y0": {
        "00": 0.2484,
        "01": 0.2568
    },
    "z0u3y1_z1y1": {
        "10": 0.2471,
        "11": 0.2542
    },
    "z0u1y0_z0u3y1": {
        "00": 0.2467,
        "01": 0.2506
    },
    "z0u2y1_z0u2y0": {
        "00": 0.1262,
        "10": 0.1278,
        "11": 0.1261,
        "01": 0.1191
    },
    "z0u2y1_z0u2y1": {
        "00": 0.1269,
        "10": 0.1191,
        "11": 0.124,
        "01": 0.1308
    },
    "z0u1y0_z0u1y0": {
        "00": 0.5004,
        "01": 0.4996
    },
    "z0u2y0_z0u2y1": {
        "00": 0.1237,
        "10": 0.1266,
        "11": 0.1235,
        "01": 0.134
    },
    "z0u3y1_z1y0": {
        "00": 0.2491,
        "01": 0.2496
    },
    "z0u2y1_z1y0": {
        "00": 0.2491,
        "01": 0.2554
    },
    "z1y1_z0u3y0": {
        "00": 0.12585,
        "10": 0.12485,
        "11": 0.123,
        "01": 0.1272
    },
    "z1y0_z0u3y0": {
        "00": 0.12585,
        "10": 0.12485,
        "11": 0.123,
        "01": 0.1272
    },
    "z1y1_z0u1y0": {
        "00": 0.24705,
        "01": 0.25295
    },
    "z0u3y0_z0u2y0": {
        "00": 0.1284,
        "10": 0.1221,
        "11": 0.1235,
        "01": 0.1264
    },
    "z0u1y0_z1y1": {},
    "z0u1y0_z0u3y0": {
        "00": 0.2497,
        "01": 0.253
    }
}
