{
    "z0u3y1_z0u1y1": {
        "00": 0.1241,
        "10": 0.126,
        "11": 0.1304,
        "01": 0.129
    },
    "z0u2y0_z0u2y0": {
        "00": 0.1222,
        "10": 0.125,
        "11": 0.1223,
        "01": 0.1311
    },
    "z1y1_z0u2y1": {
        "00": 0.12575,
        "10": 0.12715,
        "11": 0.12385,
        "01": 0.12515
    },
    "z0u1y0_z0u1y1": {},
    "z0u3y0_z0u3y0": {
        "00": 0.1236,
        "10": 0.1268,
        "11": 0.1249,
        "01": 0.1251
    },
    "z1y0_z0u1y0": {
        "00": 0.1268,
        "10": 0.12665,
        "11": 0.1237,
        "01": 0.12285
    },
    "z0u3y0_z1y0": {
        "00": 0.1234,
        "10": 0.1232,
        "11": 0.1248,
        "01": 0.1283
    },
    "z0u3y1_z0u3y0": {
        "00": 0.1267,
        "10": 0.1242,
        "11": 0.1278,
        "01": 0.1278
    },
    "z0u2y0_z1y1": {
        "00": 0.1273,
        "10": 0.1261,
        "11": 0.1271,
        "01": 0.1191
    },
    "z0u2y1_z0u3y1": {
        "00": 0.2476,
        "11": 0.2514
    },
    "z0u3y1_z0u2y1": {
        "10": 0.2507,
        "01": 0.2482
    },
    "z0u2y0_z0u3y0": {
        "00": 0.2514,
        "11": 0.2482
    },
    "z0u1y1_z0u3y0": {
        "00": 0.1241,
        "10": 0.1297,
        "11": 0.1256,
        "01": 0.1219
    },
    "z0u1y1_z0u3y1": {
        "00": 0.12,
        "10": 0.1308,
        "11": 0.1193,
        "01": 0.1286
    },
    "z0u2y1_z0u3y0": {
        "10": 0.2512,
        "01": 0.2498
    },
    "z0u1y1_z1y1": {
        "00": 0.2557,
        "10": 0.2434,
        "11": 0.2518,
        "01": 0.2491
    },
    "z0u2y1_z0u1y0": {
        "00": 0.1229,
        "10": 0.1261,
        "11": 0.1232,
        "01": 0.1289
    },
    "z1y1_z0u3y1": {
        "00": 0.12425,
        "10": 0.1266,
        "11": 0.1266,
        "01": 0.1269
    },
    "z1y0_z0u3y1": {
        "00": 0.12425,
        "10": 0.1266,
        "11": 0.1266,
        "01": 0.1269
    },
    "z0u1y0_z1y0": {
        "00": 0.2491,
        "10": 0.2482,
        "11": 0.2495,
        "01": 0.2532
    },
    "z0u1y1_z1y0": {},
    "z0u1y1_z0u2y1": {
        "00": 0.1255,
        "10": 0.1288,
        "11": 0.1245,
        "01": 0.126
    },
    "z0u2y0_z0u1y0": {
        "00": 0.1252,
        "10": 0.1232,
        "11": 0.1244,
        "01": 0.1226
    },
    "z0u1y0_z0u2y1": {
        "00": 0.1237,
        "10": 0.1266,
        "11": 0.1296,
        "01": 0.1226
    },
    "z1y1_z0u2y0": {
        "00": 0.1248,
        "10": 0.1278,
        "11": 0.1245,
        "01": 0.121
    },
    "z0u2y0_z0u1y1": {
        "00": 0.1248,
        "10": 0.1336,
        "11": 0.1193,
        "01": 0.1269
    },
    "z0u1y0_z0u2y0": {
        "00": 0.1248,
        "10": 0.1265,
        "11": 0.1211,
        "01": 0.1251
    },
    "z1y0_z0u1y1": {
        "00": 0.1232,
        "10": 0.12355,
        "11": 0.12795,
        "01": 0.1253
    },
    "z0u3y0_z0u2y1": {
        "00": 0.2486,
        "11": 0.2457
    },
    "z1y0_z1y1": {
        "00": 0.1272,
        "10": 0.125,
        "11": 0.12145,
        "01": 0.12635
    },
    "z0u1y1_z0u1y0": {},
    "z0u3y1_z0u3y1": {
        "00": 0.1263,
        "10": 0.1204,
        "11": 0.1233,
        "01": 0.1235
    },
    "z1y1_z1y0": {
        "00": 0.1237,
        "10": 0.1244,
        "11": 0.1266,
        "01": 0.1253
    },
    "z0u3y1_z0u1y0": {
        "00": 0.124,
        "10": 0.121,
        "11": 0.1237,
        "01": 0.1218
    },
    "z1y1_z0u1y1": {
        "00": 0.1232,
        "10": 0.12355,
        "11": 0.12795,
        "01": 0.1253
    },
    "z1y0_z1y0": {
        "00": 0.1237,
        "10": 0.1244,
        "11": 0.1266,
        "01": 0.1253
    },
    "z0u2y1_z1y1": {
        "00": 0.1242,
        "10": 0.12,
        "11": 0.1281,
        "01": 0.1225
    },
    "z0u1y1_z0u1y1": {
        "00": 0.2552,
        "10": 0.2484,
        "11": 0.2575,
        "01": 0.2389
    },
    "z0u2y1_z0u1y1": {
        "00": 0.1279,
        "10": 0.1261,
        "11": 0.124,
        "01": 0.1209
    },
    "z0u3y1_z0u2y0": {
        "00": 0.2511,
        "11": 0.25
    },
    "z1y1_z1y1": {
        "00": 0.1272,
        "10": 0.125,
        "11": 0.12145,
        "01": 0.12635
    },
    "z0u3y0_z0u1y0": {
        "00": 0.1193,
        "10": 0.1269,
        "11": 0.1288,
        "01": 0.1239
    },
    "z0u2y0_z0u3y1": {
        "10": 0.2563,
        "01": 0.2441
    },
    "z0u3y0_z0u3y1": {
        "00": 0.1226,
        "10": 0.1263,
        "11": 0.1253,
        "01": 0.1254
    },
    "z0u3y0_z1y1": {
        "00": 0.1271,
        "10": 0.1206,
        "11": 0.1285,
        "01": 0.1241
    },
    "z1y0_z0u2y0": {
        "00": 0.1248,
        "10": 0.1278,
        "11": 0.1245,
        "01": 0.121
    },
    "z1y0_z0u2y1": {
        "00": 0.12575,
        "10": 0.12715,
        "11": 0.12385,
        "01": 0.12515
    },
    "z0u1y1_z0u2y0": {
        "00": 0.1216,
        "10": 0.1246,
        "11": 0.1238,
        "01": 0.1252
    },
    "z0u3y0_z0u1y1": {
        "00": 0.1237,
        "10": 0.1265,
        "11": 0.121,
        "01": 0.1299
    },
    "z0u2y0_z1y0": {
        "00": 0.1288,
        "10": 0.1242,
        "11": 0.1234,
        "01": 0.124
    },
    "z0u3y1_z1y1": {
        "00": 0.1232,
        "10": 0.1258,
        "11": 0.1278,
        "01": 0.1246
    },
    "z0u1y0_z0u3y1": {
        "00": 0.1224,
        "10": 0.1259,
        "11": 0.1196,
        "01": 0.1296
    },
    "z0u2y1_z0u2y0": {
        "00": 0.1248,
        "10": 0.1265,
        "11": 0.1282,
        "01": 0.1217
    },
    "z0u2y1_z0u2y1": {
        "00": 0.1259,
        "10": 0.125,
        "11": 0.1197,
        "01": 0.1282
    },
    "z0u1y0_z0u1y0": {
        "00": 0.2498,
        "10": 0.2481,
        "11": 0.2558,
        "01": 0.2463
    },
    "z0u2y0_z0u2y1": {
        "00": 0.1241,
        "10": 0.1277,
        "11": 0.1213,
        "01": 0.1263
    },
    "z0u3y1_z1y0": {
        "00": 0.1249,
        "10": 0.1205,
        "11": 0.1241,
        "01": 0.1291
    },
    "z0u2y1_z1y0": {
        "00": 0.1241,
        "10": 0.1248,
        "11": 0.1292,
        "01": 0.1271
    },
    "z1y1_z0u3y0": {
        "00": 0.12375,
        "10": 0.12335,
        "11": 0.1233,
        "01": 0.12525
    },
    "z1y0_z0u3y0": {
        "00": 0.12375,
        "10": 0.12335,
        "11": 0.1233,
        "01": 0.12525
    },
    "z1y1_z0u1y0": {
        "00": 0.1268,
        "10": 0.12665,
        "11": 0.1237,
        "01": 0.12285
    },
    "z0u3y0_z0u2y0": {
        "10": 0.2551,
        "01": 0.2506
    },
    "z0u1y0_z1y1": {},
    "z0u1y0_z0u3y0": {
        "00": 0.1253,
        "10": 0.1231,
        "11": 0.1289,
        "01": 0.1252
    }
}
