{
    "z0u3y1_z0u1y1": {
        "11": 0.2486,
        "01": 0.256
    },
    "z0u2y0_z0u2y0": {
        "00": 0.1226,
        "10": 0.1241,
        "11": 0.1274,
        "01": 0.1254
    },
    "z1y1_z0u2y1": {
        "00": 0.1266,
        "10": 0.12375,
        "11": 0.1267,
        "01": 0.1236
    },
    "z0u1y0_z0u1y1": {},
    "z0u3y0_z0u3y0": {
        "00": 0.1299,
        "10": 0.1218,
        "11": 0.1249,
        "01": 0.1204
    },
    "z1y0_z0u1y0": {
        "00": 0.2492,
        "10": 0.2508
    },
    "z0u3y0_z1y0": {
        "00": 0.2493,
        "10": 0.2461
    },
    "z0u3y1_z0u3y0": {
        "00": 0.1284,
        "10": 0.126,
        "11": 0.1237,
        "01": 0.1189
    },
    "z0u2y0_z1y1": {
        "11": 0.2474,
        "01": 0.2527
    },
    "z0u2y1_z0u3y1": {
        "00": 0.1255,
        "10": 0.1204,
        "11": 0.1278,
        "01": 0.123
    },
    "z0u3y1_z0u2y1": {
        "00": 0.1275,
        "10": 0.127,
        "11": 0.1233,
        "01": 0.1203
    },
    "z0u2y0_z0u3y0": {
        "00": 0.124,
        "10": 0.1302,
        "11": 0.1276,
        "01": 0.128
    },
    "z0u1y1_z0u3y0": {
        "11": 0.2504,
        "01": 0.2481
    },
    "z0u1y1_z0u3y1": {
        "11": 0.2554,
        "01": 0.2461
    },
    "z0u2y1_z0u3y0": {
        "00": 0.125,
        "10": 0.1275,
        "11": 0.1234,
        "01": 0.1274
    },
    "z0u1y1_z1y1": {
        "11": 0.5046,
        "01": 0.4954
    },
    "z0u2y1_z0u1y0": {
        "00": 0.2454,
        "10": 0.2516
    },
    "z1y1_z0u3y1": {
        "00": 0.1232,
        "10": 0.12745,
        "11": 0.128,
        "01": 0.1259
    },
    "z1y0_z0u3y1": {
        "00": 0.1232,
        "10": 0.12745,
        "11": 0.128,
        "01": 0.1259
    },
    "z0u1y0_z1y0": {
        "00": 0.4957,
        "10": 0.5043
    },
    "z0u1y1_z1y0": {},
    "z0u1y1_z0u2y1": {
        "11": 0.252,
        "01": 0.2512
    },
    "z0u2y0_z0u1y0": {
        "00": 0.2534,
        "10": 0.2584
    },
    "z0u1y0_z0u2y1": {
        "00": 0.2546,
        "10": 0.2555
    },
    "z1y1_z0u2y0": {
        "00": 0.12665,
        "10": 0.123,
        "11": 0.1235,
        "01": 0.1262
    },
    "z0u2y0_z0u1y1": {
        "11": 0.2397,
        "01": 0.2485
    },
    "z0u1y0_z0u2y0": {
        "00": 0.2451,
        "10": 0.2448
    },
    "z1y0_z0u1y1": {
        "11": 0.2502,
        "01": 0.2498
    },
    "z0u3y0_z0u2y1": {
        "00": 0.1263,
        "10": 0.1226,
        "11": 0.1242,
        "01": 0.1266
    },
    "z1y0_z1y1": {
        "11": 0.2495,
        "01": 0.2505
    },
    "z0u1y1_z0u1y0": {},
    "z0u3y1_z0u3y1": {
        "00": 0.1298,
        "10": 0.1244,
        "11": 0.1239,
        "01": 0.1249
    },
    "z1y1_z1y0": {
        "00": 0.24885,
        "10": 0.25115
    },
    "z0u3y1_z0u1y0": {
        "00": 0.2481,
        "10": 0.2473
    },
    "z1y1_z0u1y1": {
        "11": 0.2502,
        "01": 0.2498
    },
    "z1y0_z1y0": {
        "00": 0.24885,
        "10": 0.25115
    },
    "z0u2y1_z1y1": {
        "11": 0.2481,
        "01": 0.2474
    },
    "z0u1y1_z0u1y1": {
        "11": 0.5025,
        "01": 0.4975
    },
    "z0u2y1_z0u1y1": {
        "11": 0.246,
        "01": 0.257
    },
    "z0u3y1_z0u2y0": {
        "00": 0.1296,
        "10": 0.1198,
        "11": 0.1254,
        "01": 0.1271
    },
    "z1y1_z1y1": {
        "11": 0.2495,
        "01": 0.2505
    },
    "z0u3y0_z0u1y0": {
        "00": 0.2528,
        "10": 0.2505
    },
    "z0u2y0_z0u3y1": {
        "00": 0.1218,
        "10": 0.1229,
        "11": 0.1184,
        "01": 0.1271
    },
    "z0u3y0_z0u3y1": {
        "00": 0.1249,
        "10": 0.1271,
        "11": 0.1216,
        "01": 0.1294
    },
    "z0u3y0_z1y1": {
        "11": 0.2504,
        "01": 0.2542
    },
    "z1y0_z0u2y0": {
        "00": 0.12665,
        "10": 0.123,
        "11": 0.1235,
        "01": 0.1262
    },
    "z1y0_z0u2y1": {
        "00": 0.1266,
        "10": 0.12375,
        "11": 0.1267,
        "01": 0.1236
    },
    "z0u1y1_z0u2y0": {
        "11": 0.2482,
        "01": 0.2486
    },
    "z0u3y0_z0u1y1": {
        "11": 0.2453,
        "01": 0.2514
    },
    "z0u2y0_z1y0": {
        "00": 0.2473,
        "10": 0.2526
    },
    "z0u3y1_z1y1": {
        "11": 0.2525,
        "01": 0.2523
    },
    "z0u1y0_z0u3y1": {
        "00": 0.2515,
        "10": 0.2484
    },
    "z0u2y1_z0u2y0": {
        "00": 0.1255,
        "10": 0.1258,
        "11": 0.1218,
        "01": 0.1276
    },
    "z0u2y1_z0u2y1": {
        "00": 0.1231,
        "10": 0.1244,
        "11": 0.129,
        "01": 0.1228
    },
    "z0u1y0_z0u1y0": {
        "00": 0.5024,
        "10": 0.4976
    },
    "z0u2y0_z0u2y1": {
        "00": 0.126,
        "10": 0.1276,
        "11": 0.1264,
        "01": 0.1205
    },
    "z0u3y1_z1y0": {
        "00": 0.2513,
        "10": 0.2439
    },
    "z0u2y1_z1y0": {
        "00": 0.2455,
        "10": 0.259
    },
    "z1y1_z0u3y0": {
        "00": 0.12665,
        "10": 0.1227,
        "11": 0.12215,
        "01": 0.12395
    },
    "z1y0_z0u3y0": {
        "00": 0.12665,
        "10": 0.1227,
        "11": 0.12215,
        "01": 0.12395
    },
    "z1y1_z0u1y0": {
        "00": 0.2492,
        "10": 0.2508
    },
    "z0u3y0_z0u2y0": {
        "00": 0.1208,
        "10": 0.1239,
        "11": 0.1303,
        "01": 0.1253
    },
    "z0u1y0_z1y1": {},
    "z0u1y0_z0u3y0": {
        "00": 0.2475,
        "10": 0.2526
    }
}
