{
    "z0u3y1_z0u1y1": {
        "10": 0.2527,
        "11": 0.2458
    },
    "z0u2y0_z0u2y0": {
        "00": 0.1256,
        "10": 0.1211,
        "11": 0.1288,
        "01": 0.1226
    },
    "z1y1_z0u2y1": {
        "00": 0.12425,
        "10": 0.123,
        "11": 0.1251,
        "01": 0.12195
    },
    "z0u1y0_z0u1y1": {},
    "z0u3y0_z0u3y0": {
        "00": 0.1284,
        "10": 0.1235,
        "11": 0.1243,
        "01": 0.1231
    },
    "z1y0_z0u1y0": {
        "00": 0.25475,
        "01": 0.24525
    },
    "z0u3y0_z1y0": {
        "00": 0.256,
        "01": 0.2498
    },
    "z0u3y1_z0u3y0": {
        "00": 0.1231,
        "10": 0.1312,
        "11": 0.1205,
        "01": 0.122
    },
    "z0u2y0_z1y1": {
        "10": 0.2523,
        "11": 0.2465
    },
    "z0u2y1_z0u3y1": {
        "00": 0.1296,
        "10": 0.1169,
        "11": 0.1271,
        "01": 0.1232
    },
    "z0u3y1_z0u2y1": {
        "00": 0.1233,
        "10": 0.1235,
        "11": 0.1314,
        "01": 0.1246
    },
    "z0u2y0_z0u3y0": {
        "00": 0.1253,
        "10": 0.1252,
        "11": 0.1243,
        "01": 0.1234
    },
    "z0u1y1_z0u3y0": {
        "10": 0.2538,
        "11": 0.2522
    },
    "z0u1y1_z0u3y1": {
        "10": 0.2472,
        "11": 0.2468
    },
    "z0u2y1_z0u3y0": {
        "00": 0.1295,
        "10": 0.1259,
        "11": 0.1263,
        "01": 0.1215
    },
    "z0u1y1_z1y1": {
        "10": 0.4986,
        "11": 0.5014
    },
    "z0u2y1_z0u1y0": {
        "00": 0.2557,
        "01": 0.2452
    },
    "z1y1_z0u3y1": {
        "00": 0.12775,
        "10": 0.12325,
        "11": 0.1284,
        "01": 0.12675
    },
    "z1y0_z0u3y1": {
        "00": 0.12775,
        "10": 0.12325,
        "11": 0.1284,
        "01": 0.12675
    },
    "z0u1y0_z1y0": {
        "00": 0.492,
        "01": 0.508
    },
    "z0u1y1_z1y0": {},
    "z0u1y1_z0u2y1": {
        "10": 0.2539,
        "11": 0.246
    },
    "z0u2y0_z0u1y0": {
        "00": 0.2508,
        "01": 0.2454
    },
    "z0u1y0_z0u2y1": {
        "00": 0.2484,
        "01": 0.2518
    },
    "z1y1_z0u2y0": {
        "00": 0.12475,
        "10": 0.12425,
        "11": 0.12765,
        "01": 0.12905
    },
    "z0u2y0_z0u1y1": {
        "10": 0.2513,
        "11": 0.2525
    },
    "z0u1y0_z0u2y0": {
        "00": 0.2444,
        "01": 0.2554
    },
    "z1y0_z0u1y1": {
        "10": 0.2495,
        "11": 0.2505
    },
    "z0u3y0_z0u2y1": {
        "00": 0.1261,
        "10": 0.12,
        "11": 0.1218,
        "01": 0.1231
    },
    "z1y0_z1y1": {
        "10": 0.2512,
        "11": 0.2488
    },
    "z0u1y1_z0u1y0": {},
    "z0u3y1_z0u3y1": {
        "00": 0.1347,
        "10": 0.1233,
        "11": 0.1227,
        "01": 0.1225
    },
    "z1y1_z1y0": {
        "00": 0.251,
        "01": 0.249
    },
    "z0u3y1_z0u1y0": {
        "00": 0.2516,
        "01": 0.2499
    },
    "z1y1_z0u1y1": {
        "10": 0.2495,
        "11": 0.2505
    },
    "z1y0_z1y0": {
        "00": 0.251,
        "01": 0.249
    },
    "z0u2y1_z1y1": {
        "10": 0.2497,
        "11": 0.2506
    },
    "z0u1y1_z0u1y1": {
        "10": 0.4986,
        "11": 0.5014
    },
    "z0u2y1_z0u1y1": {
        "10": 0.2466,
        "11": 0.2525
    },
    "z0u3y1_z0u2y0": {
        "00": 0.1267,
        "10": 0.1251,
        "11": 0.1213,
        "01": 0.1241
    },
    "z1y1_z1y1": {
        "10": 0.2512,
        "11": 0.2488
    },
    "z0u3y0_z0u1y0": {
        "00": 0.2549,
        "01": 0.2476
    },
    "z0u2y0_z0u3y1": {
        "00": 0.1293,
        "10": 0.1243,
        "11": 0.1264,
        "01": 0.1218
    },
    "z0u3y0_z0u3y1": {
        "00": 0.1244,
        "10": 0.1286,
        "11": 0.1228,
        "01": 0.1249
    },
    "z0u3y0_z1y1": {
        "10": 0.2508,
        "11": 0.2434
    },
    "z1y0_z0u2y0": {
        "00": 0.12475,
        "10": 0.12425,
        "11": 0.12765,
        "01": 0.12905
    },
    "z1y0_z0u2y1": {
        "00": 0.12425,
        "10": 0.123,
        "11": 0.1251,
        "01": 0.12195
    },
    "z0u1y1_z0u2y0": {
        "10": 0.2498,
        "11": 0.2503
    },
    "z0u3y0_z0u1y1": {
        "10": 0.2436,
        "11": 0.2539
    },
    "z0u2y0_z1y0": {
        "00": 0.2437,
        "01": 0.2575
    },
    "z0u3y1_z1y1": {
        "10": 0.2491,
        "11": 0.2465
    },
    "z0u1y0_z0u3y1": {
        "00": 0.255,
        "01": 0.2546
    },
    "z0u2y1_z0u2y0": {
        "00": 0.1259,
        "10": 0.1279,
        "11": 0.1192,
        "01": 0.1272
    },
    "z0u2y1_z0u2y1": {
        "00": 0.1208,
        "10": 0.1254,
        "11": 0.1237,
        "01": 0.1299
    },
    "z0u1y0_z0u1y0": {
        "00": 0.4928,
        "01": 0.5072
    },
    "z0u2y0_z0u2y1": {
        "00": 0.1292,
        "10": 0.1288,
        "11": 0.1203,
        "01": 0.1236
    },
    "z0u3y1_z1y0": {
        "00": 0.2515,
        "01": 0.2529
    },
    "z0u2y1_z1y0": {
        "00": 0.2514,
        "01": 0.2483
    },
    "z1y1_z0u3y0": {
        "00": 0.11975,
        "10": 0.1224,
        "11": 0.12595,
        "01": 0.12575
    },
    "z1y0_z0u3y0": {
        "00": 0.11975,
        "10": 0.1224,
        "11": 0.12595,
        "01": 0.12575
    },
    "z1y1_z0u1y0": {
        "00": 0.25475,
        "01": 0.24525
    },
    "z0u3y0_z0u2y0": {
        "00": 0.1228,
        "10": 0.1267,
        "11": 0.1305,
        "01": 0.129
    },
    "z0u1y0_z1y1": {},
    "z0u1y0_z0u3y0": {
        "00": 0.2419,
        "01": 0.2485
    }
}
