{
    "z0u3y1_z0u1y1": {
        "10": 0.2486,
        "11": 0.2498
    },
    "z0u2y0_z0u2y0": {
        "00": 0.1271,
        "10": 0.1248,
        "11": 0.1274,
        "01": 0.1237
    },
    "z1y1_z0u2y1": {
        "00": 0.122,
        "10": 0.12295,
        "11": 0.1274,
        "01": 0.1245
    },
    "z0u1y0_z0u1y1": {},
    "z0u3y0_z0u3y0": {
        "00": 0.1236,
        "10": 0.1256,
        "11": 0.1267,
        "01": 0.1208
    },
    "z1y0_z0u1y0": {
        "00": 0.25235,
        "01": 0.24765
    },
    "z0u3y0_z1y0": {
        "00": 0.2479,
        "01": 0.2494
    },
    "z0u3y1_z0u3y0": {
        "00": 0.1259,
        "10": 0.131,
        "11": 0.1243,
        "01": 0.1217
    },
    "z0u2y0_z1y1": {
        "10": 0.2514,
        "11": 0.2463
    },
    "z0u2y1_z0u3y1": {
        "00": 0.1224,
        "10": 0.1244,
        "11": 0.1256,
        "01": 0.1202
    },
    "z0u3y1_z0u2y1": {
        "00": 0.1299,
        "10": 0.1179,
        "11": 0.1265,
        "01": 0.1234
    },
    "z0u2y0_z0u3y0": {
        "00": 0.1267,
        "10": 0.1247,
        "11": 0.1249,
        "01": 0.1216
    },
    "z0u1y1_z0u3y0": {
        "10": 0.2459,
        "11": 0.2438
    },
    "z0u1y1_z0u3y1": {
        "10": 0.2621,
        "11": 0.2482
    },
    "z0u2y1_z0u3y0": {
        "00": 0.1248,
        "10": 0.1278,
        "11": 0.1249,
        "01": 0.1299
    },
    "z0u1y1_z1y1": {
        "10": 0.5097,
        "11": 0.4903
    },
    "z0u2y1_z0u1y0": {
        "00": 0.2459,
        "01": 0.2498
    },
    "z1y1_z0u3y1": {
        "00": 0.1282,
        "10": 0.1273,
        "11": 0.1244,
        "01": 0.12645
    },
    "z1y0_z0u3y1": {
        "00": 0.1282,
        "10": 0.1273,
        "11": 0.1244,
        "01": 0.12645
    },
    "z0u1y0_z1y0": {
        "00": 0.4937,
        "01": 0.5063
    },
    "z0u1y1_z1y0": {},
    "z0u1y1_z0u2y1": {
        "10": 0.253,
        "11": 0.25
    },
    "z0u2y0_z0u1y0": {
        "00": 0.2533,
        "01": 0.2526
    },
    "z0u1y0_z0u2y1": {
        "00": 0.2587,
        "01": 0.2461
    },
    "z1y1_z0u2y0": {
        "00": 0.127,
        "10": 0.1252,
        "11": 0.12445,
        "01": 0.1265
    },
    "z0u2y0_z0u1y1": {
        "10": 0.2506,
        "11": 0.2435
    },
    "z0u1y0_z0u2y0": {
        "00": 0.2551,
        "01": 0.2401
    },
    "z1y0_z0u1y1": {
        "10": 0.2461,
        "11": 0.2539
    },
    "z0u3y0_z0u2y1": {
        "00": 0.1228,
        "10": 0.1264,
        "11": 0.124,
        "01": 0.1262
    },
    "z1y0_z1y1": {
        "10": 0.24325,
        "11": 0.25675
    },
    "z0u1y1_z0u1y0": {},
    "z0u3y1_z0u3y1": {
        "00": 0.131,
        "10": 0.1232,
        "11": 0.1194,
        "01": 0.1235
    },
    "z1y1_z1y0": {
        "00": 0.24415,
        "01": 0.25585
    },
    "z0u3y1_z0u1y0": {
        "00": 0.2497,
        "01": 0.2519
    },
    "z1y1_z0u1y1": {
        "10": 0.2461,
        "11": 0.2539
    },
    "z1y0_z1y0": {
        "00": 0.24415,
        "01": 0.25585
    },
    "z0u2y1_z1y1": {
        "10": 0.2449,
        "11": 0.2508
    },
    "z0u1y1_z0u1y1": {
        "10": 0.504,
        "11": 0.496
    },
    "z0u2y1_z0u1y1": {
        "10": 0.2558,
        "11": 0.2485
    },
    "z0u3y1_z0u2y0": {
        "00": 0.1229,
        "10": 0.1278,
        "11": 0.1273,
        "01": 0.1243
    },
    "z1y1_z1y1": {
        "10": 0.24325,
        "11": 0.25675
    },
    "z0u3y0_z0u1y0": {
        "00": 0.2415,
        "01": 0.2558
    },
    "z0u2y0_z0u3y1": {
        "00": 0.1223,
        "10": 0.1261,
        "11": 0.1278,
        "01": 0.1259
    },
    "z0u3y0_z0u3y1": {
        "00": 0.1244,
        "10": 0.126,
        "11": 0.1242,
        "01": 0.1287
    },
    "z0u3y0_z1y1": {
        "10": 0.2525,
        "11": 0.2502
    },
    "z1y0_z0u2y0": {
        "00": 0.127,
        "10": 0.1252,
        "11": 0.12445,
        "01": 0.1265
    },
    "z1y0_z0u2y1": {
        "00": 0.122,
        "10": 0.12295,
        "11": 0.1274,
        "01": 0.1245
    },
    "z0u1y1_z0u2y0": {
        "10": 0.2428,
        "11": 0.2542
    },
    "z0u3y0_z0u1y1": {
        "10": 0.2516,
        "11": 0.2511
    },
    "z0u2y0_z1y0": {
        "00": 0.2483,
        "01": 0.254
    },
    "z0u3y1_z1y1": {
        "10": 0.2489,
        "11": 0.2511
    },
    "z0u1y0_z0u3y1": {
        "00": 0.2476,
        "01": 0.2496
    },
    "z0u2y1_z0u2y0": {
        "00": 0.1264,
        "10": 0.1263,
        "11": 0.1239,
        "01": 0.1292
    },
    "z0u2y1_z0u2y1": {
        "00": 0.1202,
        "10": 0.1205,
        "11": 0.1261,
        "01": 0.1274
    },
    "z0u1y0_z0u1y0": {
        "00": 0.5002,
        "01": 0.4998
    },
    "z0u2y0_z0u2y1": {
        "00": 0.1228,
        "10": 0.1228,
        "11": 0.1284,
        "01": 0.123
    },
    "z0u3y1_z1y0": {
        "00": 0.2517,
        "01": 0.2483
    },
    "z0u2y1_z1y0": {
        "00": 0.2528,
        "01": 0.2515
    },
    "z1y1_z0u3y0": {
        "00": 0.1226,
        "10": 0.12585,
        "11": 0.12245,
        "01": 0.12275
    },
    "z1y0_z0u3y0": {
        "00": 0.1226,
        "10": 0.12585,
        "11": 0.12245,
        "01": 0.12275
    },
    "z1y1_z0u1y0": {
        "00": 0.25235,
        "01": 0.24765
    },
    "z0u3y0_z0u2y0": {
        "00": 0.1238,
        "10": 0.1262,
        "11": 0.1228,
        "01": 0.1278
    },
    "z0u1y0_z1y1": {},
    "z0u1y0_z0u3y0": {
        "00": 0.2524,
        "01": 0.2504
    }
}
