{
    "z0u3y1_z0u1y1": {
        "00": 0.128,
        "10": 0.1205,
        "11": 0.1259,
        "01": 0.1232
    },
    "z0u2y0_z0u2y0": {
        "00": 0.1238,
        "10": 0.1261,
        "11": 0.1299,
        "01": 0.1267
    },
    "z1y1_z0u2y1": {
        "00": 0.12395,
        "10": 0.12265,
        "11": 0.12575,
        "01": 0.12035
    },
    "z0u1y0_z0u1y1": {},
    "z0u3y0_z0u3y0": {
        "00": 0.1248,
        "10": 0.1292,
        "11": 0.1257,
        "01": 0.1208
    },
    "z1y0_z0u1y0": {
        "00": 0.12605,
        "10": 0.1199,
        "11": 0.1317,
        "01": 0.12235
    },
    "z0u3y0_z1y0": {
        "00": 0.1239,
        "10": 0.1252,
        "11": 0.122,
        "01": 0.1229
    },
    "z0u3y1_z0u3y0": {
        "00": 0.1231,
        "10": 0.1282,
        "11": 0.1249,
        "01": 0.1266
    },
    "z0u2y0_z1y1": {
        "00": 0.1222,
        "10": 0.1213,
        "11": 0.1317,
        "01": 0.1245
    },
    "z0u2y1_z0u3y1": {
        "00": 0.255,
        "11": 0.2482
    },
    "z0u3y1_z0u2y1": {
        "10": 0.2487,
        "01": 0.2534
    },
    "z0u2y0_z0u3y0": {
        "00": 0.2479,
        "11": 0.2481
    },
    "z0u1y1_z0u3y0": {
        "00": 0.1241,
        "10": 0.1222,
        "11": 0.1275,
        "01": 0.1229
    },
    "z0u1y1_z0u3y1": {
        "00": 0.126,
        "10": 0.1235,
        "11": 0.1277,
        "01": 0.1261
    },
    "z0u2y1_z0u3y0": {
        "10": 0.2489,
        "01": 0.2479
    },
    "z0u1y1_z1y1": {
        "00": 0.2512,
        "10": 0.2474,
        "11": 0.2469,
        "01": 0.2545
    },
    "z0u2y1_z0u1y0": {
        "00": 0.1257,
        "10": 0.1195,
        "11": 0.1225,
        "01": 0.1315
    },
    "z1y1_z0u3y1": {
        "00": 0.1281,
        "10": 0.12215,
        "11": 0.1271,
        "01": 0.1239
    },
    "z1y0_z0u3y1": {
        "00": 0.1281,
        "10": 0.12215,
        "11": 0.1271,
        "01": 0.1239
    },
    "z0u1y0_z1y0": {
        "00": 0.2433,
        "10": 0.2548,
        "11": 0.2463,
        "01": 0.2556
    },
    "z0u1y1_z1y0": {},
    "z0u1y1_z0u2y1": {
        "00": 0.1211,
        "10": 0.1279,
        "11": 0.1207,
        "01": 0.126
    },
    "z0u2y0_z0u1y0": {
        "00": 0.1227,
        "10": 0.1298,
        "11": 0.121,
        "01": 0.1276
    },
    "z0u1y0_z0u2y1": {
        "00": 0.1249,
        "10": 0.123,
        "11": 0.1271,
        "01": 0.1294
    },
    "z1y1_z0u2y0": {
        "00": 0.127,
        "10": 0.1226,
        "11": 0.12725,
        "01": 0.13045
    },
    "z0u2y0_z0u1y1": {
        "00": 0.1239,
        "10": 0.1223,
        "11": 0.125,
        "01": 0.1277
    },
    "z0u1y0_z0u2y0": {
        "00": 0.1233,
        "10": 0.1224,
        "11": 0.1233,
        "01": 0.1266
    },
    "z1y0_z0u1y1": {
        "00": 0.1216,
        "10": 0.12315,
        "11": 0.12835,
        "01": 0.1269
    },
    "z0u3y0_z0u2y1": {
        "00": 0.2554,
        "11": 0.2478
    },
    "z1y0_z1y1": {
        "00": 0.1253,
        "10": 0.12565,
        "11": 0.1264,
        "01": 0.12265
    },
    "z0u1y1_z0u1y0": {},
    "z0u3y1_z0u3y1": {
        "00": 0.1222,
        "10": 0.1248,
        "11": 0.1257,
        "01": 0.1245
    },
    "z1y1_z1y0": {
        "00": 0.12665,
        "10": 0.1211,
        "11": 0.1255,
        "01": 0.12675
    },
    "z0u3y1_z0u1y0": {
        "00": 0.1284,
        "10": 0.12,
        "11": 0.1325,
        "01": 0.1215
    },
    "z1y1_z0u1y1": {
        "00": 0.1216,
        "10": 0.12315,
        "11": 0.12835,
        "01": 0.1269
    },
    "z1y0_z1y0": {
        "00": 0.12665,
        "10": 0.1211,
        "11": 0.1255,
        "01": 0.12675
    },
    "z0u2y1_z1y1": {
        "00": 0.1252,
        "10": 0.1272,
        "11": 0.1262,
        "01": 0.1232
    },
    "z0u1y1_z0u1y1": {
        "00": 0.2508,
        "10": 0.2489,
        "11": 0.2472,
        "01": 0.2531
    },
    "z0u2y1_z0u1y1": {
        "00": 0.1201,
        "10": 0.1209,
        "11": 0.136,
        "01": 0.1238
    },
    "z0u3y1_z0u2y0": {
        "00": 0.2444,
        "11": 0.2535
    },
    "z1y1_z1y1": {
        "00": 0.1253,
        "10": 0.12565,
        "11": 0.1264,
        "01": 0.12265
    },
    "z0u3y0_z0u1y0": {
        "00": 0.1218,
        "10": 0.1284,
        "11": 0.1194,
        "01": 0.1207
    },
    "z0u2y0_z0u3y1": {
        "10": 0.2515,
        "01": 0.2525
    },
    "z0u3y0_z0u3y1": {
        "00": 0.1233,
        "10": 0.1267,
        "11": 0.1232,
        "01": 0.1263
    },
    "z0u3y0_z1y1": {
        "00": 0.1244,
        "10": 0.1285,
        "11": 0.1233,
        "01": 0.1298
    },
    "z1y0_z0u2y0": {
        "00": 0.127,
        "10": 0.1226,
        "11": 0.12725,
        "01": 0.13045
    },
    "z1y0_z0u2y1": {
        "00": 0.12395,
        "10": 0.12265,
        "11": 0.12575,
        "01": 0.12035
    },
    "z0u1y1_z0u2y0": {
        "00": 0.1267,
        "10": 0.1276,
        "11": 0.1265,
        "01": 0.1235
    },
    "z0u3y0_z0u1y1": {
        "00": 0.1301,
        "10": 0.1305,
        "11": 0.1232,
        "01": 0.1259
    },
    "z0u2y0_z1y0": {
        "00": 0.1268,
        "10": 0.1226,
        "11": 0.122,
        "01": 0.1289
    },
    "z0u3y1_z1y1": {
        "00": 0.1224,
        "10": 0.1242,
        "11": 0.1322,
        "01": 0.1183
    },
    "z0u1y0_z0u3y1": {
        "00": 0.1208,
        "10": 0.1275,
        "11": 0.1235,
        "01": 0.1215
    },
    "z0u2y1_z0u2y0": {
        "00": 0.1236,
        "10": 0.1213,
        "11": 0.1287,
        "01": 0.1215
    },
    "z0u2y1_z0u2y1": {
        "00": 0.1265,
        "10": 0.1262,
        "11": 0.1251,
        "01": 0.1271
    },
    "z0u1y0_z0u1y0": {
        "00": 0.2415,
        "10": 0.2484,
        "11": 0.2543,
        "01": 0.2558
    },
    "z0u2y0_z0u2y1": {
        "00": 0.1236,
        "10": 0.1221,
        "11": 0.1227,
        "01": 0.1251
    },
    "z0u3y1_z1y0": {
        "00": 0.1333,
        "10": 0.1279,
        "11": 0.1223,
        "01": 0.1194
    },
    "z0u2y1_z1y0": {
        "00": 0.1269,
        "10": 0.1269,
        "11": 0.1227,
        "01": 0.1217
    },
    "z1y1_z0u3y0": {
        "00": 0.12295,
        "10": 0.12645,
        "11": 0.12475,
        "01": 0.1246
    },
    "z1y0_z0u3y0": {
        "00": 0.12295,
        "10": 0.12645,
        "11": 0.12475,
        "01": 0.1246
    },
    "z1y1_z0u1y0": {
        "00": 0.12605,
        "10": 0.1199,
        "11": 0.1317,
        "01": 0.12235
    },
    "z0u3y0_z0u2y0": {
        "10": 0.2528,
        "01": 0.244
    },
    "z0u1y0_z1y1": {},
    "z0u1y0_z0u3y0": {
        "00": 0.128,
        "10": 0.1274,
        "11": 0.124,
        "01": 0.1273
    }
}
