{
    "z0u3y1_z0u1y1": {
        "10": 0.2531,
        "11": 0.2503
    },
    "z0u2y0_z0u2y0": {
        "00": 0.1248,
        "10": 0.1248,
        "11": 0.1204,
        "01": 0.1273
    },
    "z1y1_z0u2y1": {
        "00": 0.12565,
        "10": 0.1307,
        "11": 0.12205,
        "01": 0.1252
    },
    "z0u1y0_z0u1y1": {},
    "z0u3y0_z0u3y0": {
        "00": 0.1231,
        "10": 0.1274,
        "11": 0.1249,
        "01": 0.1288
    },
    "z1y0_z0u1y0": {
        "00": 0.25075,
        "01": 0.24925
    },
    "z0u3y0_z1y0": {
        "00": 0.2583,
        "01": 0.2464
    },
    "z0u3y1_z0u3y0": {
        "00": 0.1251,
        "10": 0.1241,
        "11": 0.1287,
        "01": 0.1248
    },
    "z0u2y0_z1y1": {
        "10": 0.2464,
        "11": 0.2512
    },
    "z0u2y1_z0u3y1": {
        "00": 0.1275,
        "10": 0.1219,
        "11": 0.1284,
        "01": 0.1236
    },
    "z0u3y1_z0u2y1": {
        "00": 0.1219,
        "10": 0.1287,
        "11": 0.122,
        "01": 0.1284
    },
    "z0u2y0_z0u3y0": {
        "00": 0.1193,
        "10": 0.124,
        "11": 0.1227,
        "01": 0.1254
    },
    "z0u1y1_z0u3y0": {
        "10": 0.2505,
        "11": 0.2464
    },
    "z0u1y1_z0u3y1": {
        "10": 0.2584,
        "11": 0.2447
    },
    "z0u2y1_z0u3y0": {
        "00": 0.1214,
        "10": 0.127,
        "11": 0.13,
        "01": 0.1202
    },
    "z0u1y1_z1y1": {
        "10": 0.5005,
        "11": 0.4995
    },
    "z0u2y1_z0u1y0": {
        "00": 0.2479,
        "01": 0.2485
    },
    "z1y1_z0u3y1": {
        "00": 0.12685,
        "10": 0.1218,
        "11": 0.1278,
        "01": 0.12255
    },
    "z1y0_z0u3y1": {
        "00": 0.12685,
        "10": 0.1218,
        "11": 0.1278,
        "01": 0.12255
    },
    "z0u1y0_z1y0": {
        "00": 0.4956,
        "01": 0.5044
    },
    "z0u1y1_z1y0": {},
    "z0u1y1_z0u2y1": {
        "10": 0.2543,
        "11": 0.2469
    },
    "z0u2y0_z0u1y0": {
        "00": 0.2466,
        "01": 0.2592
    },
    "z0u1y0_z0u2y1": {
        "00": 0.2546,
        "01": 0.2488
    },
    "z1y1_z0u2y0": {
        "00": 0.1242,
        "10": 0.1197,
        "11": 0.12755,
        "01": 0.12495
    },
    "z0u2y0_z0u1y1": {
        "10": 0.2437,
        "11": 0.2505
    },
    "z0u1y0_z0u2y0": {
        "00": 0.2436,
        "01": 0.253
    },
    "z1y0_z0u1y1": {
        "10": 0.24715,
        "11": 0.25285
    },
    "z0u3y0_z0u2y1": {
        "00": 0.1233,
        "10": 0.128,
        "11": 0.1209,
        "01": 0.1266
    },
    "z1y0_z1y1": {
        "10": 0.2531,
        "11": 0.2469
    },
    "z0u1y1_z0u1y0": {},
    "z0u3y1_z0u3y1": {
        "00": 0.1213,
        "10": 0.1241,
        "11": 0.1262,
        "01": 0.1257
    },
    "z1y1_z1y0": {
        "00": 0.2503,
        "01": 0.2497
    },
    "z0u3y1_z0u1y0": {
        "00": 0.2483,
        "01": 0.2483
    },
    "z1y1_z0u1y1": {
        "10": 0.24715,
        "11": 0.25285
    },
    "z1y0_z1y0": {
        "00": 0.2503,
        "01": 0.2497
    },
    "z0u2y1_z1y1": {
        "10": 0.2453,
        "11": 0.2577
    },
    "z0u1y1_z0u1y1": {
        "10": 0.4973,
        "11": 0.5027
    },
    "z0u2y1_z0u1y1": {
        "10": 0.2523,
        "11": 0.2513
    },
    "z0u3y1_z0u2y0": {
        "00": 0.1258,
        "10": 0.1247,
        "11": 0.1228,
        "01": 0.1257
    },
    "z1y1_z1y1": {
        "10": 0.2531,
        "11": 0.2469
    },
    "z0u3y0_z0u1y0": {
        "00": 0.2429,
        "01": 0.2518
    },
    "z0u2y0_z0u3y1": {
        "00": 0.1273,
        "10": 0.1242,
        "11": 0.1251,
        "01": 0.132
    },
    "z0u3y0_z0u3y1": {
        "00": 0.1193,
        "10": 0.1209,
        "11": 0.1277,
        "01": 0.1279
    },
    "z0u3y0_z1y1": {
        "10": 0.2468,
        "11": 0.2485
    },
    "z1y0_z0u2y0": {
        "00": 0.1242,
        "10": 0.1197,
        "11": 0.12755,
        "01": 0.12495
    },
    "z1y0_z0u2y1": {
        "00": 0.12565,
        "10": 0.1307,
        "11": 0.12205,
        "01": 0.1252
    },
    "z0u1y1_z0u2y0": {
        "10": 0.2472,
        "11": 0.2516
    },
    "z0u3y0_z0u1y1": {
        "10": 0.2515,
        "11": 0.2538
    },
    "z0u2y0_z1y0": {
        "00": 0.2568,
        "01": 0.2456
    },
    "z0u3y1_z1y1": {
        "10": 0.2474,
        "11": 0.2505
    },
    "z0u1y0_z0u3y1": {
        "00": 0.2494,
        "01": 0.2508
    },
    "z0u2y1_z0u2y0": {
        "00": 0.1285,
        "10": 0.1235,
        "11": 0.1256,
        "01": 0.1233
    },
    "z0u2y1_z0u2y1": {
        "00": 0.1253,
        "10": 0.1246,
        "11": 0.1254,
        "01": 0.1238
    },
    "z0u1y0_z0u1y0": {
        "00": 0.4985,
        "01": 0.5015
    },
    "z0u2y0_z0u2y1": {
        "00": 0.1217,
        "10": 0.1271,
        "11": 0.1295,
        "01": 0.1244
    },
    "z0u3y1_z1y0": {
        "00": 0.2486,
        "01": 0.2535
    },
    "z0u2y1_z1y0": {
        "00": 0.2515,
        "01": 0.2455
    },
    "z1y1_z0u3y0": {
        "00": 0.12485,
        "10": 0.12615,
        "11": 0.12425,
        "01": 0.12575
    },
    "z1y0_z0u3y0": {
        "00": 0.12485,
        "10": 0.12615,
        "11": 0.12425,
        "01": 0.12575
    },
    "z1y1_z0u1y0": {
        "00": 0.25075,
        "01": 0.24925
    },
    "z0u3y0_z0u2y0": {
        "00": 0.1271,
        "10": 0.1253,
        "11": 0.1184,
        "01": 0.1304
    },
    "z0u1y0_z1y1": {},
    "z0u1y0_z0u3y0": {
        "00": 0.2398,
        "01": 0.26
    }
}
