{
    "z0u3y1_z0u1y1": {
        "11": 0.2448,
        "01": 0.2456
    },
    "z0u2y0_z0u2y0": {
        "00": 0.1224,
        "10": 0.1204,
        "11": 0.1285,
        "01": 0.1276
    },
    "z1y1_z0u2y1": {
        "00": 0.1252,
        "10": 0.1265,
        "11": 0.1251,
        "01": 0.12365
    },
    "z0u1y0_z0u1y1": {},
    "z0u3y0_z0u3y0": {
        "00": 0.1207,
        "10": 0.1254,
        "11": 0.1203,
        "01": 0.1279
    },
    "z1y0_z0u1y0": {
        "00": 0.25075,
        "10": 0.24925
    },
    "z0u3y0_z1y0": {
        "00": 0.2513,
        "10": 0.2505
    },
    "z0u3y1_z0u3y0": {
        "00": 0.1264,
        "10": 0.1233,
        "11": 0.1213,
        "01": 0.1247
    },
    "z0u2y0_z1y1": {
        "11": 0.2486,
        "01": 0.2535
    },
    "z0u2y1_z0u3y1": {
        "00": 0.1233,
        "10": 0.1249,
        "11": 0.1196,
        "01": 0.1244
    },
    "z0u3y1_z0u2y1": {
        "00": 0.1246,
        "10": 0.1238,
        "11": 0.1244,
        "01": 0.1203
    },
    "z0u2y0_z0u3y0": {
        "00": 0.1288,
        "10": 0.1218,
        "11": 0.1245,
        "01": 0.124
    },
    "z0u1y1_z0u3y0": {
        "11": 0.2511,
        "01": 0.2554
    },
    "z0u1y1_z0u3y1": {
        "11": 0.2527,
        "01": 0.2408
    },
    "z0u2y1_z0u3y0": {
        "00": 0.1266,
        "10": 0.1318,
        "11": 0.129,
        "01": 0.1204
    },
    "z0u1y1_z1y1": {
        "11": 0.497,
        "01": 0.503
    },
    "z0u2y1_z0u1y0": {
        "00": 0.2525,
        "10": 0.2482
    },
    "z1y1_z0u3y1": {
        "00": 0.1231,
        "10": 0.12125,
        "11": 0.12625,
        "01": 0.1287
    },
    "z1y0_z0u3y1": {
        "00": 0.1231,
        "10": 0.12125,
        "11": 0.12625,
        "01": 0.1287
    },
    "z0u1y0_z1y0": {
        "00": 0.5022,
        "10": 0.4978
    },
    "z0u1y1_z1y0": {},
    "z0u1y1_z0u2y1": {
        "11": 0.253,
        "01": 0.2563
    },
    "z0u2y0_z0u1y0": {
        "00": 0.2548,
        "10": 0.2466
    },
    "z0u1y0_z0u2y1": {
        "00": 0.2517,
        "10": 0.2465
    },
    "z1y1_z0u2y0": {
        "00": 0.1248,
        "10": 0.1235,
        "11": 0.12495,
        "01": 0.1263
    },
    "z0u2y0_z0u1y1": {
        "11": 0.2498,
        "01": 0.2488
    },
    "z0u1y0_z0u2y0": {
        "00": 0.2477,
        "10": 0.2541
    },
    "z1y0_z0u1y1": {
        "11": 0.25025,
        "01": 0.24975
    },
    "z0u3y0_z0u2y1": {
        "00": 0.1229,
        "10": 0.1201,
        "11": 0.1308,
        "01": 0.1244
    },
    "z1y0_z1y1": {
        "11": 0.2498,
        "01": 0.2502
    },
    "z0u1y1_z0u1y0": {},
    "z0u3y1_z0u3y1": {
        "00": 0.1275,
        "10": 0.1254,
        "11": 0.1303,
        "01": 0.1211
    },
    "z1y1_z1y0": {
        "00": 0.2514,
        "10": 0.2486
    },
    "z0u3y1_z0u1y0": {
        "00": 0.2552,
        "10": 0.2544
    },
    "z1y1_z0u1y1": {
        "11": 0.25025,
        "01": 0.24975
    },
    "z1y0_z1y0": {
        "00": 0.2514,
        "10": 0.2486
    },
    "z0u2y1_z1y1": {
        "11": 0.2421,
        "01": 0.2529
    },
    "z0u1y1_z0u1y1": {
        "11": 0.5015,
        "01": 0.4985
    },
    "z0u2y1_z0u1y1": {
        "11": 0.2497,
        "01": 0.2496
    },
    "z0u3y1_z0u2y0": {
        "00": 0.1255,
        "10": 0.1232,
        "11": 0.1318,
        "01": 0.1264
    },
    "z1y1_z1y1": {
        "11": 0.2498,
        "01": 0.2502
    },
    "z0u3y0_z0u1y0": {
        "00": 0.2516,
        "10": 0.2525
    },
    "z0u2y0_z0u3y1": {
        "00": 0.1255,
        "10": 0.127,
        "11": 0.126,
        "01": 0.1224
    },
    "z0u3y0_z0u3y1": {
        "00": 0.1299,
        "10": 0.129,
        "11": 0.1231,
        "01": 0.1237
    },
    "z0u3y0_z1y1": {
        "11": 0.249,
        "01": 0.2492
    },
    "z1y0_z0u2y0": {
        "00": 0.1248,
        "10": 0.1235,
        "11": 0.12495,
        "01": 0.1263
    },
    "z1y0_z0u2y1": {
        "00": 0.1252,
        "10": 0.1265,
        "11": 0.1251,
        "01": 0.12365
    },
    "z0u1y1_z0u2y0": {
        "11": 0.2433,
        "01": 0.2474
    },
    "z0u3y0_z0u1y1": {
        "11": 0.2492,
        "01": 0.2467
    },
    "z0u2y0_z1y0": {
        "00": 0.2472,
        "10": 0.2507
    },
    "z0u3y1_z1y1": {
        "11": 0.2522,
        "01": 0.2503
    },
    "z0u1y0_z0u3y1": {
        "00": 0.2521,
        "10": 0.2553
    },
    "z0u2y1_z0u2y0": {
        "00": 0.1219,
        "10": 0.122,
        "11": 0.1272,
        "01": 0.1239
    },
    "z0u2y1_z0u2y1": {
        "00": 0.1217,
        "10": 0.1333,
        "11": 0.1207,
        "01": 0.1293
    },
    "z0u1y0_z0u1y0": {
        "00": 0.4961,
        "10": 0.5039
    },
    "z0u2y0_z0u2y1": {
        "00": 0.1202,
        "10": 0.1291,
        "11": 0.1254,
        "01": 0.1264
    },
    "z0u3y1_z1y0": {
        "00": 0.25,
        "10": 0.2475
    },
    "z0u2y1_z1y0": {
        "00": 0.251,
        "10": 0.254
    },
    "z1y1_z0u3y0": {
        "00": 0.1285,
        "10": 0.12715,
        "11": 0.1232,
        "01": 0.12185
    },
    "z1y0_z0u3y0": {
        "00": 0.1285,
        "10": 0.12715,
        "11": 0.1232,
        "01": 0.12185
    },
    "z1y1_z0u1y0": {
        "00": 0.25075,
        "10": 0.24925
    },
    "z0u3y0_z0u2y0": {
        "00": 0.1239,
        "10": 0.1227,
        "11": 0.128,
        "01": 0.1272
    },
    "z0u1y0_z1y1": {},
    "z0u1y0_z0u3y0": {
        "00": 0.2447,
        "10": 0.2479
    }
}
