{
    "z0u3y1_z0u1y1": {
        "11": 0.2547,
        "01": 0.2527
    },
    "z0u2y0_z0u2y0": {
        "00": 0.1232,
        "10": 0.1248,
        "11": 0.1251,
        "01": 0.1289
    },
    "z1y1_z0u2y1": {
        "00": 0.12725,
        "10": 0.12145,
        "11": 0.1274,
        "01": 0.12145
    },
    "z0u1y0_z0u1y1": {},
    "z0u3y0_z0u3y0": {
        "00": 0.1251,
        "10": 0.1217,
        "11": 0.1225,
        "01": 0.1322
    },
    "z1y0_z0u1y0": {
        "00": 0.2496,
        "10": 0.2504
    },
    "z0u3y0_z1y0": {
        "00": 0.2531,
        "10": 0.2489
    },
    "z0u3y1_z0u3y0": {
        "00": 0.1262,
        "10": 0.1214,
        "11": 0.1259,
        "01": 0.1259
    },
    "z0u2y0_z1y1": {
        "11": 0.2537,
        "01": 0.2492
    },
    "z0u2y1_z0u3y1": {
        "00": 0.1238,
        "10": 0.1241,
        "11": 0.125,
        "01": 0.12
    },
    "z0u3y1_z0u2y1": {
        "00": 0.1239,
        "10": 0.1206,
        "11": 0.1236,
        "01": 0.1317
    },
    "z0u2y0_z0u3y0": {
        "00": 0.128,
        "10": 0.1246,
        "11": 0.1188,
        "01": 0.1266
    },
    "z0u1y1_z0u3y0": {
        "11": 0.2515,
        "01": 0.2428
    },
    "z0u1y1_z0u3y1": {
        "11": 0.2541,
        "01": 0.2516
    },
    "z0u2y1_z0u3y0": {
        "00": 0.1258,
        "10": 0.1306,
        "11": 0.1213,
        "01": 0.1294
    },
    "z0u1y1_z1y1": {
        "11": 0.4953,
        "01": 0.5047
    },
    "z0u2y1_z0u1y0": {
        "00": 0.2582,
        "10": 0.2505
    },
    "z1y1_z0u3y1": {
        "00": 0.12775,
        "10": 0.12475,
        "11": 0.12345,
        "01": 0.12435
    },
    "z1y0_z0u3y1": {
        "00": 0.12775,
        "10": 0.12475,
        "11": 0.12345,
        "01": 0.12435
    },
    "z0u1y0_z1y0": {
        "00": 0.4993,
        "10": 0.5007
    },
    "z0u1y1_z1y0": {},
    "z0u1y1_z0u2y1": {
        "11": 0.2454,
        "01": 0.2498
    },
    "z0u2y0_z0u1y0": {
        "00": 0.2479,
        "10": 0.2432
    },
    "z0u1y0_z0u2y1": {
        "00": 0.2504,
        "10": 0.246
    },
    "z1y1_z0u2y0": {
        "00": 0.1255,
        "10": 0.1258,
        "11": 0.12605,
        "01": 0.1251
    },
    "z0u2y0_z0u1y1": {
        "11": 0.2585,
        "01": 0.2504
    },
    "z0u1y0_z0u2y0": {
        "00": 0.2475,
        "10": 0.2561
    },
    "z1y0_z0u1y1": {
        "11": 0.25275,
        "01": 0.24725
    },
    "z0u3y0_z0u2y1": {
        "00": 0.1273,
        "10": 0.1223,
        "11": 0.1235,
        "01": 0.1282
    },
    "z1y0_z1y1": {
        "11": 0.25005,
        "01": 0.24995
    },
    "z0u1y1_z0u1y0": {},
    "z0u3y1_z0u3y1": {
        "00": 0.1228,
        "10": 0.1339,
        "11": 0.1215,
        "01": 0.1224
    },
    "z1y1_z1y0": {
        "00": 0.24885,
        "10": 0.25115
    },
    "z0u3y1_z0u1y0": {
        "00": 0.2502,
        "10": 0.2424
    },
    "z1y1_z0u1y1": {
        "11": 0.25275,
        "01": 0.24725
    },
    "z1y0_z1y0": {
        "00": 0.24885,
        "10": 0.25115
    },
    "z0u2y1_z1y1": {
        "11": 0.2474,
        "01": 0.2515
    },
    "z0u1y1_z0u1y1": {
        "11": 0.501,
        "01": 0.499
    },
    "z0u2y1_z0u1y1": {
        "11": 0.2467,
        "01": 0.2446
    },
    "z0u3y1_z0u2y0": {
        "00": 0.1203,
        "10": 0.1233,
        "11": 0.129,
        "01": 0.1276
    },
    "z1y1_z1y1": {
        "11": 0.25005,
        "01": 0.24995
    },
    "z0u3y0_z0u1y0": {
        "00": 0.2506,
        "10": 0.256
    },
    "z0u2y0_z0u3y1": {
        "00": 0.1242,
        "10": 0.1227,
        "11": 0.13,
        "01": 0.1251
    },
    "z0u3y0_z0u3y1": {
        "00": 0.1235,
        "10": 0.125,
        "11": 0.1243,
        "01": 0.1257
    },
    "z0u3y0_z1y1": {
        "11": 0.2474,
        "01": 0.2506
    },
    "z1y0_z0u2y0": {
        "00": 0.1255,
        "10": 0.1258,
        "11": 0.12605,
        "01": 0.1251
    },
    "z1y0_z0u2y1": {
        "00": 0.12725,
        "10": 0.12145,
        "11": 0.1274,
        "01": 0.12145
    },
    "z0u1y1_z0u2y0": {
        "11": 0.2494,
        "01": 0.2554
    },
    "z0u3y0_z0u1y1": {
        "11": 0.247,
        "01": 0.2464
    },
    "z0u2y0_z1y0": {
        "00": 0.2517,
        "10": 0.2454
    },
    "z0u3y1_z1y1": {
        "11": 0.2496,
        "01": 0.251
    },
    "z0u1y0_z0u3y1": {
        "00": 0.2489,
        "10": 0.2498
    },
    "z0u2y1_z0u2y0": {
        "00": 0.1216,
        "10": 0.1255,
        "11": 0.1231,
        "01": 0.126
    },
    "z0u2y1_z0u2y1": {
        "00": 0.1253,
        "10": 0.1264,
        "11": 0.1276,
        "01": 0.1245
    },
    "z0u1y0_z0u1y0": {
        "00": 0.4989,
        "10": 0.5011
    },
    "z0u2y0_z0u2y1": {
        "00": 0.1297,
        "10": 0.1292,
        "11": 0.1193,
        "01": 0.1198
    },
    "z0u3y1_z1y0": {
        "00": 0.2432,
        "10": 0.2562
    },
    "z0u2y1_z1y0": {
        "00": 0.2498,
        "10": 0.2513
    },
    "z1y1_z0u3y0": {
        "00": 0.1223,
        "10": 0.1252,
        "11": 0.1246,
        "01": 0.1276
    },
    "z1y0_z0u3y0": {
        "00": 0.1223,
        "10": 0.1252,
        "11": 0.1246,
        "01": 0.1276
    },
    "z1y1_z0u1y0": {
        "00": 0.2496,
        "10": 0.2504
    },
    "z0u3y0_z0u2y0": {
        "00": 0.1227,
        "10": 0.1224,
        "11": 0.1253,
        "01": 0.1283
    },
    "z0u1y0_z1y1": {},
    "z0u1y0_z0u3y0": {
        "00": 0.2487,
        "10": 0.2526
    }
}
