{
    "z0u3y1_z0u1y1": {
        "11": 0.4998
    },
    "z0u2y0_z0u2y0": {
        "00": 0.2473,
        "11": 0.2475
    },
    "z1y1_z0u2y1": {
        "00": 0.25125,
        "11": 0.2478
    },
    "z0u1y0_z0u1y1": {},
    "z0u3y0_z0u3y0": {
        "00": 0.2529,
        "11": 0.249
    },
    "z1y0_z0u1y0": {
        "00": 0.5
    },
    "z0u3y0_z1y0": {
        "00": 0.5005
    },
    "z0u3y1_z0u3y0": {
        "00": 0.2617,
        "11": 0.2493
    },
    "z0u2y0_z1y1": {
        "11": 0.5008
    },
    "z0u2y1_z0u3y1": {
        "00": 0.2534,
        "11": 0.2498
    },
    "z0u3y1_z0u2y1": {
        "00": 0.2537,
        "11": 0.2517
    },
    "z0u2y0_z0u3y0": {
        "00": 0.2447,
        "11": 0.2577
    },
    "z0u1y1_z0u3y0": {
        "11": 0.5008
    },
    "z0u1y1_z0u3y1": {
        "11": 0.4992
    },
    "z0u2y1_z0u3y0": {
        "00": 0.2435,
        "11": 0.2533
    },
    "z0u1y1_z1y1": {
        "11": 1.0
    },
    "z0u2y1_z0u1y0": {
        "00": 0.5012
    },
    "z1y1_z0u3y1": {
        "00": 0.249,
        "11": 0.25065
    },
    "z1y0_z0u3y1": {
        "00": 0.249,
        "11": 0.25065
    },
    "z0u1y0_z1y0": {
        "00": 1.0
    },
    "z0u1y1_z1y0": {},
    "z0u1y1_z0u2y1": {
        "11": 0.5006
    },
    "z0u2y0_z0u1y0": {
        "00": 0.5013
    },
    "z0u1y0_z0u2y1": {
        "00": 0.4944
    },
    "z1y1_z0u2y0": {
        "00": 0.24875,
        "11": 0.2522
    },
    "z0u2y0_z0u1y1": {
        "11": 0.4987
    },
    "z0u1y0_z0u2y0": {
        "00": 0.5056
    },
    "z1y0_z0u1y1": {
        "11": 0.5
    },
    "z0u3y0_z0u2y1": {
        "00": 0.2485,
        "11": 0.2406
    },
    "z1y0_z1y1": {
        "11": 0.5
    },
    "z0u1y1_z0u1y0": {},
    "z0u3y1_z0u3y1": {
        "00": 0.2397,
        "11": 0.2493
    },
    "z1y1_z1y0": {
        "00": 0.5
    },
    "z0u3y1_z0u1y0": {
        "00": 0.5002
    },
    "z1y1_z0u1y1": {
        "11": 0.5
    },
    "z1y0_z1y0": {
        "00": 0.5
    },
    "z0u2y1_z1y1": {
        "11": 0.5005
    },
    "z0u1y1_z0u1y1": {
        "11": 1.0
    },
    "z0u2y1_z0u1y1": {
        "11": 0.4988
    },
    "z0u3y1_z0u2y0": {
        "00": 0.2465,
        "11": 0.2481
    },
    "z1y1_z1y1": {
        "11": 0.5
    },
    "z0u3y0_z0u1y0": {
        "00": 0.4947
    },
    "z0u2y0_z0u3y1": {
        "00": 0.2563,
        "11": 0.2413
    },
    "z0u3y0_z0u3y1": {
        "00": 0.247,
        "11": 0.2511
    },
    "z0u3y0_z1y1": {
        "11": 0.4995
    },
    "z1y0_z0u2y0": {
        "00": 0.24875,
        "11": 0.2522
    },
    "z1y0_z0u2y1": {
        "00": 0.25125,
        "11": 0.2478
    },
    "z0u1y1_z0u2y0": {
        "11": 0.4994
    },
    "z0u3y0_z0u1y1": {
        "11": 0.5053
    },
    "z0u2y0_z1y0": {
        "00": 0.4992
    },
    "z0u3y1_z1y1": {
        "11": 0.5045
    },
    "z0u1y0_z0u3y1": {
        "00": 0.4994
    },
    "z0u2y1_z0u2y0": {
        "00": 0.2516,
        "11": 0.2487
    },
    "z0u2y1_z0u2y1": {
        "00": 0.2553,
        "11": 0.2444
    },
    "z0u1y0_z0u1y0": {
        "00": 1.0
    },
    "z0u2y0_z0u2y1": {
        "00": 0.2537,
        "11": 0.2515
    },
    "z0u3y1_z1y0": {
        "00": 0.4955
    },
    "z0u2y1_z1y0": {
        "00": 0.4995
    },
    "z1y1_z0u3y0": {
        "00": 0.251,
        "11": 0.24935
    },
    "z1y0_z0u3y0": {
        "00": 0.251,
        "11": 0.24935
    },
    "z1y1_z0u1y0": {
        "00": 0.5
    },
    "z0u3y0_z0u2y0": {
        "00": 0.252,
        "11": 0.2589
    },
    "z0u1y0_z1y1": {},
    "z0u1y0_z0u3y0": {
        "00": 0.5006
    }
}
