{
    "z0u3y1_z0u1y1": {
        "10": 0.2534,
        "11": 0.2474
    },
    "z0u2y0_z0u2y0": {
        "00": 0.1253,
        "10": 0.1215,
        "11": 0.1283,
        "01": 0.1241
    },
    "z1y1_z0u2y1": {
        "00": 0.12295,
        "10": 0.1255,
        "11": 0.1253,
        "01": 0.12455
    },
    "z0u1y0_z0u1y1": {},
    "z0u3y0_z0u3y0": {
        "00": 0.1286,
        "10": 0.1289,
        "11": 0.1257,
        "01": 0.1282
    },
    "z1y0_z0u1y0": {
        "00": 0.2504,
        "01": 0.2496
    },
    "z0u3y0_z1y0": {
        "00": 0.2511,
        "01": 0.2455
    },
    "z0u3y1_z0u3y0": {
        "00": 0.1278,
        "10": 0.1217,
        "11": 0.1192,
        "01": 0.128
    },
    "z0u2y0_z1y1": {
        "10": 0.2528,
        "11": 0.2531
    },
    "z0u2y1_z0u3y1": {
        "00": 0.1195,
        "10": 0.1259,
        "11": 0.1262,
        "01": 0.1256
    },
    "z0u3y1_z0u2y1": {
        "00": 0.129,
        "10": 0.1225,
        "11": 0.1212,
        "01": 0.1237
    },
    "z0u2y0_z0u3y0": {
        "00": 0.1253,
        "10": 0.1247,
        "11": 0.125,
        "01": 0.126
    },
    "z0u1y1_z0u3y0": {
        "10": 0.2489,
        "11": 0.2545
    },
    "z0u1y1_z0u3y1": {
        "10": 0.2439,
        "11": 0.2527
    },
    "z0u2y1_z0u3y0": {
        "00": 0.1289,
        "10": 0.1258,
        "11": 0.1234,
        "01": 0.1247
    },
    "z0u1y1_z1y1": {
        "10": 0.5065,
        "11": 0.4935
    },
    "z0u2y1_z0u1y0": {
        "00": 0.2538,
        "01": 0.2481
    },
    "z1y1_z0u3y1": {
        "00": 0.12385,
        "10": 0.1257,
        "11": 0.1248,
        "01": 0.1243
    },
    "z1y0_z0u3y1": {
        "00": 0.12385,
        "10": 0.1257,
        "11": 0.1248,
        "01": 0.1243
    },
    "z0u1y0_z1y0": {
        "00": 0.499,
        "01": 0.501
    },
    "z0u1y1_z1y0": {},
    "z0u1y1_z0u2y1": {
        "10": 0.251,
        "11": 0.2471
    },
    "z0u2y0_z0u1y0": {
        "00": 0.253,
        "01": 0.2476
    },
    "z0u1y0_z0u2y1": {
        "00": 0.2536,
        "01": 0.2443
    },
    "z1y1_z0u2y0": {
        "00": 0.12705,
        "10": 0.12615,
        "11": 0.12305,
        "01": 0.12545
    },
    "z0u2y0_z0u1y1": {
        "10": 0.2467,
        "11": 0.2527
    },
    "z0u1y0_z0u2y0": {
        "00": 0.2474,
        "01": 0.2547
    },
    "z1y0_z0u1y1": {
        "10": 0.248,
        "11": 0.252
    },
    "z0u3y0_z0u2y1": {
        "00": 0.1248,
        "10": 0.1234,
        "11": 0.1217,
        "01": 0.1261
    },
    "z1y0_z1y1": {
        "10": 0.24725,
        "11": 0.25275
    },
    "z0u1y1_z0u1y0": {},
    "z0u3y1_z0u3y1": {
        "00": 0.1242,
        "10": 0.1271,
        "11": 0.1269,
        "01": 0.1251
    },
    "z1y1_z1y0": {
        "00": 0.24505,
        "01": 0.25495
    },
    "z0u3y1_z0u1y0": {
        "00": 0.2513,
        "01": 0.2479
    },
    "z1y1_z0u1y1": {
        "10": 0.248,
        "11": 0.252
    },
    "z1y0_z1y0": {
        "00": 0.24505,
        "01": 0.25495
    },
    "z0u2y1_z1y1": {
        "10": 0.2471,
        "11": 0.2513
    },
    "z0u1y1_z0u1y1": {
        "10": 0.4989,
        "11": 0.5011
    },
    "z0u2y1_z0u1y1": {
        "10": 0.2485,
        "11": 0.2496
    },
    "z0u3y1_z0u2y0": {
        "00": 0.1241,
        "10": 0.1314,
        "11": 0.1312,
        "01": 0.1169
    },
    "z1y1_z1y1": {
        "10": 0.24725,
        "11": 0.25275
    },
    "z0u3y0_z0u1y0": {
        "00": 0.2585,
        "01": 0.2427
    },
    "z0u2y0_z0u3y1": {
        "00": 0.1246,
        "10": 0.1263,
        "11": 0.1269,
        "01": 0.1212
    },
    "z0u3y0_z0u3y1": {
        "00": 0.1201,
        "10": 0.1209,
        "11": 0.1234,
        "01": 0.1242
    },
    "z0u3y0_z1y1": {
        "10": 0.2552,
        "11": 0.2482
    },
    "z1y0_z0u2y0": {
        "00": 0.12705,
        "10": 0.12615,
        "11": 0.12305,
        "01": 0.12545
    },
    "z1y0_z0u2y1": {
        "00": 0.12295,
        "10": 0.1255,
        "11": 0.1253,
        "01": 0.12455
    },
    "z0u1y1_z0u2y0": {
        "10": 0.2423,
        "11": 0.2596
    },
    "z0u3y0_z0u1y1": {
        "10": 0.2503,
        "11": 0.2485
    },
    "z0u2y0_z1y0": {
        "00": 0.2478,
        "01": 0.2463
    },
    "z0u3y1_z1y1": {
        "10": 0.2466,
        "11": 0.254
    },
    "z0u1y0_z0u3y1": {
        "00": 0.2564,
        "01": 0.2465
    },
    "z0u2y1_z0u2y0": {
        "00": 0.1271,
        "10": 0.1265,
        "11": 0.1275,
        "01": 0.1266
    },
    "z0u2y1_z0u2y1": {
        "00": 0.123,
        "10": 0.1271,
        "11": 0.1185,
        "01": 0.1237
    },
    "z0u1y0_z0u1y0": {
        "00": 0.4968,
        "01": 0.5032
    },
    "z0u2y0_z0u2y1": {
        "00": 0.1258,
        "10": 0.1231,
        "11": 0.1259,
        "01": 0.126
    },
    "z0u3y1_z1y0": {
        "00": 0.2464,
        "01": 0.253
    },
    "z0u2y1_z1y0": {
        "00": 0.2516,
        "01": 0.25
    },
    "z1y1_z0u3y0": {
        "00": 0.12295,
        "10": 0.1249,
        "11": 0.1246,
        "01": 0.1289
    },
    "z1y0_z0u3y0": {
        "00": 0.12295,
        "10": 0.1249,
        "11": 0.1246,
        "01": 0.1289
    },
    "z1y1_z0u1y0": {
        "00": 0.2504,
        "01": 0.2496
    },
    "z0u3y0_z0u2y0": {
        "00": 0.1297,
        "10": 0.1234,
        "11": 0.128,
        "01": 0.1229
    },
    "z0u1y0_z1y1": {},
    "z0u1y0_z0u3y0": {
        "00": 0.2447,
        "01": 0.2524
    }
}
