{
    "z0u3y1_z0u1y1": {
        "00": 0.1204,
        "10": 0.132,
        "11": 0.1268,
        "01": 0.1223
    },
    "z0u2y0_z0u2y0": {
        "00": 0.2466,
        "11": 0.2522
    },
    "z1y1_z0u2y1": {
        "00": 0.1255,
        "10": 0.12275,
        "11": 0.12345,
        "01": 0.1267
    },
    "z0u1y0_z0u1y1": {},
    "z0u3y0_z0u3y0": {
        "00": 0.2473,
        "11": 0.2479
    },
    "z1y0_z0u1y0": {
        "00": 0.12435,
        "10": 0.122,
        "11": 0.12665,
        "01": 0.127
    },
    "z0u3y0_z1y0": {
        "00": 0.1229,
        "10": 0.1253,
        "11": 0.1244,
        "01": 0.1222
    },
    "z0u3y1_z0u3y0": {
        "10": 0.2463,
        "01": 0.2431
    },
    "z0u2y0_z1y1": {
        "00": 0.1226,
        "10": 0.1232,
        "11": 0.1221,
        "01": 0.1274
    },
    "z0u2y1_z0u3y1": {
        "00": 0.1259,
        "10": 0.1258,
        "11": 0.1255,
        "01": 0.1237
    },
    "z0u3y1_z0u2y1": {
        "00": 0.1281,
        "10": 0.1192,
        "11": 0.13,
        "01": 0.1262
    },
    "z0u2y0_z0u3y0": {
        "00": 0.1244,
        "10": 0.1248,
        "11": 0.1236,
        "01": 0.121
    },
    "z0u1y1_z0u3y0": {
        "00": 0.129,
        "10": 0.1263,
        "11": 0.1225,
        "01": 0.1233
    },
    "z0u1y1_z0u3y1": {
        "00": 0.1312,
        "10": 0.1249,
        "11": 0.1251,
        "01": 0.1177
    },
    "z0u2y1_z0u3y0": {
        "00": 0.1247,
        "10": 0.1252,
        "11": 0.122,
        "01": 0.1272
    },
    "z0u1y1_z1y1": {
        "00": 0.2485,
        "10": 0.2533,
        "11": 0.2483,
        "01": 0.2499
    },
    "z0u2y1_z0u1y0": {
        "00": 0.1248,
        "10": 0.127,
        "11": 0.1238,
        "01": 0.125
    },
    "z1y1_z0u3y1": {
        "00": 0.12355,
        "10": 0.12945,
        "11": 0.1256,
        "01": 0.1271
    },
    "z1y0_z0u3y1": {
        "00": 0.12355,
        "10": 0.12945,
        "11": 0.1256,
        "01": 0.1271
    },
    "z0u1y0_z1y0": {
        "00": 0.2465,
        "10": 0.2518,
        "11": 0.2482,
        "01": 0.2535
    },
    "z0u1y1_z1y0": {},
    "z0u1y1_z0u2y1": {
        "00": 0.1244,
        "10": 0.1283,
        "11": 0.1214,
        "01": 0.1279
    },
    "z0u2y0_z0u1y0": {
        "00": 0.129,
        "10": 0.1276,
        "11": 0.1236,
        "01": 0.1251
    },
    "z0u1y0_z0u2y1": {
        "00": 0.1255,
        "10": 0.1282,
        "11": 0.1297,
        "01": 0.1193
    },
    "z1y1_z0u2y0": {
        "00": 0.12055,
        "10": 0.1297,
        "11": 0.125,
        "01": 0.12635
    },
    "z0u2y0_z0u1y1": {
        "00": 0.1255,
        "10": 0.1216,
        "11": 0.1256,
        "01": 0.122
    },
    "z0u1y0_z0u2y0": {
        "00": 0.125,
        "10": 0.1149,
        "11": 0.1286,
        "01": 0.1288
    },
    "z1y0_z0u1y1": {
        "00": 0.1261,
        "10": 0.122,
        "11": 0.1279,
        "01": 0.124
    },
    "z0u3y0_z0u2y1": {
        "00": 0.1221,
        "10": 0.127,
        "11": 0.1317,
        "01": 0.1297
    },
    "z1y0_z1y1": {
        "00": 0.1238,
        "10": 0.12295,
        "11": 0.12915,
        "01": 0.1241
    },
    "z0u1y1_z0u1y0": {},
    "z0u3y1_z0u3y1": {
        "00": 0.255,
        "11": 0.2556
    },
    "z1y1_z1y0": {
        "00": 0.12435,
        "10": 0.12215,
        "11": 0.1254,
        "01": 0.1281
    },
    "z0u3y1_z0u1y0": {
        "00": 0.1274,
        "10": 0.121,
        "11": 0.1241,
        "01": 0.126
    },
    "z1y1_z0u1y1": {
        "00": 0.1261,
        "10": 0.122,
        "11": 0.1279,
        "01": 0.124
    },
    "z1y0_z1y0": {
        "00": 0.12435,
        "10": 0.12215,
        "11": 0.1254,
        "01": 0.1281
    },
    "z0u2y1_z1y1": {
        "00": 0.1242,
        "10": 0.1251,
        "11": 0.1276,
        "01": 0.1177
    },
    "z0u1y1_z0u1y1": {
        "00": 0.2499,
        "10": 0.2501,
        "11": 0.2481,
        "01": 0.2519
    },
    "z0u2y1_z0u1y1": {
        "00": 0.1233,
        "10": 0.1257,
        "11": 0.1251,
        "01": 0.1253
    },
    "z0u3y1_z0u2y0": {
        "00": 0.1238,
        "10": 0.1287,
        "11": 0.1207,
        "01": 0.1233
    },
    "z1y1_z1y1": {
        "00": 0.1238,
        "10": 0.12295,
        "11": 0.12915,
        "01": 0.1241
    },
    "z0u3y0_z0u1y0": {
        "00": 0.1231,
        "10": 0.1224,
        "11": 0.1256,
        "01": 0.1269
    },
    "z0u2y0_z0u3y1": {
        "00": 0.1233,
        "10": 0.1223,
        "11": 0.1295,
        "01": 0.1311
    },
    "z0u3y0_z0u3y1": {
        "10": 0.2492,
        "01": 0.2556
    },
    "z0u3y0_z1y1": {
        "00": 0.1286,
        "10": 0.1213,
        "11": 0.1274,
        "01": 0.1279
    },
    "z1y0_z0u2y0": {
        "00": 0.12055,
        "10": 0.1297,
        "11": 0.125,
        "01": 0.12635
    },
    "z1y0_z0u2y1": {
        "00": 0.1255,
        "10": 0.12275,
        "11": 0.12345,
        "01": 0.1267
    },
    "z0u1y1_z0u2y0": {
        "00": 0.1198,
        "10": 0.1299,
        "11": 0.1207,
        "01": 0.1276
    },
    "z0u3y0_z0u1y1": {
        "00": 0.127,
        "10": 0.1271,
        "11": 0.1256,
        "01": 0.1223
    },
    "z0u2y0_z1y0": {
        "00": 0.1243,
        "10": 0.1265,
        "11": 0.1305,
        "01": 0.1234
    },
    "z0u3y1_z1y1": {
        "00": 0.122,
        "10": 0.1265,
        "11": 0.1239,
        "01": 0.1261
    },
    "z0u1y0_z0u3y1": {
        "00": 0.131,
        "10": 0.1266,
        "11": 0.1241,
        "01": 0.1239
    },
    "z0u2y1_z0u2y0": {
        "10": 0.2484,
        "01": 0.2516
    },
    "z0u2y1_z0u2y1": {
        "00": 0.25,
        "11": 0.25
    },
    "z0u1y0_z0u1y0": {
        "00": 0.2423,
        "10": 0.2484,
        "11": 0.2521,
        "01": 0.2572
    },
    "z0u2y0_z0u2y1": {
        "10": 0.245,
        "01": 0.2562
    },
    "z0u3y1_z1y0": {
        "00": 0.1243,
        "10": 0.1213,
        "11": 0.1324,
        "01": 0.1235
    },
    "z0u2y1_z1y0": {
        "00": 0.1249,
        "10": 0.1253,
        "11": 0.1222,
        "01": 0.133
    },
    "z1y1_z0u3y0": {
        "00": 0.1251,
        "10": 0.1207,
        "11": 0.12465,
        "01": 0.12385
    },
    "z1y0_z0u3y0": {
        "00": 0.1251,
        "10": 0.1207,
        "11": 0.12465,
        "01": 0.12385
    },
    "z1y1_z0u1y0": {
        "00": 0.12435,
        "10": 0.122,
        "11": 0.12665,
        "01": 0.127
    },
    "z0u3y0_z0u2y0": {
        "00": 0.1247,
        "10": 0.1213,
        "11": 0.1199,
        "01": 0.1236
    },
    "z0u1y0_z1y1": {},
    "z0u1y0_z0u3y0": {
        "00": 0.1248,
        "10": 0.1236,
        "11": 0.1287,
        "01": 0.1173
    }
}
