{
    "z0u3y1_z0u1y1": {
        "00": 0.1254,
        "10": 0.1235,
        "11": 0.1276,
        "01": 0.1205
    },
    "z0u2y0_z0u2y0": {
        "10": 0.2502,
        "01": 0.2501
    },
    "z1y1_z0u2y1": {
        "00": 0.12555,
        "10": 0.12435,
        "11": 0.1249,
        "01": 0.1222
    },
    "z0u1y0_z0u1y1": {},
    "z0u3y0_z0u3y0": {
        "10": 0.2448,
        "01": 0.2543
    },
    "z1y0_z0u1y0": {
        "00": 0.1243,
        "10": 0.12635,
        "11": 0.1264,
        "01": 0.12295
    },
    "z0u3y0_z1y0": {
        "00": 0.1255,
        "10": 0.1287,
        "11": 0.1248,
        "01": 0.1255
    },
    "z0u3y1_z0u3y0": {
        "00": 0.2529,
        "11": 0.2415
    },
    "z0u2y0_z1y1": {
        "00": 0.1254,
        "10": 0.1232,
        "11": 0.1285,
        "01": 0.1181
    },
    "z0u2y1_z0u3y1": {
        "00": 0.125,
        "10": 0.1262,
        "11": 0.1219,
        "01": 0.1277
    },
    "z0u3y1_z0u2y1": {
        "00": 0.1203,
        "10": 0.1262,
        "11": 0.125,
        "01": 0.129
    },
    "z0u2y0_z0u3y0": {
        "00": 0.1251,
        "10": 0.1273,
        "11": 0.12,
        "01": 0.1271
    },
    "z0u1y1_z0u3y0": {
        "00": 0.1242,
        "10": 0.1213,
        "11": 0.1271,
        "01": 0.119
    },
    "z0u1y1_z0u3y1": {
        "00": 0.1224,
        "10": 0.1278,
        "11": 0.1261,
        "01": 0.1321
    },
    "z0u2y1_z0u3y0": {
        "00": 0.1237,
        "10": 0.1262,
        "11": 0.1192,
        "01": 0.1301
    },
    "z0u1y1_z1y1": {
        "00": 0.2505,
        "10": 0.2566,
        "11": 0.2418,
        "01": 0.2511
    },
    "z0u2y1_z0u1y0": {
        "00": 0.1284,
        "10": 0.1267,
        "11": 0.1246,
        "01": 0.1259
    },
    "z1y1_z0u3y1": {
        "00": 0.12735,
        "10": 0.12465,
        "11": 0.12485,
        "01": 0.12275
    },
    "z1y0_z0u3y1": {
        "00": 0.12735,
        "10": 0.12465,
        "11": 0.12485,
        "01": 0.12275
    },
    "z0u1y0_z1y0": {
        "00": 0.2518,
        "10": 0.2543,
        "11": 0.2468,
        "01": 0.2471
    },
    "z0u1y1_z1y0": {},
    "z0u1y1_z0u2y1": {
        "00": 0.1229,
        "10": 0.1245,
        "11": 0.126,
        "01": 0.1265
    },
    "z0u2y0_z0u1y0": {
        "00": 0.1225,
        "10": 0.1257,
        "11": 0.1275,
        "01": 0.1217
    },
    "z0u1y0_z0u2y1": {
        "00": 0.1196,
        "10": 0.1252,
        "11": 0.1231,
        "01": 0.1266
    },
    "z1y1_z0u2y0": {
        "00": 0.1243,
        "10": 0.1269,
        "11": 0.12385,
        "01": 0.12795
    },
    "z0u2y0_z0u1y1": {
        "00": 0.1278,
        "10": 0.122,
        "11": 0.1272,
        "01": 0.1256
    },
    "z0u1y0_z0u2y0": {
        "00": 0.1266,
        "10": 0.1258,
        "11": 0.1248,
        "01": 0.1283
    },
    "z1y0_z0u1y1": {
        "00": 0.12495,
        "10": 0.1243,
        "11": 0.12715,
        "01": 0.1236
    },
    "z0u3y0_z0u2y1": {
        "00": 0.1226,
        "10": 0.1235,
        "11": 0.1259,
        "01": 0.1279
    },
    "z1y0_z1y1": {
        "00": 0.1258,
        "10": 0.12355,
        "11": 0.12495,
        "01": 0.1257
    },
    "z0u1y1_z0u1y0": {},
    "z0u3y1_z0u3y1": {
        "10": 0.2549,
        "01": 0.2507
    },
    "z1y1_z1y0": {
        "00": 0.1239,
        "10": 0.12505,
        "11": 0.12765,
        "01": 0.1234
    },
    "z0u3y1_z0u1y0": {
        "00": 0.1266,
        "10": 0.1229,
        "11": 0.1285,
        "01": 0.125
    },
    "z1y1_z0u1y1": {
        "00": 0.12495,
        "10": 0.1243,
        "11": 0.12715,
        "01": 0.1236
    },
    "z1y0_z1y0": {
        "00": 0.1239,
        "10": 0.12505,
        "11": 0.12765,
        "01": 0.1234
    },
    "z0u2y1_z1y1": {
        "00": 0.1238,
        "10": 0.1249,
        "11": 0.1295,
        "01": 0.1244
    },
    "z0u1y1_z0u1y1": {
        "00": 0.2569,
        "10": 0.2525,
        "11": 0.2484,
        "01": 0.2422
    },
    "z0u2y1_z0u1y1": {
        "00": 0.1232,
        "10": 0.125,
        "11": 0.1217,
        "01": 0.1245
    },
    "z0u3y1_z0u2y0": {
        "00": 0.1267,
        "10": 0.1251,
        "11": 0.1255,
        "01": 0.1222
    },
    "z1y1_z1y1": {
        "00": 0.1258,
        "10": 0.12355,
        "11": 0.12495,
        "01": 0.1257
    },
    "z0u3y0_z0u1y0": {
        "00": 0.1227,
        "10": 0.1255,
        "11": 0.1202,
        "01": 0.1246
    },
    "z0u2y0_z0u3y1": {
        "00": 0.1205,
        "10": 0.1221,
        "11": 0.1295,
        "01": 0.1284
    },
    "z0u3y0_z0u3y1": {
        "00": 0.2476,
        "11": 0.2533
    },
    "z0u3y0_z1y1": {
        "00": 0.1233,
        "10": 0.1221,
        "11": 0.1218,
        "01": 0.1283
    },
    "z1y0_z0u2y0": {
        "00": 0.1243,
        "10": 0.1269,
        "11": 0.12385,
        "01": 0.12795
    },
    "z1y0_z0u2y1": {
        "00": 0.12555,
        "10": 0.12435,
        "11": 0.1249,
        "01": 0.1222
    },
    "z0u1y1_z0u2y0": {
        "00": 0.1205,
        "10": 0.124,
        "11": 0.1266,
        "01": 0.129
    },
    "z0u3y0_z0u1y1": {
        "00": 0.1268,
        "10": 0.1263,
        "11": 0.1312,
        "01": 0.1227
    },
    "z0u2y0_z1y0": {
        "00": 0.1274,
        "10": 0.126,
        "11": 0.1279,
        "01": 0.1235
    },
    "z0u3y1_z1y1": {
        "00": 0.1217,
        "10": 0.1219,
        "11": 0.1264,
        "01": 0.13
    },
    "z0u1y0_z0u3y1": {
        "00": 0.1202,
        "10": 0.1271,
        "11": 0.1266,
        "01": 0.1249
    },
    "z0u2y1_z0u2y0": {
        "00": 0.2516,
        "11": 0.2499
    },
    "z0u2y1_z0u2y1": {
        "10": 0.25,
        "01": 0.2485
    },
    "z0u1y0_z0u1y0": {
        "00": 0.256,
        "10": 0.2462,
        "11": 0.2554,
        "01": 0.2424
    },
    "z0u2y0_z0u2y1": {
        "00": 0.2503,
        "11": 0.2494
    },
    "z0u3y1_z1y0": {
        "00": 0.1249,
        "10": 0.1249,
        "11": 0.1224,
        "01": 0.1278
    },
    "z0u2y1_z1y0": {
        "00": 0.1251,
        "10": 0.1239,
        "11": 0.1249,
        "01": 0.1235
    },
    "z1y1_z0u3y0": {
        "00": 0.1269,
        "10": 0.1243,
        "11": 0.1243,
        "01": 0.1249
    },
    "z1y0_z0u3y0": {
        "00": 0.1269,
        "10": 0.1243,
        "11": 0.1243,
        "01": 0.1249
    },
    "z1y1_z0u1y0": {
        "00": 0.1243,
        "10": 0.12635,
        "11": 0.1264,
        "01": 0.12295
    },
    "z0u3y0_z0u2y0": {
        "00": 0.1232,
        "10": 0.1241,
        "11": 0.1272,
        "01": 0.1256
    },
    "z0u1y0_z1y1": {},
    "z0u1y0_z0u3y0": {
        "00": 0.1262,
        "10": 0.128,
        "11": 0.1211,
        "01": 0.1259
    }
}
