{
    "z0u3y1_z0u1y1": {
        "11": 0.249,
        "01": 0.2486
    },
    "z0u2y0_z0u2y0": {
        "00": 0.127,
        "10": 0.1218,
        "11": 0.1255,
        "01": 0.1262
    },
    "z1y1_z0u2y1": {
        "00": 0.12835,
        "10": 0.12705,
        "11": 0.12365,
        "01": 0.12205
    },
    "z0u1y0_z0u1y1": {},
    "z0u3y0_z0u3y0": {
        "00": 0.1284,
        "10": 0.1275,
        "11": 0.1223,
        "01": 0.1252
    },
    "z1y0_z0u1y0": {
        "00": 0.2504,
        "10": 0.2496
    },
    "z0u3y0_z1y0": {
        "00": 0.2553,
        "10": 0.25
    },
    "z0u3y1_z0u3y0": {
        "00": 0.1239,
        "10": 0.1194,
        "11": 0.1255,
        "01": 0.1275
    },
    "z0u2y0_z1y1": {
        "11": 0.2439,
        "01": 0.2463
    },
    "z0u2y1_z0u3y1": {
        "00": 0.1258,
        "10": 0.13,
        "11": 0.123,
        "01": 0.1225
    },
    "z0u3y1_z0u2y1": {
        "00": 0.1266,
        "10": 0.1238,
        "11": 0.122,
        "01": 0.1267
    },
    "z0u2y0_z0u3y0": {
        "00": 0.1282,
        "10": 0.1217,
        "11": 0.1242,
        "01": 0.1219
    },
    "z0u1y1_z0u3y0": {
        "11": 0.2497,
        "01": 0.2487
    },
    "z0u1y1_z0u3y1": {
        "11": 0.2508,
        "01": 0.2508
    },
    "z0u2y1_z0u3y0": {
        "00": 0.1241,
        "10": 0.1237,
        "11": 0.1292,
        "01": 0.1217
    },
    "z0u1y1_z1y1": {
        "11": 0.5002,
        "01": 0.4998
    },
    "z0u2y1_z0u1y0": {
        "00": 0.249,
        "10": 0.2443
    },
    "z1y1_z0u3y1": {
        "00": 0.12575,
        "10": 0.12665,
        "11": 0.1254,
        "01": 0.12665
    },
    "z1y0_z0u3y1": {
        "00": 0.12575,
        "10": 0.12665,
        "11": 0.1254,
        "01": 0.12665
    },
    "z0u1y0_z1y0": {
        "00": 0.5011,
        "10": 0.4989
    },
    "z0u1y1_z1y0": {},
    "z0u1y1_z0u2y1": {
        "11": 0.2553,
        "01": 0.254
    },
    "z0u2y0_z0u1y0": {
        "00": 0.2429,
        "10": 0.2527
    },
    "z0u1y0_z0u2y1": {
        "00": 0.2516,
        "10": 0.245
    },
    "z1y1_z0u2y0": {
        "00": 0.1234,
        "10": 0.1212,
        "11": 0.12665,
        "01": 0.12765
    },
    "z0u2y0_z0u1y1": {
        "11": 0.2506,
        "01": 0.2538
    },
    "z0u1y0_z0u2y0": {
        "00": 0.2512,
        "10": 0.2522
    },
    "z1y0_z0u1y1": {
        "11": 0.2491,
        "01": 0.2509
    },
    "z0u3y0_z0u2y1": {
        "00": 0.128,
        "10": 0.1208,
        "11": 0.1304,
        "01": 0.1253
    },
    "z1y0_z1y1": {
        "11": 0.2485,
        "01": 0.2515
    },
    "z0u1y1_z0u1y0": {},
    "z0u3y1_z0u3y1": {
        "00": 0.127,
        "10": 0.1303,
        "11": 0.12,
        "01": 0.1264
    },
    "z1y1_z1y0": {
        "00": 0.2496,
        "10": 0.2504
    },
    "z0u3y1_z0u1y0": {
        "00": 0.2558,
        "10": 0.2466
    },
    "z1y1_z0u1y1": {
        "11": 0.2491,
        "01": 0.2509
    },
    "z1y0_z1y0": {
        "00": 0.2496,
        "10": 0.2504
    },
    "z0u2y1_z1y1": {
        "11": 0.2466,
        "01": 0.2484
    },
    "z0u1y1_z0u1y1": {
        "11": 0.497,
        "01": 0.503
    },
    "z0u2y1_z0u1y1": {
        "11": 0.2522,
        "01": 0.2545
    },
    "z0u3y1_z0u2y0": {
        "00": 0.1275,
        "10": 0.122,
        "11": 0.1308,
        "01": 0.1206
    },
    "z1y1_z1y1": {
        "11": 0.2485,
        "01": 0.2515
    },
    "z0u3y0_z0u1y0": {
        "00": 0.2515,
        "10": 0.2507
    },
    "z0u2y0_z0u3y1": {
        "00": 0.1275,
        "10": 0.128,
        "11": 0.125,
        "01": 0.1235
    },
    "z0u3y0_z0u3y1": {
        "00": 0.1188,
        "10": 0.1229,
        "11": 0.1266,
        "01": 0.1283
    },
    "z0u3y0_z1y1": {
        "11": 0.2475,
        "01": 0.2472
    },
    "z1y0_z0u2y0": {
        "00": 0.1234,
        "10": 0.1212,
        "11": 0.12665,
        "01": 0.12765
    },
    "z1y0_z0u2y1": {
        "00": 0.12835,
        "10": 0.12705,
        "11": 0.12365,
        "01": 0.12205
    },
    "z0u1y1_z0u2y0": {
        "11": 0.2413,
        "01": 0.2494
    },
    "z0u3y0_z0u1y1": {
        "11": 0.2506,
        "01": 0.2472
    },
    "z0u2y0_z1y0": {
        "00": 0.2532,
        "10": 0.2566
    },
    "z0u3y1_z1y1": {
        "11": 0.2425,
        "01": 0.2499
    },
    "z0u1y0_z0u3y1": {
        "00": 0.2543,
        "10": 0.2431
    },
    "z0u2y1_z0u2y0": {
        "00": 0.1313,
        "10": 0.1292,
        "11": 0.126,
        "01": 0.1256
    },
    "z0u2y1_z0u2y1": {
        "00": 0.1182,
        "10": 0.1201,
        "11": 0.1235,
        "01": 0.1261
    },
    "z0u1y0_z0u1y0": {
        "00": 0.5013,
        "10": 0.4987
    },
    "z0u2y0_z0u2y1": {
        "00": 0.1233,
        "10": 0.1258,
        "11": 0.126,
        "01": 0.1244
    },
    "z0u3y1_z1y0": {
        "00": 0.2523,
        "10": 0.2553
    },
    "z0u2y1_z1y0": {
        "00": 0.2553,
        "10": 0.2497
    },
    "z1y1_z0u3y0": {
        "00": 0.1251,
        "10": 0.1225,
        "11": 0.12515,
        "01": 0.1228
    },
    "z1y0_z0u3y0": {
        "00": 0.1251,
        "10": 0.1225,
        "11": 0.12515,
        "01": 0.1228
    },
    "z1y1_z0u1y0": {
        "00": 0.2504,
        "10": 0.2496
    },
    "z0u3y0_z0u2y0": {
        "00": 0.1243,
        "10": 0.1213,
        "11": 0.1292,
        "01": 0.1207
    },
    "z0u1y0_z1y1": {},
    "z0u1y0_z0u3y0": {
        "00": 0.2449,
        "10": 0.2577
    }
}
