{
    "z0u3y1_z0u1y1": {
        "11": 0.2516,
        "01": 0.2473
    },
    "z0u2y0_z0u2y0": {
        "00": 0.1308,
        "10": 0.1278,
        "11": 0.1231,
        "01": 0.1268
    },
    "z1y1_z0u2y1": {
        "00": 0.1224,
        "10": 0.1254,
        "11": 0.1262,
        "01": 0.125
    },
    "z0u1y0_z0u1y1": {},
    "z0u3y0_z0u3y0": {
        "00": 0.1289,
        "10": 0.1294,
        "11": 0.1231,
        "01": 0.123
    },
    "z1y0_z0u1y0": {
        "00": 0.2502,
        "10": 0.2498
    },
    "z0u3y0_z1y0": {
        "00": 0.2492,
        "10": 0.2481
    },
    "z0u3y1_z0u3y0": {
        "00": 0.1238,
        "10": 0.1223,
        "11": 0.1267,
        "01": 0.1236
    },
    "z0u2y0_z1y1": {
        "11": 0.2466,
        "01": 0.2435
    },
    "z0u2y1_z0u3y1": {
        "00": 0.1282,
        "10": 0.1236,
        "11": 0.1316,
        "01": 0.1247
    },
    "z0u3y1_z0u2y1": {
        "00": 0.1229,
        "10": 0.1265,
        "11": 0.1283,
        "01": 0.1208
    },
    "z0u2y0_z0u3y0": {
        "00": 0.1278,
        "10": 0.1183,
        "11": 0.1278,
        "01": 0.1269
    },
    "z0u1y1_z0u3y0": {
        "11": 0.2535,
        "01": 0.2498
    },
    "z0u1y1_z0u3y1": {
        "11": 0.2491,
        "01": 0.2476
    },
    "z0u2y1_z0u3y0": {
        "00": 0.1248,
        "10": 0.123,
        "11": 0.121,
        "01": 0.1231
    },
    "z0u1y1_z1y1": {
        "11": 0.4993,
        "01": 0.5007
    },
    "z0u2y1_z0u1y0": {
        "00": 0.2459,
        "10": 0.2536
    },
    "z1y1_z0u3y1": {
        "00": 0.1266,
        "10": 0.1223,
        "11": 0.1238,
        "01": 0.1256
    },
    "z1y0_z0u3y1": {
        "00": 0.1266,
        "10": 0.1223,
        "11": 0.1238,
        "01": 0.1256
    },
    "z0u1y0_z1y0": {
        "00": 0.4972,
        "10": 0.5028
    },
    "z0u1y1_z1y0": {},
    "z0u1y1_z0u2y1": {
        "11": 0.2467,
        "01": 0.2485
    },
    "z0u2y0_z0u1y0": {
        "00": 0.2546,
        "10": 0.246
    },
    "z0u1y0_z0u2y1": {
        "00": 0.2479,
        "10": 0.2444
    },
    "z1y1_z0u2y0": {
        "00": 0.1278,
        "10": 0.1244,
        "11": 0.12395,
        "01": 0.12485
    },
    "z0u2y0_z0u1y1": {
        "11": 0.2483,
        "01": 0.2511
    },
    "z0u1y0_z0u2y0": {
        "00": 0.2558,
        "10": 0.2519
    },
    "z1y0_z0u1y1": {
        "11": 0.24895,
        "01": 0.25105
    },
    "z0u3y0_z0u2y1": {
        "00": 0.1256,
        "10": 0.126,
        "11": 0.1226,
        "01": 0.1265
    },
    "z1y0_z1y1": {
        "11": 0.2507,
        "01": 0.2493
    },
    "z0u1y1_z0u1y0": {},
    "z0u3y1_z0u3y1": {
        "00": 0.127,
        "10": 0.1259,
        "11": 0.1196,
        "01": 0.1311
    },
    "z1y1_z1y0": {
        "00": 0.24905,
        "10": 0.25095
    },
    "z0u3y1_z0u1y0": {
        "00": 0.2524,
        "10": 0.2487
    },
    "z1y1_z0u1y1": {
        "11": 0.24895,
        "01": 0.25105
    },
    "z1y0_z1y0": {
        "00": 0.24905,
        "10": 0.25095
    },
    "z0u2y1_z1y1": {
        "11": 0.2501,
        "01": 0.2388
    },
    "z0u1y1_z0u1y1": {
        "11": 0.4991,
        "01": 0.5009
    },
    "z0u2y1_z0u1y1": {
        "11": 0.2483,
        "01": 0.2522
    },
    "z0u3y1_z0u2y0": {
        "00": 0.1292,
        "10": 0.1233,
        "11": 0.1219,
        "01": 0.1271
    },
    "z1y1_z1y1": {
        "11": 0.2507,
        "01": 0.2493
    },
    "z0u3y0_z0u1y0": {
        "00": 0.245,
        "10": 0.255
    },
    "z0u2y0_z0u3y1": {
        "00": 0.1214,
        "10": 0.1247,
        "11": 0.1302,
        "01": 0.1229
    },
    "z0u3y0_z0u3y1": {
        "00": 0.125,
        "10": 0.121,
        "11": 0.1264,
        "01": 0.1232
    },
    "z0u3y0_z1y1": {
        "11": 0.2481,
        "01": 0.2546
    },
    "z1y0_z0u2y0": {
        "00": 0.1278,
        "10": 0.1244,
        "11": 0.12395,
        "01": 0.12485
    },
    "z1y0_z0u2y1": {
        "00": 0.1224,
        "10": 0.1254,
        "11": 0.1262,
        "01": 0.125
    },
    "z0u1y1_z0u2y0": {
        "11": 0.2546,
        "01": 0.2502
    },
    "z0u3y0_z0u1y1": {
        "11": 0.2478,
        "01": 0.2522
    },
    "z0u2y0_z1y0": {
        "00": 0.2546,
        "10": 0.2553
    },
    "z0u3y1_z1y1": {
        "11": 0.2376,
        "01": 0.2496
    },
    "z0u1y0_z0u3y1": {
        "00": 0.2547,
        "10": 0.2558
    },
    "z0u2y1_z0u2y0": {
        "00": 0.1278,
        "10": 0.1197,
        "11": 0.1263,
        "01": 0.1219
    },
    "z0u2y1_z0u2y1": {
        "00": 0.1247,
        "10": 0.1308,
        "11": 0.1251,
        "01": 0.1237
    },
    "z0u1y0_z0u1y0": {
        "00": 0.5015,
        "10": 0.4985
    },
    "z0u2y0_z0u2y1": {
        "00": 0.1208,
        "10": 0.1261,
        "11": 0.1201,
        "01": 0.1245
    },
    "z0u3y1_z1y0": {
        "00": 0.254,
        "10": 0.2588
    },
    "z0u2y1_z1y0": {
        "00": 0.2579,
        "10": 0.2532
    },
    "z1y1_z0u3y0": {
        "00": 0.1229,
        "10": 0.1282,
        "11": 0.125,
        "01": 0.1256
    },
    "z1y0_z0u3y0": {
        "00": 0.1229,
        "10": 0.1282,
        "11": 0.125,
        "01": 0.1256
    },
    "z1y1_z0u1y0": {
        "00": 0.2502,
        "10": 0.2498
    },
    "z0u3y0_z0u2y0": {
        "00": 0.1232,
        "10": 0.1216,
        "11": 0.1317,
        "01": 0.1228
    },
    "z0u1y0_z1y1": {},
    "z0u1y0_z0u3y0": {
        "00": 0.2424,
        "10": 0.2471
    }
}
