{
    "z0u3y1_z0u1y1": {
        "00": 0.1204,
        "10": 0.1276,
        "11": 0.1279,
        "01": 0.1261
    },
    "z0u2y0_z0u2y0": {
        "00": 0.1175,
        "10": 0.1261,
        "11": 0.1188,
        "01": 0.1254
    },
    "z1y1_z0u2y1": {
        "00": 0.1266,
        "10": 0.12415,
        "11": 0.12255,
        "01": 0.1231
    },
    "z0u1y0_z0u1y1": {},
    "z0u3y0_z0u3y0": {
        "00": 0.1286,
        "10": 0.1214,
        "11": 0.1235,
        "01": 0.1232
    },
    "z1y0_z0u1y0": {
        "00": 0.12515,
        "10": 0.1255,
        "11": 0.12435,
        "01": 0.125
    },
    "z0u3y0_z1y0": {
        "00": 0.1253,
        "10": 0.1195,
        "11": 0.1293,
        "01": 0.1237
    },
    "z0u3y1_z0u3y0": {
        "00": 0.128,
        "10": 0.1287,
        "11": 0.1212,
        "01": 0.1249
    },
    "z0u2y0_z1y1": {
        "00": 0.1298,
        "10": 0.1291,
        "11": 0.1204,
        "01": 0.1263
    },
    "z0u2y1_z0u3y1": {
        "00": 0.2557,
        "11": 0.2495
    },
    "z0u3y1_z0u2y1": {
        "10": 0.2523,
        "01": 0.2517
    },
    "z0u2y0_z0u3y0": {
        "00": 0.2533,
        "11": 0.2559
    },
    "z0u1y1_z0u3y0": {
        "00": 0.1222,
        "10": 0.1308,
        "11": 0.1192,
        "01": 0.1241
    },
    "z0u1y1_z0u3y1": {
        "00": 0.1252,
        "10": 0.1222,
        "11": 0.1282,
        "01": 0.1281
    },
    "z0u2y1_z0u3y0": {
        "10": 0.2464,
        "01": 0.2484
    },
    "z0u1y1_z1y1": {
        "00": 0.251,
        "10": 0.2412,
        "11": 0.2574,
        "01": 0.2504
    },
    "z0u2y1_z0u1y0": {
        "00": 0.1312,
        "10": 0.1249,
        "11": 0.123,
        "01": 0.1255
    },
    "z1y1_z0u3y1": {
        "00": 0.1251,
        "10": 0.12585,
        "11": 0.12565,
        "01": 0.125
    },
    "z1y0_z0u3y1": {
        "00": 0.1251,
        "10": 0.12585,
        "11": 0.12565,
        "01": 0.125
    },
    "z0u1y0_z1y0": {
        "00": 0.2539,
        "10": 0.2491,
        "11": 0.2531,
        "01": 0.2439
    },
    "z0u1y1_z1y0": {},
    "z0u1y1_z0u2y1": {
        "00": 0.124,
        "10": 0.1246,
        "11": 0.1262,
        "01": 0.1254
    },
    "z0u2y0_z0u1y0": {
        "00": 0.1253,
        "10": 0.1257,
        "11": 0.1209,
        "01": 0.1289
    },
    "z0u1y0_z0u2y1": {
        "00": 0.126,
        "10": 0.1237,
        "11": 0.1256,
        "01": 0.1235
    },
    "z1y1_z0u2y0": {
        "00": 0.12685,
        "10": 0.12715,
        "11": 0.12485,
        "01": 0.12475
    },
    "z0u2y0_z0u1y1": {
        "00": 0.1197,
        "10": 0.1232,
        "11": 0.1282,
        "01": 0.1281
    },
    "z0u1y0_z0u2y0": {
        "00": 0.1239,
        "10": 0.1259,
        "11": 0.126,
        "01": 0.1254
    },
    "z1y0_z0u1y1": {
        "00": 0.1268,
        "10": 0.12465,
        "11": 0.1237,
        "01": 0.12485
    },
    "z0u3y0_z0u2y1": {
        "00": 0.2506,
        "11": 0.2505
    },
    "z1y0_z1y1": {
        "00": 0.12155,
        "10": 0.1241,
        "11": 0.12565,
        "01": 0.1287
    },
    "z0u1y1_z0u1y0": {},
    "z0u3y1_z0u3y1": {
        "00": 0.1212,
        "10": 0.1344,
        "11": 0.1215,
        "01": 0.1201
    },
    "z1y1_z1y0": {
        "00": 0.12755,
        "10": 0.12295,
        "11": 0.1274,
        "01": 0.1221
    },
    "z0u3y1_z0u1y0": {
        "00": 0.121,
        "10": 0.1218,
        "11": 0.127,
        "01": 0.1282
    },
    "z1y1_z0u1y1": {
        "00": 0.1268,
        "10": 0.12465,
        "11": 0.1237,
        "01": 0.12485
    },
    "z1y0_z1y0": {
        "00": 0.12755,
        "10": 0.12295,
        "11": 0.1274,
        "01": 0.1221
    },
    "z0u2y1_z1y1": {
        "00": 0.1251,
        "10": 0.1249,
        "11": 0.1309,
        "01": 0.1246
    },
    "z0u1y1_z0u1y1": {
        "00": 0.2503,
        "10": 0.2519,
        "11": 0.2475,
        "01": 0.2503
    },
    "z0u2y1_z0u1y1": {
        "00": 0.1211,
        "10": 0.1247,
        "11": 0.1279,
        "01": 0.1217
    },
    "z0u3y1_z0u2y0": {
        "00": 0.2493,
        "11": 0.2467
    },
    "z1y1_z1y1": {
        "00": 0.12155,
        "10": 0.1241,
        "11": 0.12565,
        "01": 0.1287
    },
    "z0u3y0_z0u1y0": {
        "00": 0.1239,
        "10": 0.1232,
        "11": 0.1251,
        "01": 0.1223
    },
    "z0u2y0_z0u3y1": {
        "10": 0.2481,
        "01": 0.2427
    },
    "z0u3y0_z0u3y1": {
        "00": 0.1274,
        "10": 0.1304,
        "11": 0.122,
        "01": 0.1235
    },
    "z0u3y0_z1y1": {
        "00": 0.1288,
        "10": 0.1263,
        "11": 0.1214,
        "01": 0.1257
    },
    "z1y0_z0u2y0": {
        "00": 0.12685,
        "10": 0.12715,
        "11": 0.12485,
        "01": 0.12475
    },
    "z1y0_z0u2y1": {
        "00": 0.1266,
        "10": 0.12415,
        "11": 0.12255,
        "01": 0.1231
    },
    "z0u1y1_z0u2y0": {
        "00": 0.128,
        "10": 0.1269,
        "11": 0.1234,
        "01": 0.1215
    },
    "z0u3y0_z0u1y1": {
        "00": 0.1286,
        "10": 0.1269,
        "11": 0.1243,
        "01": 0.1257
    },
    "z0u2y0_z1y0": {
        "00": 0.1189,
        "10": 0.1228,
        "11": 0.1306,
        "01": 0.1221
    },
    "z0u3y1_z1y1": {
        "00": 0.1258,
        "10": 0.1161,
        "11": 0.1217,
        "01": 0.1216
    },
    "z0u1y0_z0u3y1": {
        "00": 0.1173,
        "10": 0.1241,
        "11": 0.1273,
        "01": 0.1295
    },
    "z0u2y1_z0u2y0": {
        "00": 0.1249,
        "10": 0.1261,
        "11": 0.127,
        "01": 0.1246
    },
    "z0u2y1_z0u2y1": {
        "00": 0.1248,
        "10": 0.1195,
        "11": 0.1294,
        "01": 0.1237
    },
    "z0u1y0_z0u1y0": {
        "00": 0.2444,
        "10": 0.2479,
        "11": 0.2533,
        "01": 0.2544
    },
    "z0u2y0_z0u2y1": {
        "00": 0.1326,
        "10": 0.1247,
        "11": 0.1314,
        "01": 0.1235
    },
    "z0u3y1_z1y0": {
        "00": 0.1311,
        "10": 0.1285,
        "11": 0.1303,
        "01": 0.1249
    },
    "z0u2y1_z1y0": {
        "00": 0.1255,
        "10": 0.1227,
        "11": 0.1214,
        "01": 0.1249
    },
    "z1y1_z0u3y0": {
        "00": 0.1225,
        "10": 0.1246,
        "11": 0.12325,
        "01": 0.12805
    },
    "z1y0_z0u3y0": {
        "00": 0.1225,
        "10": 0.1246,
        "11": 0.12325,
        "01": 0.12805
    },
    "z1y1_z0u1y0": {
        "00": 0.12515,
        "10": 0.1255,
        "11": 0.12435,
        "01": 0.125
    },
    "z0u3y0_z0u2y0": {
        "10": 0.2498,
        "01": 0.2491
    },
    "z0u1y0_z1y1": {},
    "z0u1y0_z0u3y0": {
        "00": 0.1274,
        "10": 0.1207,
        "11": 0.1243,
        "01": 0.1294
    }
}
