{
    "z0u3y1_z0u1y1": {
        "00": 0.1249,
        "10": 0.1224,
        "11": 0.1217,
        "01": 0.1211
    },
    "z0u2y0_z0u2y0": {
        "00": 0.1235,
        "10": 0.127,
        "11": 0.1235,
        "01": 0.1282
    },
    "z1y1_z0u2y1": {
        "00": 0.12705,
        "10": 0.12675,
        "11": 0.1254,
        "01": 0.123
    },
    "z0u1y0_z0u1y1": {},
    "z0u3y0_z0u3y0": {
        "00": 0.1246,
        "10": 0.1274,
        "11": 0.1259,
        "01": 0.1281
    },
    "z1y0_z0u1y0": {
        "00": 0.1295,
        "10": 0.1248,
        "11": 0.12455,
        "01": 0.12115
    },
    "z0u3y0_z1y0": {
        "00": 0.1266,
        "10": 0.1256,
        "11": 0.1252,
        "01": 0.118
    },
    "z0u3y1_z0u3y0": {
        "00": 0.1301,
        "10": 0.13,
        "11": 0.1212,
        "01": 0.1281
    },
    "z0u2y0_z1y1": {
        "00": 0.1246,
        "10": 0.1225,
        "11": 0.1291,
        "01": 0.1287
    },
    "z0u2y1_z0u3y1": {
        "00": 0.2512,
        "11": 0.2441
    },
    "z0u3y1_z0u2y1": {
        "10": 0.2512,
        "01": 0.2509
    },
    "z0u2y0_z0u3y0": {
        "00": 0.2485,
        "11": 0.253
    },
    "z0u1y1_z0u3y0": {
        "00": 0.1174,
        "10": 0.1228,
        "11": 0.1296,
        "01": 0.1328
    },
    "z0u1y1_z0u3y1": {
        "00": 0.1237,
        "10": 0.1267,
        "11": 0.1215,
        "01": 0.1255
    },
    "z0u2y1_z0u3y0": {
        "10": 0.2544,
        "01": 0.2503
    },
    "z0u1y1_z1y1": {
        "00": 0.2504,
        "10": 0.2465,
        "11": 0.2514,
        "01": 0.2517
    },
    "z0u2y1_z0u1y0": {
        "00": 0.1175,
        "10": 0.1279,
        "11": 0.1262,
        "01": 0.1292
    },
    "z1y1_z0u3y1": {
        "00": 0.12715,
        "10": 0.12505,
        "11": 0.12395,
        "01": 0.12795
    },
    "z1y0_z0u3y1": {
        "00": 0.12715,
        "10": 0.12505,
        "11": 0.12395,
        "01": 0.12795
    },
    "z0u1y0_z1y0": {
        "00": 0.2547,
        "10": 0.2562,
        "11": 0.2484,
        "01": 0.2407
    },
    "z0u1y1_z1y0": {},
    "z0u1y1_z0u2y1": {
        "00": 0.1288,
        "10": 0.1214,
        "11": 0.1212,
        "01": 0.1225
    },
    "z0u2y0_z0u1y0": {
        "00": 0.1283,
        "10": 0.1227,
        "11": 0.1238,
        "01": 0.1269
    },
    "z0u1y0_z0u2y1": {
        "00": 0.1211,
        "10": 0.1239,
        "11": 0.1239,
        "01": 0.1262
    },
    "z1y1_z0u2y0": {
        "00": 0.1261,
        "10": 0.123,
        "11": 0.1263,
        "01": 0.1224
    },
    "z0u2y0_z0u1y1": {
        "00": 0.1276,
        "10": 0.1245,
        "11": 0.123,
        "01": 0.1232
    },
    "z0u1y0_z0u2y0": {
        "00": 0.1278,
        "10": 0.1253,
        "11": 0.1255,
        "01": 0.1263
    },
    "z1y0_z0u1y1": {
        "00": 0.12685,
        "10": 0.1242,
        "11": 0.1243,
        "01": 0.12465
    },
    "z0u3y0_z0u2y1": {
        "00": 0.2572,
        "11": 0.2531
    },
    "z1y0_z1y1": {
        "00": 0.1243,
        "10": 0.12945,
        "11": 0.11905,
        "01": 0.1272
    },
    "z0u1y1_z0u1y0": {},
    "z0u3y1_z0u3y1": {
        "00": 0.1281,
        "10": 0.1268,
        "11": 0.1212,
        "01": 0.1145
    },
    "z1y1_z1y0": {
        "00": 0.12595,
        "10": 0.12475,
        "11": 0.12475,
        "01": 0.12455
    },
    "z0u3y1_z0u1y0": {
        "00": 0.1305,
        "10": 0.1301,
        "11": 0.1249,
        "01": 0.1244
    },
    "z1y1_z0u1y1": {
        "00": 0.12685,
        "10": 0.1242,
        "11": 0.1243,
        "01": 0.12465
    },
    "z1y0_z1y0": {
        "00": 0.12595,
        "10": 0.12475,
        "11": 0.12475,
        "01": 0.12455
    },
    "z0u2y1_z1y1": {
        "00": 0.1246,
        "10": 0.1236,
        "11": 0.1221,
        "01": 0.124
    },
    "z0u1y1_z0u1y1": {
        "00": 0.2558,
        "10": 0.2484,
        "11": 0.2471,
        "01": 0.2487
    },
    "z0u2y1_z0u1y1": {
        "00": 0.1235,
        "10": 0.1247,
        "11": 0.1232,
        "01": 0.1278
    },
    "z0u3y1_z0u2y0": {
        "00": 0.2477,
        "11": 0.2502
    },
    "z1y1_z1y1": {
        "00": 0.1243,
        "10": 0.12945,
        "11": 0.11905,
        "01": 0.1272
    },
    "z0u3y0_z0u1y0": {
        "00": 0.1283,
        "10": 0.1276,
        "11": 0.1282,
        "01": 0.1248
    },
    "z0u2y0_z0u3y1": {
        "10": 0.2479,
        "01": 0.2506
    },
    "z0u3y0_z0u3y1": {
        "00": 0.1253,
        "10": 0.125,
        "11": 0.1226,
        "01": 0.1211
    },
    "z0u3y0_z1y1": {
        "00": 0.1294,
        "10": 0.1307,
        "11": 0.1202,
        "01": 0.1243
    },
    "z1y0_z0u2y0": {
        "00": 0.1261,
        "10": 0.123,
        "11": 0.1263,
        "01": 0.1224
    },
    "z1y0_z0u2y1": {
        "00": 0.12705,
        "10": 0.12675,
        "11": 0.1254,
        "01": 0.123
    },
    "z0u1y1_z0u2y0": {
        "00": 0.123,
        "10": 0.1308,
        "11": 0.126,
        "01": 0.1263
    },
    "z0u3y0_z0u1y1": {
        "00": 0.1258,
        "10": 0.122,
        "11": 0.1245,
        "01": 0.1188
    },
    "z0u2y0_z1y0": {
        "00": 0.1204,
        "10": 0.1293,
        "11": 0.1227,
        "01": 0.1227
    },
    "z0u3y1_z1y1": {
        "00": 0.1242,
        "10": 0.123,
        "11": 0.1212,
        "01": 0.125
    },
    "z0u1y0_z0u3y1": {
        "00": 0.1226,
        "10": 0.1244,
        "11": 0.1253,
        "01": 0.1311
    },
    "z0u2y1_z0u2y0": {
        "00": 0.1289,
        "10": 0.1251,
        "11": 0.1233,
        "01": 0.1248
    },
    "z0u2y1_z0u2y1": {
        "00": 0.1266,
        "10": 0.1235,
        "11": 0.126,
        "01": 0.1218
    },
    "z0u1y0_z0u1y0": {
        "00": 0.2511,
        "10": 0.2543,
        "11": 0.2468,
        "01": 0.2478
    },
    "z0u2y0_z0u2y1": {
        "00": 0.1317,
        "10": 0.1254,
        "11": 0.1188,
        "01": 0.1219
    },
    "z0u3y1_z1y0": {
        "00": 0.1268,
        "10": 0.1282,
        "11": 0.1286,
        "01": 0.123
    },
    "z0u2y1_z1y0": {
        "00": 0.1288,
        "10": 0.1326,
        "11": 0.1215,
        "01": 0.1228
    },
    "z1y1_z0u3y0": {
        "00": 0.1224,
        "10": 0.12405,
        "11": 0.12585,
        "01": 0.1236
    },
    "z1y0_z0u3y0": {
        "00": 0.1224,
        "10": 0.12405,
        "11": 0.12585,
        "01": 0.1236
    },
    "z1y1_z0u1y0": {
        "00": 0.1295,
        "10": 0.1248,
        "11": 0.12455,
        "01": 0.12115
    },
    "z0u3y0_z0u2y0": {
        "10": 0.2455,
        "01": 0.2442
    },
    "z0u1y0_z1y1": {},
    "z0u1y0_z0u3y0": {
        "00": 0.1253,
        "10": 0.1242,
        "11": 0.1228,
        "01": 0.1243
    }
}
