{
    "-1.45": [
        0.3497999999999986
    ],
    "-1.35": [
        0.3393999999999986
    ],
    "-1.20": [
        0.41279999999999867
    ],
    "-1.05": [
        0.33233333333333187
    ],
    "-0.90": [
        0.3401999999999985
    ],
    "-0.75": [
        0.38113333333333194
    ],
    "-0.60": [
        0.3497999999999986
    ],
    "-0.45": [
        0.3393999999999986
    ],
    "-0.30": [
        0.3401999999999985
    ],
    "-0.15": [
        0.33233333333333187
    ],
    "0.00": [
        0.41279999999999867
    ],
    "0.15": [
        0.38113333333333194
    ],
    "0.30": [
        0.3497999999999986
    ],
    "0.45": [
        0.3393999999999986
    ],
    "0.60": [
        0.41279999999999867
    ],
    "0.75": [
        0.33233333333333187
    ],
    "0.90": [
        0.3401999999999985
    ],
    "1.05": [
        0.38113333333333194
    ],
    "1.20": [
        0.3497999999999986
    ],
    "1.35": [
        0.33959999999999857
    ],
    "1.45": [
        0.3641333333333318
    ]
}