{
    "z0u3y1_z0u1y1": {
        "11": 0.4969
    },
    "z0u2y0_z0u2y0": {
        "00": 0.2543,
        "11": 0.2541
    },
    "z1y1_z0u2y1": {
        "00": 0.2522,
        "11": 0.25005
    },
    "z0u1y0_z0u1y1": {},
    "z0u3y0_z0u3y0": {
        "00": 0.2463,
        "11": 0.2467
    },
    "z1y0_z0u1y0": {
        "00": 0.5
    },
    "z0u3y0_z1y0": {
        "00": 0.5018
    },
    "z0u3y1_z0u3y0": {
        "00": 0.2443,
        "11": 0.255
    },
    "z0u2y0_z1y1": {
        "11": 0.5031
    },
    "z0u2y1_z0u3y1": {
        "00": 0.2487,
        "11": 0.2494
    },
    "z0u3y1_z0u2y1": {
        "00": 0.2533,
        "11": 0.2444
    },
    "z0u2y0_z0u3y0": {
        "00": 0.255,
        "11": 0.2511
    },
    "z0u1y1_z0u3y0": {
        "11": 0.5087
    },
    "z0u1y1_z0u3y1": {
        "11": 0.4913
    },
    "z0u2y1_z0u3y0": {
        "00": 0.2508,
        "11": 0.2511
    },
    "z0u1y1_z1y1": {
        "11": 1.0
    },
    "z0u2y1_z0u1y0": {
        "00": 0.4953
    },
    "z1y1_z0u3y1": {
        "00": 0.2519,
        "11": 0.253
    },
    "z1y0_z0u3y1": {
        "00": 0.2519,
        "11": 0.253
    },
    "z0u1y0_z1y0": {
        "00": 1.0
    },
    "z0u1y1_z1y0": {},
    "z0u1y1_z0u2y1": {
        "11": 0.4923
    },
    "z0u2y0_z0u1y0": {
        "00": 0.5058
    },
    "z0u1y0_z0u2y1": {
        "00": 0.5037
    },
    "z1y1_z0u2y0": {
        "00": 0.2478,
        "11": 0.24995
    },
    "z0u2y0_z0u1y1": {
        "11": 0.4942
    },
    "z0u1y0_z0u2y0": {
        "00": 0.4963
    },
    "z1y0_z0u1y1": {
        "11": 0.5
    },
    "z0u3y0_z0u2y1": {
        "00": 0.2519,
        "11": 0.2535
    },
    "z1y0_z1y1": {
        "11": 0.5
    },
    "z0u1y1_z0u1y0": {},
    "z0u3y1_z0u3y1": {
        "00": 0.2548,
        "11": 0.2459
    },
    "z1y1_z1y0": {
        "00": 0.5
    },
    "z0u3y1_z0u1y0": {
        "00": 0.5031
    },
    "z1y1_z0u1y1": {
        "11": 0.5
    },
    "z1y0_z1y0": {
        "00": 0.5
    },
    "z0u2y1_z1y1": {
        "11": 0.5034
    },
    "z0u1y1_z0u1y1": {
        "11": 1.0
    },
    "z0u2y1_z0u1y1": {
        "11": 0.5047
    },
    "z0u3y1_z0u2y0": {
        "00": 0.2507,
        "11": 0.2516
    },
    "z1y1_z1y1": {
        "11": 0.5
    },
    "z0u3y0_z0u1y0": {
        "00": 0.5007
    },
    "z0u2y0_z0u3y1": {
        "00": 0.2417,
        "11": 0.2522
    },
    "z0u3y0_z0u3y1": {
        "00": 0.2558,
        "11": 0.2512
    },
    "z0u3y0_z1y1": {
        "11": 0.4982
    },
    "z1y0_z0u2y0": {
        "00": 0.2478,
        "11": 0.24995
    },
    "z1y0_z0u2y1": {
        "00": 0.2522,
        "11": 0.25005
    },
    "z0u1y1_z0u2y0": {
        "11": 0.5077
    },
    "z0u3y0_z0u1y1": {
        "11": 0.4993
    },
    "z0u2y0_z1y0": {
        "00": 0.4969
    },
    "z0u3y1_z1y1": {
        "11": 0.4963
    },
    "z0u1y0_z0u3y1": {
        "00": 0.4964
    },
    "z0u2y1_z0u2y0": {
        "00": 0.2485,
        "11": 0.2565
    },
    "z0u2y1_z0u2y1": {
        "00": 0.2525,
        "11": 0.2425
    },
    "z0u1y0_z0u1y0": {
        "00": 1.0
    },
    "z0u2y0_z0u2y1": {
        "00": 0.2483,
        "11": 0.2433
    },
    "z0u3y1_z1y0": {
        "00": 0.5037
    },
    "z0u2y1_z1y0": {
        "00": 0.4966
    },
    "z1y1_z0u3y0": {
        "00": 0.2481,
        "11": 0.247
    },
    "z1y0_z0u3y0": {
        "00": 0.2481,
        "11": 0.247
    },
    "z1y1_z0u1y0": {
        "00": 0.5
    },
    "z0u3y0_z0u2y0": {
        "00": 0.2506,
        "11": 0.244
    },
    "z0u1y0_z1y1": {},
    "z0u1y0_z0u3y0": {
        "00": 0.5036
    }
}
