{
    "z0u3y1_z0u1y1": {
        "00": 0.1254,
        "10": 0.1227,
        "11": 0.1255,
        "01": 0.1283
    },
    "z0u2y0_z0u2y0": {
        "00": 0.2486,
        "11": 0.2509
    },
    "z1y1_z0u2y1": {
        "00": 0.12515,
        "10": 0.12785,
        "11": 0.11955,
        "01": 0.1264
    },
    "z0u1y0_z0u1y1": {},
    "z0u3y0_z0u3y0": {
        "00": 0.2492,
        "11": 0.244
    },
    "z1y0_z0u1y0": {
        "00": 0.125,
        "10": 0.1247,
        "11": 0.125,
        "01": 0.1253
    },
    "z0u3y0_z1y0": {
        "00": 0.1204,
        "10": 0.127,
        "11": 0.1256,
        "01": 0.1238
    },
    "z0u3y1_z0u3y0": {
        "10": 0.2491,
        "01": 0.2476
    },
    "z0u2y0_z1y1": {
        "00": 0.1309,
        "10": 0.1254,
        "11": 0.1265,
        "01": 0.1231
    },
    "z0u2y1_z0u3y1": {
        "00": 0.123,
        "10": 0.1211,
        "11": 0.1246,
        "01": 0.1291
    },
    "z0u3y1_z0u2y1": {
        "00": 0.1231,
        "10": 0.1276,
        "11": 0.1248,
        "01": 0.1205
    },
    "z0u2y0_z0u3y0": {
        "00": 0.1258,
        "10": 0.1283,
        "11": 0.1238,
        "01": 0.1259
    },
    "z0u1y1_z0u3y0": {
        "00": 0.1289,
        "10": 0.1218,
        "11": 0.1262,
        "01": 0.1248
    },
    "z0u1y1_z0u3y1": {
        "00": 0.1218,
        "10": 0.1264,
        "11": 0.1243,
        "01": 0.1258
    },
    "z0u2y1_z0u3y0": {
        "00": 0.1232,
        "10": 0.128,
        "11": 0.1264,
        "01": 0.1246
    },
    "z0u1y1_z1y1": {
        "00": 0.2501,
        "10": 0.2451,
        "11": 0.2493,
        "01": 0.2555
    },
    "z0u2y1_z0u1y0": {
        "00": 0.1268,
        "10": 0.1237,
        "11": 0.1253,
        "01": 0.1234
    },
    "z1y1_z0u3y1": {
        "00": 0.1282,
        "10": 0.1253,
        "11": 0.12425,
        "01": 0.1243
    },
    "z1y0_z0u3y1": {
        "00": 0.1282,
        "10": 0.1253,
        "11": 0.12425,
        "01": 0.1243
    },
    "z0u1y0_z1y0": {
        "00": 0.2462,
        "10": 0.2531,
        "11": 0.2434,
        "01": 0.2573
    },
    "z0u1y1_z1y0": {},
    "z0u1y1_z0u2y1": {
        "00": 0.1297,
        "10": 0.1218,
        "11": 0.1264,
        "01": 0.12
    },
    "z0u2y0_z0u1y0": {
        "00": 0.1279,
        "10": 0.1255,
        "11": 0.1176,
        "01": 0.1248
    },
    "z0u1y0_z0u2y1": {
        "00": 0.1232,
        "10": 0.129,
        "11": 0.1232,
        "01": 0.13
    },
    "z1y1_z0u2y0": {
        "00": 0.12405,
        "10": 0.1221,
        "11": 0.12905,
        "01": 0.12585
    },
    "z0u2y0_z0u1y1": {
        "00": 0.1265,
        "10": 0.1303,
        "11": 0.1221,
        "01": 0.1253
    },
    "z0u1y0_z0u2y0": {
        "00": 0.1228,
        "10": 0.1265,
        "11": 0.1194,
        "01": 0.1259
    },
    "z1y0_z0u1y1": {
        "00": 0.1249,
        "10": 0.12615,
        "11": 0.1249,
        "01": 0.12405
    },
    "z0u3y0_z0u2y1": {
        "00": 0.1193,
        "10": 0.1229,
        "11": 0.1246,
        "01": 0.1205
    },
    "z1y0_z1y1": {
        "00": 0.1254,
        "10": 0.12465,
        "11": 0.1252,
        "01": 0.12475
    },
    "z0u1y1_z0u1y0": {},
    "z0u3y1_z0u3y1": {
        "00": 0.2532,
        "11": 0.2501
    },
    "z1y1_z1y0": {
        "00": 0.12565,
        "10": 0.12625,
        "11": 0.12295,
        "01": 0.12515
    },
    "z0u3y1_z0u1y0": {
        "00": 0.1234,
        "10": 0.1206,
        "11": 0.1299,
        "01": 0.1242
    },
    "z1y1_z0u1y1": {
        "00": 0.1249,
        "10": 0.12615,
        "11": 0.1249,
        "01": 0.12405
    },
    "z1y0_z1y0": {
        "00": 0.12565,
        "10": 0.12625,
        "11": 0.12295,
        "01": 0.12515
    },
    "z0u2y1_z1y1": {
        "00": 0.121,
        "10": 0.1291,
        "11": 0.1239,
        "01": 0.1254
    },
    "z0u1y1_z0u1y1": {
        "00": 0.251,
        "10": 0.2522,
        "11": 0.2481,
        "01": 0.2487
    },
    "z0u2y1_z0u1y1": {
        "00": 0.129,
        "10": 0.1267,
        "11": 0.1193,
        "01": 0.1258
    },
    "z0u3y1_z0u2y0": {
        "00": 0.1272,
        "10": 0.1259,
        "11": 0.1269,
        "01": 0.124
    },
    "z1y1_z1y1": {
        "00": 0.1254,
        "10": 0.12465,
        "11": 0.1252,
        "01": 0.12475
    },
    "z0u3y0_z0u1y0": {
        "00": 0.1246,
        "10": 0.1228,
        "11": 0.1299,
        "01": 0.1255
    },
    "z0u2y0_z0u3y1": {
        "00": 0.1245,
        "10": 0.1278,
        "11": 0.1257,
        "01": 0.1182
    },
    "z0u3y0_z0u3y1": {
        "10": 0.2561,
        "01": 0.2507
    },
    "z0u3y0_z1y1": {
        "00": 0.1257,
        "10": 0.1214,
        "11": 0.1319,
        "01": 0.1242
    },
    "z1y0_z0u2y0": {
        "00": 0.12405,
        "10": 0.1221,
        "11": 0.12905,
        "01": 0.12585
    },
    "z1y0_z0u2y1": {
        "00": 0.12515,
        "10": 0.12785,
        "11": 0.11955,
        "01": 0.1264
    },
    "z0u1y1_z0u2y0": {
        "00": 0.1267,
        "10": 0.1252,
        "11": 0.1237,
        "01": 0.1265
    },
    "z0u3y0_z0u1y1": {
        "00": 0.1288,
        "10": 0.1256,
        "11": 0.1223,
        "01": 0.1205
    },
    "z0u2y0_z1y0": {
        "00": 0.1213,
        "10": 0.1255,
        "11": 0.1199,
        "01": 0.1274
    },
    "z0u3y1_z1y1": {
        "00": 0.1235,
        "10": 0.1293,
        "11": 0.1251,
        "01": 0.1213
    },
    "z0u1y0_z0u3y1": {
        "00": 0.1271,
        "10": 0.1296,
        "11": 0.1264,
        "01": 0.1255
    },
    "z0u2y1_z0u2y0": {
        "10": 0.2473,
        "01": 0.2469
    },
    "z0u2y1_z0u2y1": {
        "00": 0.2497,
        "11": 0.2561
    },
    "z0u1y0_z0u1y0": {
        "00": 0.244,
        "10": 0.2543,
        "11": 0.2525,
        "01": 0.2492
    },
    "z0u2y0_z0u2y1": {
        "10": 0.2552,
        "01": 0.2453
    },
    "z0u3y1_z1y0": {
        "00": 0.122,
        "10": 0.1263,
        "11": 0.1216,
        "01": 0.1309
    },
    "z0u2y1_z1y0": {
        "00": 0.1259,
        "10": 0.1227,
        "11": 0.1271,
        "01": 0.1249
    },
    "z1y1_z0u3y0": {
        "00": 0.12585,
        "10": 0.12605,
        "11": 0.1267,
        "01": 0.11935
    },
    "z1y0_z0u3y0": {
        "00": 0.12585,
        "10": 0.12605,
        "11": 0.1267,
        "01": 0.11935
    },
    "z1y1_z0u1y0": {
        "00": 0.125,
        "10": 0.1247,
        "11": 0.125,
        "01": 0.1253
    },
    "z0u3y0_z0u2y0": {
        "00": 0.1309,
        "10": 0.1242,
        "11": 0.1234,
        "01": 0.1342
    },
    "z0u1y0_z1y1": {},
    "z0u1y0_z0u3y0": {
        "00": 0.1219,
        "10": 0.1229,
        "11": 0.1221,
        "01": 0.1245
    }
}
