{
    "z0u3y1_z0u1y1": {
        "00": 0.1292,
        "10": 0.1262,
        "11": 0.1268,
        "01": 0.1208
    },
    "z0u2y0_z0u2y0": {
        "00": 0.2499,
        "11": 0.2472
    },
    "z1y1_z0u2y1": {
        "00": 0.12055,
        "10": 0.12625,
        "11": 0.124,
        "01": 0.12445
    },
    "z0u1y0_z0u1y1": {},
    "z0u3y0_z0u3y0": {
        "00": 0.2513,
        "11": 0.2465
    },
    "z1y0_z0u1y0": {
        "00": 0.12695,
        "10": 0.1255,
        "11": 0.1238,
        "01": 0.12375
    },
    "z0u3y0_z1y0": {
        "00": 0.1206,
        "10": 0.1275,
        "11": 0.1223,
        "01": 0.123
    },
    "z0u3y1_z0u3y0": {
        "10": 0.2541,
        "01": 0.2508
    },
    "z0u2y0_z1y1": {
        "00": 0.1263,
        "10": 0.1263,
        "11": 0.1262,
        "01": 0.1285
    },
    "z0u2y1_z0u3y1": {
        "00": 0.1247,
        "10": 0.1294,
        "11": 0.1237,
        "01": 0.1204
    },
    "z0u3y1_z0u2y1": {
        "00": 0.1264,
        "10": 0.1253,
        "11": 0.1247,
        "01": 0.1273
    },
    "z0u2y0_z0u3y0": {
        "00": 0.13,
        "10": 0.1188,
        "11": 0.1311,
        "01": 0.1214
    },
    "z0u1y1_z0u3y0": {
        "00": 0.1206,
        "10": 0.1214,
        "11": 0.1231,
        "01": 0.134
    },
    "z0u1y1_z0u3y1": {
        "00": 0.1246,
        "10": 0.1242,
        "11": 0.1269,
        "01": 0.1252
    },
    "z0u2y1_z0u3y0": {
        "00": 0.1231,
        "10": 0.1273,
        "11": 0.1275,
        "01": 0.1239
    },
    "z0u1y1_z1y1": {
        "00": 0.2498,
        "10": 0.2554,
        "11": 0.2517,
        "01": 0.2431
    },
    "z0u2y1_z0u1y0": {
        "00": 0.1289,
        "10": 0.1248,
        "11": 0.1141,
        "01": 0.1217
    },
    "z1y1_z0u3y1": {
        "00": 0.12245,
        "10": 0.12565,
        "11": 0.12525,
        "01": 0.12545
    },
    "z1y0_z0u3y1": {
        "00": 0.12245,
        "10": 0.12565,
        "11": 0.12525,
        "01": 0.12545
    },
    "z0u1y0_z1y0": {
        "00": 0.2523,
        "10": 0.2484,
        "11": 0.2468,
        "01": 0.2525
    },
    "z0u1y1_z1y0": {},
    "z0u1y1_z0u2y1": {
        "00": 0.1244,
        "10": 0.1251,
        "11": 0.1235,
        "01": 0.1271
    },
    "z0u2y0_z0u1y0": {
        "00": 0.1195,
        "10": 0.1275,
        "11": 0.1276,
        "01": 0.122
    },
    "z0u1y0_z0u2y1": {
        "00": 0.1161,
        "10": 0.1224,
        "11": 0.1232,
        "01": 0.1346
    },
    "z1y1_z0u2y0": {
        "00": 0.1261,
        "10": 0.12405,
        "11": 0.1256,
        "01": 0.129
    },
    "z0u2y0_z0u1y1": {
        "00": 0.1268,
        "10": 0.1273,
        "11": 0.1219,
        "01": 0.1274
    },
    "z0u1y0_z0u2y0": {
        "00": 0.1258,
        "10": 0.1221,
        "11": 0.1299,
        "01": 0.1259
    },
    "z1y0_z0u1y1": {
        "00": 0.1234,
        "10": 0.12545,
        "11": 0.12435,
        "01": 0.1268
    },
    "z0u3y0_z0u2y1": {
        "00": 0.123,
        "10": 0.1257,
        "11": 0.1185,
        "01": 0.1253
    },
    "z1y0_z1y1": {
        "00": 0.1259,
        "10": 0.12645,
        "11": 0.12435,
        "01": 0.1233
    },
    "z0u1y1_z0u1y0": {},
    "z0u3y1_z0u3y1": {
        "00": 0.2482,
        "11": 0.2469
    },
    "z1y1_z1y0": {
        "00": 0.1223,
        "10": 0.1249,
        "11": 0.12525,
        "01": 0.12755
    },
    "z0u3y1_z0u1y0": {
        "00": 0.124,
        "10": 0.1254,
        "11": 0.122,
        "01": 0.1256
    },
    "z1y1_z0u1y1": {
        "00": 0.1234,
        "10": 0.12545,
        "11": 0.12435,
        "01": 0.1268
    },
    "z1y0_z1y0": {
        "00": 0.1223,
        "10": 0.1249,
        "11": 0.12525,
        "01": 0.12755
    },
    "z0u2y1_z1y1": {
        "00": 0.1219,
        "10": 0.1266,
        "11": 0.1253,
        "01": 0.1228
    },
    "z0u1y1_z0u1y1": {
        "00": 0.251,
        "10": 0.2473,
        "11": 0.2543,
        "01": 0.2474
    },
    "z0u2y1_z0u1y1": {
        "00": 0.1279,
        "10": 0.1307,
        "11": 0.1264,
        "01": 0.1255
    },
    "z0u3y1_z0u2y0": {
        "00": 0.1234,
        "10": 0.1278,
        "11": 0.1234,
        "01": 0.1217
    },
    "z1y1_z1y1": {
        "00": 0.1259,
        "10": 0.12645,
        "11": 0.12435,
        "01": 0.1233
    },
    "z0u3y0_z0u1y0": {
        "00": 0.123,
        "10": 0.1247,
        "11": 0.1215,
        "01": 0.1233
    },
    "z0u2y0_z0u3y1": {
        "00": 0.1299,
        "10": 0.1278,
        "11": 0.1224,
        "01": 0.1186
    },
    "z0u3y0_z0u3y1": {
        "10": 0.2533,
        "01": 0.2489
    },
    "z0u3y0_z1y1": {
        "00": 0.1284,
        "10": 0.1285,
        "11": 0.123,
        "01": 0.1267
    },
    "z1y0_z0u2y0": {
        "00": 0.1261,
        "10": 0.12405,
        "11": 0.1256,
        "01": 0.129
    },
    "z1y0_z0u2y1": {
        "00": 0.12055,
        "10": 0.12625,
        "11": 0.124,
        "01": 0.12445
    },
    "z0u1y1_z0u2y0": {
        "00": 0.1262,
        "10": 0.1245,
        "11": 0.1244,
        "01": 0.1248
    },
    "z0u3y0_z0u1y1": {
        "00": 0.1279,
        "10": 0.1268,
        "11": 0.1262,
        "01": 0.1266
    },
    "z0u2y0_z1y0": {
        "00": 0.1196,
        "10": 0.1259,
        "11": 0.1261,
        "01": 0.1211
    },
    "z0u3y1_z1y1": {
        "00": 0.1238,
        "10": 0.125,
        "11": 0.1197,
        "01": 0.1269
    },
    "z0u1y0_z0u3y1": {
        "00": 0.1257,
        "10": 0.1289,
        "11": 0.1239,
        "01": 0.1228
    },
    "z0u2y1_z0u2y0": {
        "10": 0.2523,
        "01": 0.2554
    },
    "z0u2y1_z0u2y1": {
        "00": 0.2447,
        "11": 0.2476
    },
    "z0u1y0_z0u1y0": {
        "00": 0.2463,
        "10": 0.2533,
        "11": 0.2527,
        "01": 0.2477
    },
    "z0u2y0_z0u2y1": {
        "10": 0.2485,
        "01": 0.2544
    },
    "z0u3y1_z1y0": {
        "00": 0.1237,
        "10": 0.1258,
        "11": 0.1219,
        "01": 0.1332
    },
    "z0u2y1_z1y0": {
        "00": 0.1265,
        "10": 0.1262,
        "11": 0.1214,
        "01": 0.1293
    },
    "z1y1_z0u3y0": {
        "00": 0.1273,
        "10": 0.1238,
        "11": 0.1233,
        "01": 0.1268
    },
    "z1y0_z0u3y0": {
        "00": 0.1273,
        "10": 0.1238,
        "11": 0.1233,
        "01": 0.1268
    },
    "z1y1_z0u1y0": {
        "00": 0.12695,
        "10": 0.1255,
        "11": 0.1238,
        "01": 0.12375
    },
    "z0u3y0_z0u2y0": {
        "00": 0.1281,
        "10": 0.1278,
        "11": 0.1284,
        "01": 0.1232
    },
    "z0u1y0_z1y1": {},
    "z0u1y0_z0u3y0": {
        "00": 0.1266,
        "10": 0.1289,
        "11": 0.1252,
        "01": 0.118
    }
}
