{
    "z0u3y1_z0u1y1": {
        "00": 0.1242,
        "10": 0.1328,
        "11": 0.1193,
        "01": 0.1281
    },
    "z0u2y0_z0u2y0": {
        "00": 0.1235,
        "10": 0.1305,
        "11": 0.1235,
        "01": 0.1272
    },
    "z1y1_z0u2y1": {
        "00": 0.12025,
        "10": 0.12395,
        "11": 0.12625,
        "01": 0.1265
    },
    "z0u1y0_z0u1y1": {},
    "z0u3y0_z0u3y0": {
        "00": 0.1239,
        "10": 0.1219,
        "11": 0.1228,
        "01": 0.1226
    },
    "z1y0_z0u1y0": {
        "00": 0.12315,
        "10": 0.12395,
        "11": 0.1287,
        "01": 0.1242
    },
    "z0u3y0_z1y0": {
        "00": 0.121,
        "10": 0.1194,
        "11": 0.1234,
        "01": 0.1281
    },
    "z0u3y1_z0u3y0": {
        "00": 0.1227,
        "10": 0.1229,
        "11": 0.1304,
        "01": 0.1226
    },
    "z0u2y0_z1y1": {
        "00": 0.1257,
        "10": 0.1249,
        "11": 0.1253,
        "01": 0.1214
    },
    "z0u2y1_z0u3y1": {
        "00": 0.2524,
        "11": 0.2407
    },
    "z0u3y1_z0u2y1": {
        "10": 0.2466,
        "01": 0.2545
    },
    "z0u2y0_z0u3y0": {
        "00": 0.2494,
        "11": 0.253
    },
    "z0u1y1_z0u3y0": {
        "00": 0.1254,
        "10": 0.1201,
        "11": 0.1276,
        "01": 0.1231
    },
    "z0u1y1_z0u3y1": {
        "00": 0.13,
        "10": 0.124,
        "11": 0.1279,
        "01": 0.1219
    },
    "z0u2y1_z0u3y0": {
        "10": 0.2531,
        "01": 0.2538
    },
    "z0u1y1_z1y1": {
        "00": 0.2549,
        "10": 0.2511,
        "11": 0.2483,
        "01": 0.2457
    },
    "z0u2y1_z0u1y0": {
        "00": 0.1283,
        "10": 0.1272,
        "11": 0.1218,
        "01": 0.1245
    },
    "z1y1_z0u3y1": {
        "00": 0.1256,
        "10": 0.1243,
        "11": 0.12235,
        "01": 0.1248
    },
    "z1y0_z0u3y1": {
        "00": 0.1256,
        "10": 0.1243,
        "11": 0.12235,
        "01": 0.1248
    },
    "z0u1y0_z1y0": {
        "00": 0.2561,
        "10": 0.2499,
        "11": 0.2496,
        "01": 0.2444
    },
    "z0u1y1_z1y0": {},
    "z0u1y1_z0u2y1": {
        "00": 0.1246,
        "10": 0.1303,
        "11": 0.1319,
        "01": 0.1268
    },
    "z0u2y0_z0u1y0": {
        "00": 0.1262,
        "10": 0.1278,
        "11": 0.1209,
        "01": 0.1227
    },
    "z0u1y0_z0u2y1": {
        "00": 0.1246,
        "10": 0.1258,
        "11": 0.1223,
        "01": 0.1217
    },
    "z1y1_z0u2y0": {
        "00": 0.12795,
        "10": 0.12385,
        "11": 0.12595,
        "01": 0.1253
    },
    "z0u2y0_z0u1y1": {
        "00": 0.1264,
        "10": 0.126,
        "11": 0.1258,
        "01": 0.1242
    },
    "z0u1y0_z0u2y0": {
        "00": 0.1229,
        "10": 0.128,
        "11": 0.1254,
        "01": 0.1293
    },
    "z1y0_z0u1y1": {
        "00": 0.129,
        "10": 0.1229,
        "11": 0.12375,
        "01": 0.12435
    },
    "z0u3y0_z0u2y1": {
        "00": 0.2512,
        "11": 0.2519
    },
    "z1y0_z1y1": {
        "00": 0.12415,
        "10": 0.1239,
        "11": 0.1262,
        "01": 0.12575
    },
    "z0u1y1_z0u1y0": {},
    "z0u3y1_z0u3y1": {
        "00": 0.1287,
        "10": 0.1241,
        "11": 0.124,
        "01": 0.1246
    },
    "z1y1_z1y0": {
        "00": 0.12305,
        "10": 0.12535,
        "11": 0.12495,
        "01": 0.12665
    },
    "z0u3y1_z0u1y0": {
        "00": 0.1248,
        "10": 0.1238,
        "11": 0.1241,
        "01": 0.1229
    },
    "z1y1_z0u1y1": {
        "00": 0.129,
        "10": 0.1229,
        "11": 0.12375,
        "01": 0.12435
    },
    "z1y0_z1y0": {
        "00": 0.12305,
        "10": 0.12535,
        "11": 0.12495,
        "01": 0.12665
    },
    "z0u2y1_z1y1": {
        "00": 0.1219,
        "10": 0.1311,
        "11": 0.1247,
        "01": 0.1253
    },
    "z0u1y1_z0u1y1": {
        "00": 0.2514,
        "10": 0.2503,
        "11": 0.2502,
        "01": 0.2481
    },
    "z0u2y1_z0u1y1": {
        "00": 0.1219,
        "10": 0.1293,
        "11": 0.1218,
        "01": 0.1252
    },
    "z0u3y1_z0u2y0": {
        "00": 0.2529,
        "11": 0.246
    },
    "z1y1_z1y1": {
        "00": 0.12415,
        "10": 0.1239,
        "11": 0.1262,
        "01": 0.12575
    },
    "z0u3y0_z0u1y0": {
        "00": 0.1231,
        "10": 0.1226,
        "11": 0.1266,
        "01": 0.1213
    },
    "z0u2y0_z0u3y1": {
        "10": 0.2501,
        "01": 0.2475
    },
    "z0u3y0_z0u3y1": {
        "00": 0.1285,
        "10": 0.1265,
        "11": 0.128,
        "01": 0.1258
    },
    "z0u3y0_z1y1": {
        "00": 0.1194,
        "10": 0.1259,
        "11": 0.1287,
        "01": 0.1341
    },
    "z1y0_z0u2y0": {
        "00": 0.12795,
        "10": 0.12385,
        "11": 0.12595,
        "01": 0.1253
    },
    "z1y0_z0u2y1": {
        "00": 0.12025,
        "10": 0.12395,
        "11": 0.12625,
        "01": 0.1265
    },
    "z0u1y1_z0u2y0": {
        "00": 0.1158,
        "10": 0.1229,
        "11": 0.1237,
        "01": 0.124
    },
    "z0u3y0_z0u1y1": {
        "00": 0.1234,
        "10": 0.1311,
        "11": 0.1249,
        "01": 0.127
    },
    "z0u2y0_z1y0": {
        "00": 0.1198,
        "10": 0.1284,
        "11": 0.125,
        "01": 0.1295
    },
    "z0u3y1_z1y1": {
        "00": 0.1312,
        "10": 0.1276,
        "11": 0.1233,
        "01": 0.1256
    },
    "z0u1y0_z0u3y1": {
        "00": 0.1296,
        "10": 0.1237,
        "11": 0.1226,
        "01": 0.1243
    },
    "z0u2y1_z0u2y0": {
        "00": 0.1211,
        "10": 0.1239,
        "11": 0.1283,
        "01": 0.1156
    },
    "z0u2y1_z0u2y1": {
        "00": 0.1235,
        "10": 0.1264,
        "11": 0.1267,
        "01": 0.1345
    },
    "z0u1y0_z0u1y0": {
        "00": 0.2481,
        "10": 0.2477,
        "11": 0.2478,
        "01": 0.2564
    },
    "z0u2y0_z0u2y1": {
        "00": 0.1239,
        "10": 0.1297,
        "11": 0.1196,
        "01": 0.1221
    },
    "z0u3y1_z1y0": {
        "00": 0.1265,
        "10": 0.1231,
        "11": 0.1223,
        "01": 0.1204
    },
    "z0u2y1_z1y0": {
        "00": 0.1253,
        "10": 0.1239,
        "11": 0.1232,
        "01": 0.1246
    },
    "z1y1_z0u3y0": {
        "00": 0.1232,
        "10": 0.12625,
        "11": 0.12375,
        "01": 0.12975
    },
    "z1y0_z0u3y0": {
        "00": 0.1232,
        "10": 0.12625,
        "11": 0.12375,
        "01": 0.12975
    },
    "z1y1_z0u1y0": {
        "00": 0.12315,
        "10": 0.12395,
        "11": 0.1287,
        "01": 0.1242
    },
    "z0u3y0_z0u2y0": {
        "10": 0.2471,
        "01": 0.2498
    },
    "z0u1y0_z1y1": {},
    "z0u1y0_z0u3y0": {
        "00": 0.1238,
        "10": 0.1295,
        "11": 0.1254,
        "01": 0.1211
    }
}
