{
    "z0u3y1_z0u1y1": {
        "00": 0.1216,
        "10": 0.1221,
        "11": 0.1254,
        "01": 0.1278
    },
    "z0u2y0_z0u2y0": {
        "00": 0.2398,
        "11": 0.2539
    },
    "z1y1_z0u2y1": {
        "00": 0.122,
        "10": 0.1238,
        "11": 0.1248,
        "01": 0.1263
    },
    "z0u1y0_z0u1y1": {},
    "z0u3y0_z0u3y0": {
        "00": 0.2428,
        "11": 0.251
    },
    "z1y0_z0u1y0": {
        "00": 0.1286,
        "10": 0.1226,
        "11": 0.1271,
        "01": 0.1217
    },
    "z0u3y0_z1y0": {
        "00": 0.1241,
        "10": 0.1253,
        "11": 0.12,
        "01": 0.1261
    },
    "z0u3y1_z0u3y0": {
        "10": 0.2432,
        "01": 0.2434
    },
    "z0u2y0_z1y1": {
        "00": 0.1228,
        "10": 0.1257,
        "11": 0.1282,
        "01": 0.1233
    },
    "z0u2y1_z0u3y1": {
        "00": 0.1249,
        "10": 0.1225,
        "11": 0.1246,
        "01": 0.1251
    },
    "z0u3y1_z0u2y1": {
        "00": 0.1248,
        "10": 0.1194,
        "11": 0.1299,
        "01": 0.1218
    },
    "z0u2y0_z0u3y0": {
        "00": 0.123,
        "10": 0.1265,
        "11": 0.1208,
        "01": 0.1225
    },
    "z0u1y1_z0u3y0": {
        "00": 0.1269,
        "10": 0.1229,
        "11": 0.1216,
        "01": 0.129
    },
    "z0u1y1_z0u3y1": {
        "00": 0.123,
        "10": 0.1253,
        "11": 0.1293,
        "01": 0.122
    },
    "z0u2y1_z0u3y0": {
        "00": 0.1232,
        "10": 0.1196,
        "11": 0.1321,
        "01": 0.128
    },
    "z0u1y1_z1y1": {
        "00": 0.2547,
        "10": 0.2504,
        "11": 0.2502,
        "01": 0.2447
    },
    "z0u2y1_z0u1y0": {
        "00": 0.1242,
        "10": 0.124,
        "11": 0.1234,
        "01": 0.1253
    },
    "z1y1_z0u3y1": {
        "00": 0.127,
        "10": 0.1266,
        "11": 0.1278,
        "01": 0.12485
    },
    "z1y0_z0u3y1": {
        "00": 0.127,
        "10": 0.1266,
        "11": 0.1278,
        "01": 0.12485
    },
    "z0u1y0_z1y0": {
        "00": 0.249,
        "10": 0.2457,
        "11": 0.2537,
        "01": 0.2516
    },
    "z0u1y1_z1y0": {},
    "z0u1y1_z0u2y1": {
        "00": 0.1281,
        "10": 0.128,
        "11": 0.1221,
        "01": 0.1225
    },
    "z0u2y0_z0u1y0": {
        "00": 0.1242,
        "10": 0.1245,
        "11": 0.1221,
        "01": 0.124
    },
    "z0u1y0_z0u2y1": {
        "00": 0.1211,
        "10": 0.1286,
        "11": 0.1245,
        "01": 0.1235
    },
    "z1y1_z0u2y0": {
        "00": 0.12965,
        "10": 0.1228,
        "11": 0.1264,
        "01": 0.12425
    },
    "z0u2y0_z0u1y1": {
        "00": 0.1249,
        "10": 0.1225,
        "11": 0.1297,
        "01": 0.1281
    },
    "z0u1y0_z0u2y0": {
        "00": 0.1231,
        "10": 0.1289,
        "11": 0.1243,
        "01": 0.126
    },
    "z1y0_z0u1y1": {
        "00": 0.12245,
        "10": 0.12845,
        "11": 0.12155,
        "01": 0.12755
    },
    "z0u3y0_z0u2y1": {
        "00": 0.1223,
        "10": 0.124,
        "11": 0.1278,
        "01": 0.1241
    },
    "z1y0_z1y1": {
        "00": 0.1254,
        "10": 0.12415,
        "11": 0.123,
        "01": 0.12745
    },
    "z0u1y1_z0u1y0": {},
    "z0u3y1_z0u3y1": {
        "00": 0.2608,
        "11": 0.2526
    },
    "z1y1_z1y0": {
        "00": 0.12785,
        "10": 0.1234,
        "11": 0.12495,
        "01": 0.1238
    },
    "z0u3y1_z0u1y0": {
        "00": 0.1309,
        "10": 0.1208,
        "11": 0.1279,
        "01": 0.1235
    },
    "z1y1_z0u1y1": {
        "00": 0.12245,
        "10": 0.12845,
        "11": 0.12155,
        "01": 0.12755
    },
    "z1y0_z1y0": {
        "00": 0.12785,
        "10": 0.1234,
        "11": 0.12495,
        "01": 0.1238
    },
    "z0u2y1_z1y1": {
        "00": 0.1279,
        "10": 0.1222,
        "11": 0.1258,
        "01": 0.1239
    },
    "z0u1y1_z0u1y1": {
        "00": 0.2481,
        "10": 0.246,
        "11": 0.2494,
        "01": 0.2565
    },
    "z0u2y1_z0u1y1": {
        "00": 0.127,
        "10": 0.1251,
        "11": 0.1305,
        "01": 0.1205
    },
    "z0u3y1_z0u2y0": {
        "00": 0.1315,
        "10": 0.1207,
        "11": 0.125,
        "01": 0.1269
    },
    "z1y1_z1y1": {
        "00": 0.1254,
        "10": 0.12415,
        "11": 0.123,
        "01": 0.12745
    },
    "z0u3y0_z0u1y0": {
        "00": 0.1292,
        "10": 0.1236,
        "11": 0.1248,
        "01": 0.1252
    },
    "z0u2y0_z0u3y1": {
        "00": 0.1223,
        "10": 0.128,
        "11": 0.1292,
        "01": 0.1277
    },
    "z0u3y0_z0u3y1": {
        "10": 0.2504,
        "01": 0.2558
    },
    "z0u3y0_z1y1": {
        "00": 0.1208,
        "10": 0.1274,
        "11": 0.13,
        "01": 0.1263
    },
    "z1y0_z0u2y0": {
        "00": 0.12965,
        "10": 0.1228,
        "11": 0.1264,
        "01": 0.12425
    },
    "z1y0_z0u2y1": {
        "00": 0.122,
        "10": 0.1238,
        "11": 0.1248,
        "01": 0.1263
    },
    "z0u1y1_z0u2y0": {
        "00": 0.1296,
        "10": 0.1237,
        "11": 0.1196,
        "01": 0.1264
    },
    "z0u3y0_z0u1y1": {
        "00": 0.1242,
        "10": 0.1227,
        "11": 0.1222,
        "01": 0.1281
    },
    "z0u2y0_z1y0": {
        "00": 0.1259,
        "10": 0.1234,
        "11": 0.1256,
        "01": 0.1251
    },
    "z0u3y1_z1y1": {
        "00": 0.1313,
        "10": 0.1172,
        "11": 0.125,
        "01": 0.1224
    },
    "z0u1y0_z0u3y1": {
        "00": 0.1245,
        "10": 0.1227,
        "11": 0.123,
        "01": 0.1229
    },
    "z0u2y1_z0u2y0": {
        "10": 0.246,
        "01": 0.2557
    },
    "z0u2y1_z0u2y1": {
        "00": 0.2433,
        "11": 0.255
    },
    "z0u1y0_z0u1y0": {
        "00": 0.2503,
        "10": 0.2505,
        "11": 0.2565,
        "01": 0.2427
    },
    "z0u2y0_z0u2y1": {
        "10": 0.2513,
        "01": 0.255
    },
    "z0u3y1_z1y0": {
        "00": 0.1246,
        "10": 0.131,
        "11": 0.1243,
        "01": 0.1242
    },
    "z0u2y1_z1y0": {
        "00": 0.1257,
        "10": 0.1192,
        "11": 0.1261,
        "01": 0.1292
    },
    "z1y1_z0u3y0": {
        "00": 0.124,
        "10": 0.1259,
        "11": 0.1246,
        "01": 0.11925
    },
    "z1y0_z0u3y0": {
        "00": 0.124,
        "10": 0.1259,
        "11": 0.1246,
        "01": 0.11925
    },
    "z1y1_z0u1y0": {
        "00": 0.1286,
        "10": 0.1226,
        "11": 0.1271,
        "01": 0.1217
    },
    "z0u3y0_z0u2y0": {
        "00": 0.1237,
        "10": 0.1267,
        "11": 0.1277,
        "01": 0.1237
    },
    "z0u1y0_z1y1": {},
    "z0u1y0_z0u3y0": {
        "00": 0.1284,
        "10": 0.1289,
        "11": 0.1215,
        "01": 0.1281
    }
}
