{
    "z0u3y1_z0u1y1": {
        "10": 0.2551,
        "11": 0.2479
    },
    "z0u2y0_z0u2y0": {
        "00": 0.127,
        "10": 0.1226,
        "11": 0.1251,
        "01": 0.1245
    },
    "z1y1_z0u2y1": {
        "00": 0.12615,
        "10": 0.12355,
        "11": 0.12545,
        "01": 0.1266
    },
    "z0u1y0_z0u1y1": {},
    "z0u3y0_z0u3y0": {
        "00": 0.1279,
        "10": 0.1318,
        "11": 0.1308,
        "01": 0.1224
    },
    "z1y0_z0u1y0": {
        "00": 0.2501,
        "01": 0.2499
    },
    "z0u3y0_z1y0": {
        "00": 0.2492,
        "01": 0.2494
    },
    "z0u3y1_z0u3y0": {
        "00": 0.1233,
        "10": 0.1236,
        "11": 0.1274,
        "01": 0.1258
    },
    "z0u2y0_z1y1": {
        "10": 0.2534,
        "11": 0.2483
    },
    "z0u2y1_z0u3y1": {
        "00": 0.1233,
        "10": 0.1245,
        "11": 0.1314,
        "01": 0.1274
    },
    "z0u3y1_z0u2y1": {
        "00": 0.1247,
        "10": 0.1297,
        "11": 0.1217,
        "01": 0.1205
    },
    "z0u2y0_z0u3y0": {
        "00": 0.1227,
        "10": 0.1212,
        "11": 0.1263,
        "01": 0.1278
    },
    "z0u1y1_z0u3y0": {
        "10": 0.2481,
        "11": 0.2535
    },
    "z0u1y1_z0u3y1": {
        "10": 0.2454,
        "11": 0.253
    },
    "z0u2y1_z0u3y0": {
        "00": 0.1221,
        "10": 0.1229,
        "11": 0.1233,
        "01": 0.1251
    },
    "z0u1y1_z1y1": {
        "10": 0.5009,
        "11": 0.4991
    },
    "z0u2y1_z0u1y0": {
        "00": 0.2512,
        "01": 0.2446
    },
    "z1y1_z0u3y1": {
        "00": 0.12425,
        "10": 0.12505,
        "11": 0.12855,
        "01": 0.1226
    },
    "z1y0_z0u3y1": {
        "00": 0.12425,
        "10": 0.12505,
        "11": 0.12855,
        "01": 0.1226
    },
    "z0u1y0_z1y0": {
        "00": 0.51,
        "01": 0.49
    },
    "z0u1y1_z1y0": {},
    "z0u1y1_z0u2y1": {
        "10": 0.256,
        "11": 0.2475
    },
    "z0u2y0_z0u1y0": {
        "00": 0.2525,
        "01": 0.2541
    },
    "z0u1y0_z0u2y1": {
        "00": 0.247,
        "01": 0.2597
    },
    "z1y1_z0u2y0": {
        "00": 0.12555,
        "10": 0.1263,
        "11": 0.1247,
        "01": 0.1217
    },
    "z0u2y0_z0u1y1": {
        "10": 0.2483,
        "11": 0.2451
    },
    "z0u1y0_z0u2y0": {
        "00": 0.2414,
        "01": 0.2519
    },
    "z1y0_z0u1y1": {
        "10": 0.24775,
        "11": 0.25225
    },
    "z0u3y0_z0u2y1": {
        "00": 0.1212,
        "10": 0.1272,
        "11": 0.1252,
        "01": 0.1288
    },
    "z1y0_z1y1": {
        "10": 0.24975,
        "11": 0.25025
    },
    "z0u1y1_z0u1y0": {},
    "z0u3y1_z0u3y1": {
        "00": 0.1235,
        "10": 0.1295,
        "11": 0.1264,
        "01": 0.1205
    },
    "z1y1_z1y0": {
        "00": 0.24815,
        "01": 0.25185
    },
    "z0u3y1_z0u1y0": {
        "00": 0.2511,
        "01": 0.2459
    },
    "z1y1_z0u1y1": {
        "10": 0.24775,
        "11": 0.25225
    },
    "z1y0_z1y0": {
        "00": 0.24815,
        "01": 0.25185
    },
    "z0u2y1_z1y1": {
        "10": 0.2496,
        "11": 0.2431
    },
    "z0u1y1_z0u1y1": {
        "10": 0.4926,
        "11": 0.5074
    },
    "z0u2y1_z0u1y1": {
        "10": 0.2568,
        "11": 0.2474
    },
    "z0u3y1_z0u2y0": {
        "00": 0.1245,
        "10": 0.1253,
        "11": 0.1265,
        "01": 0.1271
    },
    "z1y1_z1y1": {
        "10": 0.24975,
        "11": 0.25025
    },
    "z0u3y0_z0u1y0": {
        "00": 0.248,
        "01": 0.2495
    },
    "z0u2y0_z0u3y1": {
        "00": 0.1307,
        "10": 0.1221,
        "11": 0.1273,
        "01": 0.1219
    },
    "z0u3y0_z0u3y1": {
        "00": 0.1169,
        "10": 0.1206,
        "11": 0.1186,
        "01": 0.131
    },
    "z0u3y0_z1y1": {
        "10": 0.2514,
        "11": 0.25
    },
    "z1y0_z0u2y0": {
        "00": 0.12555,
        "10": 0.1263,
        "11": 0.1247,
        "01": 0.1217
    },
    "z1y0_z0u2y1": {
        "00": 0.12615,
        "10": 0.12355,
        "11": 0.12545,
        "01": 0.1266
    },
    "z0u1y1_z0u2y0": {
        "10": 0.247,
        "11": 0.2495
    },
    "z0u3y0_z0u1y1": {
        "10": 0.2515,
        "11": 0.251
    },
    "z0u2y0_z1y0": {
        "00": 0.2477,
        "01": 0.2506
    },
    "z0u3y1_z1y1": {
        "10": 0.2498,
        "11": 0.243
    },
    "z0u1y0_z0u3y1": {
        "00": 0.2526,
        "01": 0.2441
    },
    "z0u2y1_z0u2y0": {
        "00": 0.1255,
        "10": 0.1314,
        "11": 0.1209,
        "01": 0.1276
    },
    "z0u2y1_z0u2y1": {
        "00": 0.1261,
        "10": 0.1226,
        "11": 0.1245,
        "01": 0.1214
    },
    "z0u1y0_z0u1y0": {
        "00": 0.499,
        "01": 0.501
    },
    "z0u2y0_z0u2y1": {
        "00": 0.1209,
        "10": 0.1282,
        "11": 0.1237,
        "01": 0.128
    },
    "z0u3y1_z1y0": {
        "00": 0.2488,
        "01": 0.2584
    },
    "z0u2y1_z1y0": {
        "00": 0.2454,
        "01": 0.2619
    },
    "z1y1_z0u3y0": {
        "00": 0.12685,
        "10": 0.12015,
        "11": 0.12625,
        "01": 0.1263
    },
    "z1y0_z0u3y0": {
        "00": 0.12685,
        "10": 0.12015,
        "11": 0.12625,
        "01": 0.1263
    },
    "z1y1_z0u1y0": {
        "00": 0.2501,
        "01": 0.2499
    },
    "z0u3y0_z0u2y0": {
        "00": 0.1235,
        "10": 0.1231,
        "11": 0.1268,
        "01": 0.1242
    },
    "z0u1y0_z1y1": {},
    "z0u1y0_z0u3y0": {
        "00": 0.2478,
        "01": 0.2555
    }
}
