{
    "z0u3y1_z0u1y1": {
        "11": 0.5046
    },
    "z0u2y0_z0u2y0": {
        "00": 0.2476,
        "11": 0.2516
    },
    "z1y1_z0u2y1": {
        "00": 0.24415,
        "11": 0.25015
    },
    "z0u1y0_z0u1y1": {},
    "z0u3y0_z0u3y0": {
        "00": 0.251,
        "11": 0.2433
    },
    "z1y0_z0u1y0": {
        "00": 0.5
    },
    "z0u3y0_z1y0": {
        "00": 0.4917
    },
    "z0u3y1_z0u3y0": {
        "00": 0.2546,
        "11": 0.2527
    },
    "z0u2y0_z1y1": {
        "11": 0.5004
    },
    "z0u2y1_z0u3y1": {
        "00": 0.2468,
        "11": 0.2517
    },
    "z0u3y1_z0u2y1": {
        "00": 0.2479,
        "11": 0.2479
    },
    "z0u2y0_z0u3y0": {
        "00": 0.2579,
        "11": 0.2467
    },
    "z0u1y1_z0u3y0": {
        "11": 0.4967
    },
    "z0u1y1_z0u3y1": {
        "11": 0.5033
    },
    "z0u2y1_z0u3y0": {
        "00": 0.2543,
        "11": 0.2472
    },
    "z0u1y1_z1y1": {
        "11": 1.0
    },
    "z0u2y1_z0u1y0": {
        "00": 0.4998
    },
    "z1y1_z0u3y1": {
        "00": 0.2485,
        "11": 0.2506
    },
    "z1y0_z0u3y1": {
        "00": 0.2485,
        "11": 0.2506
    },
    "z0u1y0_z1y0": {
        "00": 1.0
    },
    "z0u1y1_z1y0": {},
    "z0u1y1_z0u2y1": {
        "11": 0.5006
    },
    "z0u2y0_z0u1y0": {
        "00": 0.5009
    },
    "z0u1y0_z0u2y1": {
        "00": 0.5011
    },
    "z1y1_z0u2y0": {
        "00": 0.25585,
        "11": 0.24985
    },
    "z0u2y0_z0u1y1": {
        "11": 0.4991
    },
    "z0u1y0_z0u2y0": {
        "00": 0.4989
    },
    "z1y0_z0u1y1": {
        "11": 0.5
    },
    "z0u3y0_z0u2y1": {
        "00": 0.2547,
        "11": 0.254
    },
    "z1y0_z1y1": {
        "11": 0.5
    },
    "z0u1y1_z0u1y0": {},
    "z0u3y1_z0u3y1": {
        "00": 0.2458,
        "11": 0.2469
    },
    "z1y1_z1y0": {
        "00": 0.5
    },
    "z0u3y1_z0u1y0": {
        "00": 0.4954
    },
    "z1y1_z0u1y1": {
        "11": 0.5
    },
    "z1y0_z1y0": {
        "00": 0.5
    },
    "z0u2y1_z1y1": {
        "11": 0.5042
    },
    "z0u1y1_z0u1y1": {
        "11": 1.0
    },
    "z0u2y1_z0u1y1": {
        "11": 0.5002
    },
    "z0u3y1_z0u2y0": {
        "00": 0.2494,
        "11": 0.2548
    },
    "z1y1_z1y1": {
        "11": 0.5
    },
    "z0u3y0_z0u1y0": {
        "00": 0.4948
    },
    "z0u2y0_z0u3y1": {
        "00": 0.2461,
        "11": 0.2493
    },
    "z0u3y0_z0u3y1": {
        "00": 0.2525,
        "11": 0.2532
    },
    "z0u3y0_z1y1": {
        "11": 0.5083
    },
    "z1y0_z0u2y0": {
        "00": 0.25585,
        "11": 0.24985
    },
    "z1y0_z0u2y1": {
        "00": 0.24415,
        "11": 0.25015
    },
    "z0u1y1_z0u2y0": {
        "11": 0.4994
    },
    "z0u3y0_z0u1y1": {
        "11": 0.5052
    },
    "z0u2y0_z1y0": {
        "00": 0.4996
    },
    "z0u3y1_z1y1": {
        "11": 0.4975
    },
    "z0u1y0_z0u3y1": {
        "00": 0.5042
    },
    "z0u2y1_z0u2y0": {
        "00": 0.2501,
        "11": 0.251
    },
    "z0u2y1_z0u2y1": {
        "00": 0.2553,
        "11": 0.2436
    },
    "z0u1y0_z0u1y0": {
        "00": 1.0
    },
    "z0u2y0_z0u2y1": {
        "00": 0.2528,
        "11": 0.248
    },
    "z0u3y1_z1y0": {
        "00": 0.5025
    },
    "z0u2y1_z1y0": {
        "00": 0.4958
    },
    "z1y1_z0u3y0": {
        "00": 0.2515,
        "11": 0.2494
    },
    "z1y0_z0u3y0": {
        "00": 0.2515,
        "11": 0.2494
    },
    "z1y1_z0u1y0": {
        "00": 0.5
    },
    "z0u3y0_z0u2y0": {
        "00": 0.245,
        "11": 0.2463
    },
    "z0u1y0_z1y1": {},
    "z0u1y0_z0u3y0": {
        "00": 0.4958
    }
}
