{
    "z0u3y1_z0u1y1": {
        "11": 0.4936
    },
    "z0u2y0_z0u2y0": {
        "00": 0.2477,
        "11": 0.2581
    },
    "z1y1_z0u2y1": {
        "00": 0.24775,
        "11": 0.24925
    },
    "z0u1y0_z0u1y1": {},
    "z0u3y0_z0u3y0": {
        "00": 0.2544,
        "11": 0.2464
    },
    "z1y0_z0u1y0": {
        "00": 0.5
    },
    "z0u3y0_z1y0": {
        "00": 0.5019
    },
    "z0u3y1_z0u3y0": {
        "00": 0.2533,
        "11": 0.2581
    },
    "z0u2y0_z1y1": {
        "11": 0.4999
    },
    "z0u2y1_z0u3y1": {
        "00": 0.2543,
        "11": 0.2504
    },
    "z0u3y1_z0u2y1": {
        "00": 0.2433,
        "11": 0.2501
    },
    "z0u2y0_z0u3y0": {
        "00": 0.2465,
        "11": 0.2475
    },
    "z0u1y1_z0u3y0": {
        "11": 0.4996
    },
    "z0u1y1_z0u3y1": {
        "11": 0.5004
    },
    "z0u2y1_z0u3y0": {
        "00": 0.2478,
        "11": 0.2475
    },
    "z0u1y1_z1y1": {
        "11": 1.0
    },
    "z0u2y1_z0u1y0": {
        "00": 0.4971
    },
    "z1y1_z0u3y1": {
        "00": 0.25375,
        "11": 0.25085
    },
    "z1y0_z0u3y1": {
        "00": 0.25375,
        "11": 0.25085
    },
    "z0u1y0_z1y0": {
        "00": 1.0
    },
    "z0u1y1_z1y0": {},
    "z0u1y1_z0u2y1": {
        "11": 0.4921
    },
    "z0u2y0_z0u1y0": {
        "00": 0.495
    },
    "z0u1y0_z0u2y1": {
        "00": 0.5014
    },
    "z1y1_z0u2y0": {
        "00": 0.25225,
        "11": 0.25075
    },
    "z0u2y0_z0u1y1": {
        "11": 0.505
    },
    "z0u1y0_z0u2y0": {
        "00": 0.4986
    },
    "z1y0_z0u1y1": {
        "11": 0.5
    },
    "z0u3y0_z0u2y1": {
        "00": 0.2488,
        "11": 0.2477
    },
    "z1y0_z1y1": {
        "11": 0.5
    },
    "z0u1y1_z0u1y0": {},
    "z0u3y1_z0u3y1": {
        "00": 0.2468,
        "11": 0.2418
    },
    "z1y1_z1y0": {
        "00": 0.5
    },
    "z0u3y1_z0u1y0": {
        "00": 0.5064
    },
    "z1y1_z0u1y1": {
        "11": 0.5
    },
    "z1y0_z1y0": {
        "00": 0.5
    },
    "z0u2y1_z1y1": {
        "11": 0.5043
    },
    "z0u1y1_z0u1y1": {
        "11": 1.0
    },
    "z0u2y1_z0u1y1": {
        "11": 0.5029
    },
    "z0u3y1_z0u2y0": {
        "00": 0.2517,
        "11": 0.2549
    },
    "z1y1_z1y1": {
        "11": 0.5
    },
    "z0u3y0_z0u1y0": {
        "00": 0.5012
    },
    "z0u2y0_z0u3y1": {
        "00": 0.2512,
        "11": 0.2548
    },
    "z0u3y0_z0u3y1": {
        "00": 0.2504,
        "11": 0.2488
    },
    "z0u3y0_z1y1": {
        "11": 0.4981
    },
    "z1y0_z0u2y0": {
        "00": 0.25225,
        "11": 0.25075
    },
    "z1y0_z0u2y1": {
        "00": 0.24775,
        "11": 0.24925
    },
    "z0u1y1_z0u2y0": {
        "11": 0.5079
    },
    "z0u3y0_z0u1y1": {
        "11": 0.4988
    },
    "z0u2y0_z1y0": {
        "00": 0.5001
    },
    "z0u3y1_z1y1": {
        "11": 0.4992
    },
    "z0u1y0_z0u3y1": {
        "00": 0.4981
    },
    "z0u2y1_z0u2y0": {
        "00": 0.2478,
        "11": 0.2445
    },
    "z0u2y1_z0u2y1": {
        "00": 0.253,
        "11": 0.2547
    },
    "z0u1y0_z0u1y0": {
        "00": 1.0
    },
    "z0u2y0_z0u2y1": {
        "00": 0.247,
        "11": 0.2472
    },
    "z0u3y1_z1y0": {
        "00": 0.5008
    },
    "z0u2y1_z1y0": {
        "00": 0.4957
    },
    "z1y1_z0u3y0": {
        "00": 0.24625,
        "11": 0.24915
    },
    "z1y0_z0u3y0": {
        "00": 0.24625,
        "11": 0.24915
    },
    "z1y1_z0u1y0": {
        "00": 0.5
    },
    "z0u3y0_z0u2y0": {
        "00": 0.2514,
        "11": 0.2521
    },
    "z0u1y0_z1y1": {},
    "z0u1y0_z0u3y0": {
        "00": 0.5019
    }
}
