{
    "z0u3y1_z0u1y1": {
        "00": 0.1268,
        "10": 0.1221,
        "11": 0.1242,
        "01": 0.1279
    },
    "z0u2y0_z0u2y0": {
        "00": 0.1184,
        "10": 0.1254,
        "11": 0.1258,
        "01": 0.1288
    },
    "z1y1_z0u2y1": {
        "00": 0.12385,
        "10": 0.12565,
        "11": 0.1253,
        "01": 0.12995
    },
    "z0u1y0_z0u1y1": {},
    "z0u3y0_z0u3y0": {
        "00": 0.1301,
        "10": 0.1232,
        "11": 0.1273,
        "01": 0.1266
    },
    "z1y0_z0u1y0": {
        "00": 0.1255,
        "10": 0.12885,
        "11": 0.12095,
        "01": 0.1247
    },
    "z0u3y0_z1y0": {
        "00": 0.1273,
        "10": 0.1267,
        "11": 0.1234,
        "01": 0.1261
    },
    "z0u3y1_z0u3y0": {
        "00": 0.1234,
        "10": 0.1268,
        "11": 0.1264,
        "01": 0.1232
    },
    "z0u2y0_z1y1": {
        "00": 0.1251,
        "10": 0.1275,
        "11": 0.1257,
        "01": 0.1264
    },
    "z0u2y1_z0u3y1": {
        "00": 0.2472,
        "11": 0.2483
    },
    "z0u3y1_z0u2y1": {
        "10": 0.2494,
        "01": 0.2583
    },
    "z0u2y0_z0u3y0": {
        "00": 0.253,
        "11": 0.2435
    },
    "z0u1y1_z0u3y0": {
        "00": 0.1254,
        "10": 0.1269,
        "11": 0.1278,
        "01": 0.1257
    },
    "z0u1y1_z0u3y1": {
        "00": 0.1273,
        "10": 0.1251,
        "11": 0.1189,
        "01": 0.1229
    },
    "z0u2y1_z0u3y0": {
        "10": 0.2527,
        "01": 0.2518
    },
    "z0u1y1_z1y1": {
        "00": 0.2507,
        "10": 0.2551,
        "11": 0.2491,
        "01": 0.2451
    },
    "z0u2y1_z0u1y0": {
        "00": 0.1267,
        "10": 0.1255,
        "11": 0.1214,
        "01": 0.1213
    },
    "z1y1_z0u3y1": {
        "00": 0.12765,
        "10": 0.1267,
        "11": 0.12425,
        "01": 0.1233
    },
    "z1y0_z0u3y1": {
        "00": 0.12765,
        "10": 0.1267,
        "11": 0.12425,
        "01": 0.1233
    },
    "z0u1y0_z1y0": {
        "00": 0.26,
        "10": 0.2483,
        "11": 0.2472,
        "01": 0.2445
    },
    "z0u1y1_z1y0": {},
    "z0u1y1_z0u2y1": {
        "00": 0.1287,
        "10": 0.1262,
        "11": 0.1246,
        "01": 0.1241
    },
    "z0u2y0_z0u1y0": {
        "00": 0.1256,
        "10": 0.1221,
        "11": 0.1278,
        "01": 0.1223
    },
    "z0u1y0_z0u2y1": {
        "00": 0.1239,
        "10": 0.1172,
        "11": 0.1272,
        "01": 0.1303
    },
    "z1y1_z0u2y0": {
        "00": 0.12625,
        "10": 0.1296,
        "11": 0.12115,
        "01": 0.11825
    },
    "z0u2y0_z0u1y1": {
        "00": 0.123,
        "10": 0.1286,
        "11": 0.1245,
        "01": 0.1261
    },
    "z0u1y0_z0u2y0": {
        "00": 0.1281,
        "10": 0.1228,
        "11": 0.1264,
        "01": 0.1241
    },
    "z1y0_z0u1y1": {
        "00": 0.1218,
        "10": 0.126,
        "11": 0.1252,
        "01": 0.127
    },
    "z0u3y0_z0u2y1": {
        "00": 0.2509,
        "11": 0.2463
    },
    "z1y0_z1y1": {
        "00": 0.1259,
        "10": 0.1257,
        "11": 0.1235,
        "01": 0.1249
    },
    "z0u1y1_z0u1y0": {},
    "z0u3y1_z0u3y1": {
        "00": 0.1232,
        "10": 0.1242,
        "11": 0.1216,
        "01": 0.1312
    },
    "z1y1_z1y0": {
        "00": 0.1222,
        "10": 0.12665,
        "11": 0.12585,
        "01": 0.1253
    },
    "z0u3y1_z0u1y0": {
        "00": 0.1268,
        "10": 0.1252,
        "11": 0.1202,
        "01": 0.1268
    },
    "z1y1_z0u1y1": {
        "00": 0.1218,
        "10": 0.126,
        "11": 0.1252,
        "01": 0.127
    },
    "z1y0_z1y0": {
        "00": 0.1222,
        "10": 0.12665,
        "11": 0.12585,
        "01": 0.1253
    },
    "z0u2y1_z1y1": {
        "00": 0.1273,
        "10": 0.1314,
        "11": 0.1278,
        "01": 0.1264
    },
    "z0u1y1_z0u1y1": {
        "00": 0.2533,
        "10": 0.2472,
        "11": 0.2556,
        "01": 0.2439
    },
    "z0u2y1_z0u1y1": {
        "00": 0.1238,
        "10": 0.1293,
        "11": 0.1259,
        "01": 0.1261
    },
    "z0u3y1_z0u2y0": {
        "00": 0.2438,
        "11": 0.2485
    },
    "z1y1_z1y1": {
        "00": 0.1259,
        "10": 0.1257,
        "11": 0.1235,
        "01": 0.1249
    },
    "z0u3y0_z0u1y0": {
        "00": 0.132,
        "10": 0.127,
        "11": 0.124,
        "01": 0.118
    },
    "z0u2y0_z0u3y1": {
        "10": 0.2507,
        "01": 0.2528
    },
    "z0u3y0_z0u3y1": {
        "00": 0.1199,
        "10": 0.1246,
        "11": 0.1254,
        "01": 0.1229
    },
    "z0u3y0_z1y1": {
        "00": 0.126,
        "10": 0.1191,
        "11": 0.1236,
        "01": 0.1278
    },
    "z1y0_z0u2y0": {
        "00": 0.12625,
        "10": 0.1296,
        "11": 0.12115,
        "01": 0.11825
    },
    "z1y0_z0u2y1": {
        "00": 0.12385,
        "10": 0.12565,
        "11": 0.1253,
        "01": 0.12995
    },
    "z0u1y1_z0u2y0": {
        "00": 0.1258,
        "10": 0.1173,
        "11": 0.1282,
        "01": 0.1251
    },
    "z0u3y0_z0u1y1": {
        "00": 0.1284,
        "10": 0.129,
        "11": 0.1175,
        "01": 0.1241
    },
    "z0u2y0_z1y0": {
        "00": 0.1202,
        "10": 0.1273,
        "11": 0.1209,
        "01": 0.1269
    },
    "z0u3y1_z1y1": {
        "00": 0.1235,
        "10": 0.1282,
        "11": 0.1218,
        "01": 0.1229
    },
    "z0u1y0_z0u3y1": {
        "00": 0.1301,
        "10": 0.1279,
        "11": 0.1199,
        "01": 0.1226
    },
    "z0u2y1_z0u2y0": {
        "00": 0.1273,
        "10": 0.1285,
        "11": 0.1247,
        "01": 0.122
    },
    "z0u2y1_z0u2y1": {
        "00": 0.1281,
        "10": 0.1247,
        "11": 0.125,
        "01": 0.1197
    },
    "z0u1y0_z0u1y0": {
        "00": 0.2527,
        "10": 0.2511,
        "11": 0.2491,
        "01": 0.2471
    },
    "z0u2y0_z0u2y1": {
        "00": 0.1308,
        "10": 0.126,
        "11": 0.1245,
        "01": 0.1203
    },
    "z0u3y1_z1y0": {
        "00": 0.1276,
        "10": 0.1225,
        "11": 0.1294,
        "01": 0.1241
    },
    "z0u2y1_z1y0": {
        "00": 0.1191,
        "10": 0.121,
        "11": 0.1263,
        "01": 0.1207
    },
    "z1y1_z0u3y0": {
        "00": 0.1262,
        "10": 0.12395,
        "11": 0.124,
        "01": 0.12395
    },
    "z1y0_z0u3y0": {
        "00": 0.1262,
        "10": 0.12395,
        "11": 0.124,
        "01": 0.12395
    },
    "z1y1_z0u1y0": {
        "00": 0.1255,
        "10": 0.12885,
        "11": 0.12095,
        "01": 0.1247
    },
    "z0u3y0_z0u2y0": {
        "10": 0.2532,
        "01": 0.2496
    },
    "z0u1y0_z1y1": {},
    "z0u1y0_z0u3y0": {
        "00": 0.1235,
        "10": 0.1273,
        "11": 0.1288,
        "01": 0.1199
    }
}
