{
    "z0u3y1_z0u1y1": {
        "11": 0.5016
    },
    "z0u2y0_z0u2y0": {
        "00": 0.2504,
        "11": 0.2467
    },
    "z1y1_z0u2y1": {
        "00": 0.24915,
        "11": 0.2499
    },
    "z0u1y0_z0u1y1": {},
    "z0u3y0_z0u3y0": {
        "00": 0.2486,
        "11": 0.2461
    },
    "z1y0_z0u1y0": {
        "00": 0.5
    },
    "z0u3y0_z1y0": {
        "00": 0.4992
    },
    "z0u3y1_z0u3y0": {
        "00": 0.2486,
        "11": 0.2477
    },
    "z0u2y0_z1y1": {
        "11": 0.5014
    },
    "z0u2y1_z0u3y1": {
        "00": 0.2492,
        "11": 0.2518
    },
    "z0u3y1_z0u2y1": {
        "00": 0.2515,
        "11": 0.2468
    },
    "z0u2y0_z0u3y0": {
        "00": 0.2576,
        "11": 0.2449
    },
    "z0u1y1_z0u3y0": {
        "11": 0.5066
    },
    "z0u1y1_z0u3y1": {
        "11": 0.4934
    },
    "z0u2y1_z0u3y0": {
        "00": 0.248,
        "11": 0.251
    },
    "z0u1y1_z1y1": {
        "11": 1.0
    },
    "z0u2y1_z0u1y0": {
        "00": 0.5048
    },
    "z1y1_z0u3y1": {
        "00": 0.2526,
        "11": 0.25055
    },
    "z1y0_z0u3y1": {
        "00": 0.2526,
        "11": 0.25055
    },
    "z0u1y0_z1y0": {
        "00": 1.0
    },
    "z0u1y1_z1y0": {},
    "z0u1y1_z0u2y1": {
        "11": 0.5002
    },
    "z0u2y0_z0u1y0": {
        "00": 0.4963
    },
    "z0u1y0_z0u2y1": {
        "00": 0.5031
    },
    "z1y1_z0u2y0": {
        "00": 0.25085,
        "11": 0.2501
    },
    "z0u2y0_z0u1y1": {
        "11": 0.5037
    },
    "z0u1y0_z0u2y0": {
        "00": 0.4969
    },
    "z1y0_z0u1y1": {
        "11": 0.5
    },
    "z0u3y0_z0u2y1": {
        "00": 0.2461,
        "11": 0.2505
    },
    "z1y0_z1y1": {
        "11": 0.5
    },
    "z0u1y1_z0u1y0": {},
    "z0u3y1_z0u3y1": {
        "00": 0.2519,
        "11": 0.2518
    },
    "z1y1_z1y0": {
        "00": 0.5
    },
    "z0u3y1_z0u1y0": {
        "00": 0.4984
    },
    "z1y1_z0u1y1": {
        "11": 0.5
    },
    "z1y0_z1y0": {
        "00": 0.5
    },
    "z0u2y1_z1y1": {
        "11": 0.5076
    },
    "z0u1y1_z0u1y1": {
        "11": 1.0
    },
    "z0u2y1_z0u1y1": {
        "11": 0.4952
    },
    "z0u3y1_z0u2y0": {
        "00": 0.252,
        "11": 0.2497
    },
    "z1y1_z1y1": {
        "11": 0.5
    },
    "z0u3y0_z0u1y0": {
        "00": 0.493
    },
    "z0u2y0_z0u3y1": {
        "00": 0.2484,
        "11": 0.2491
    },
    "z0u3y0_z0u3y1": {
        "00": 0.2547,
        "11": 0.2506
    },
    "z0u3y0_z1y1": {
        "11": 0.5008
    },
    "z1y0_z0u2y0": {
        "00": 0.25085,
        "11": 0.2501
    },
    "z1y0_z0u2y1": {
        "00": 0.24915,
        "11": 0.2499
    },
    "z0u1y1_z0u2y0": {
        "11": 0.4998
    },
    "z0u3y0_z0u1y1": {
        "11": 0.507
    },
    "z0u2y0_z1y0": {
        "00": 0.4986
    },
    "z0u3y1_z1y1": {
        "11": 0.4994
    },
    "z0u1y0_z0u3y1": {
        "00": 0.4999
    },
    "z0u2y1_z0u2y0": {
        "00": 0.2516,
        "11": 0.2489
    },
    "z0u2y1_z0u2y1": {
        "00": 0.2529,
        "11": 0.2466
    },
    "z0u1y0_z0u1y0": {
        "00": 1.0
    },
    "z0u2y0_z0u2y1": {
        "00": 0.2545,
        "11": 0.2484
    },
    "z0u3y1_z1y0": {
        "00": 0.5006
    },
    "z0u2y1_z1y0": {
        "00": 0.4924
    },
    "z1y1_z0u3y0": {
        "00": 0.2474,
        "11": 0.24945
    },
    "z1y0_z0u3y0": {
        "00": 0.2474,
        "11": 0.24945
    },
    "z1y1_z0u1y0": {
        "00": 0.5
    },
    "z0u3y0_z0u2y0": {
        "00": 0.255,
        "11": 0.2484
    },
    "z0u1y0_z1y1": {},
    "z0u1y0_z0u3y0": {
        "00": 0.5001
    }
}
