{
    "z0u3y1_z0u1y1": {
        "00": 0.1284,
        "10": 0.1186,
        "11": 0.1251,
        "01": 0.1295
    },
    "z0u2y0_z0u2y0": {
        "00": 0.1219,
        "10": 0.1241,
        "11": 0.1232,
        "01": 0.124
    },
    "z1y1_z0u2y1": {
        "00": 0.1242,
        "10": 0.1243,
        "11": 0.12405,
        "01": 0.12775
    },
    "z0u1y0_z0u1y1": {},
    "z0u3y0_z0u3y0": {
        "00": 0.1165,
        "10": 0.1271,
        "11": 0.1277,
        "01": 0.1263
    },
    "z1y0_z0u1y0": {
        "00": 0.125,
        "10": 0.12985,
        "11": 0.12205,
        "01": 0.1231
    },
    "z0u3y0_z1y0": {
        "00": 0.1275,
        "10": 0.1216,
        "11": 0.1203,
        "01": 0.1225
    },
    "z0u3y1_z0u3y0": {
        "00": 0.1311,
        "10": 0.1237,
        "11": 0.1273,
        "01": 0.1256
    },
    "z0u2y0_z1y1": {
        "00": 0.1211,
        "10": 0.1254,
        "11": 0.1294,
        "01": 0.1236
    },
    "z0u2y1_z0u3y1": {
        "00": 0.247,
        "11": 0.2517
    },
    "z0u3y1_z0u2y1": {
        "10": 0.249,
        "01": 0.2515
    },
    "z0u2y0_z0u3y0": {
        "00": 0.2525,
        "11": 0.2501
    },
    "z0u1y1_z0u3y0": {
        "00": 0.1204,
        "10": 0.129,
        "11": 0.1272,
        "01": 0.1295
    },
    "z0u1y1_z0u3y1": {
        "00": 0.1226,
        "10": 0.1199,
        "11": 0.1241,
        "01": 0.1273
    },
    "z0u2y1_z0u3y0": {
        "10": 0.2481,
        "01": 0.2532
    },
    "z0u1y1_z1y1": {
        "00": 0.2522,
        "10": 0.2537,
        "11": 0.2407,
        "01": 0.2534
    },
    "z0u2y1_z0u1y0": {
        "00": 0.1256,
        "10": 0.1268,
        "11": 0.1234,
        "01": 0.1206
    },
    "z1y1_z0u3y1": {
        "00": 0.1274,
        "10": 0.12275,
        "11": 0.12535,
        "01": 0.12245
    },
    "z1y0_z0u3y1": {
        "00": 0.1274,
        "10": 0.12275,
        "11": 0.12535,
        "01": 0.12245
    },
    "z0u1y0_z1y0": {
        "00": 0.2491,
        "10": 0.2438,
        "11": 0.2533,
        "01": 0.2538
    },
    "z0u1y1_z1y0": {},
    "z0u1y1_z0u2y1": {
        "00": 0.1206,
        "10": 0.1306,
        "11": 0.1211,
        "01": 0.1226
    },
    "z0u2y0_z0u1y0": {
        "00": 0.1289,
        "10": 0.1203,
        "11": 0.129,
        "01": 0.127
    },
    "z0u1y0_z0u2y1": {
        "00": 0.123,
        "10": 0.1223,
        "11": 0.1234,
        "01": 0.1256
    },
    "z1y1_z0u2y0": {
        "00": 0.1243,
        "10": 0.1247,
        "11": 0.1231,
        "01": 0.1276
    },
    "z0u2y0_z0u1y1": {
        "00": 0.1224,
        "10": 0.1215,
        "11": 0.1241,
        "01": 0.1268
    },
    "z0u1y0_z0u2y0": {
        "00": 0.1257,
        "10": 0.1287,
        "11": 0.1233,
        "01": 0.128
    },
    "z1y0_z0u1y1": {
        "00": 0.12445,
        "10": 0.1266,
        "11": 0.1266,
        "01": 0.12235
    },
    "z0u3y0_z0u2y1": {
        "00": 0.2483,
        "11": 0.2523
    },
    "z1y0_z1y1": {
        "00": 0.1233,
        "10": 0.12395,
        "11": 0.1256,
        "01": 0.12715
    },
    "z0u1y1_z0u1y0": {},
    "z0u3y1_z0u3y1": {
        "00": 0.1226,
        "10": 0.1274,
        "11": 0.1219,
        "01": 0.1204
    },
    "z1y1_z1y0": {
        "00": 0.12505,
        "10": 0.1257,
        "11": 0.12255,
        "01": 0.1267
    },
    "z0u3y1_z0u1y0": {
        "00": 0.1231,
        "10": 0.1248,
        "11": 0.1296,
        "01": 0.1209
    },
    "z1y1_z0u1y1": {
        "00": 0.12445,
        "10": 0.1266,
        "11": 0.1266,
        "01": 0.12235
    },
    "z1y0_z1y0": {
        "00": 0.12505,
        "10": 0.1257,
        "11": 0.12255,
        "01": 0.1267
    },
    "z0u2y1_z1y1": {
        "00": 0.1234,
        "10": 0.1229,
        "11": 0.1282,
        "01": 0.1293
    },
    "z0u1y1_z0u1y1": {
        "00": 0.2469,
        "10": 0.2447,
        "11": 0.2558,
        "01": 0.2526
    },
    "z0u2y1_z0u1y1": {
        "00": 0.122,
        "10": 0.1203,
        "11": 0.1374,
        "01": 0.1239
    },
    "z0u3y1_z0u2y0": {
        "00": 0.2537,
        "11": 0.2458
    },
    "z1y1_z1y1": {
        "00": 0.1233,
        "10": 0.12395,
        "11": 0.1256,
        "01": 0.12715
    },
    "z0u3y0_z0u1y0": {
        "00": 0.1301,
        "10": 0.1247,
        "11": 0.1305,
        "01": 0.1229
    },
    "z0u2y0_z0u3y1": {
        "10": 0.2438,
        "01": 0.2536
    },
    "z0u3y0_z0u3y1": {
        "00": 0.1222,
        "10": 0.1273,
        "11": 0.1222,
        "01": 0.1307
    },
    "z0u3y0_z1y1": {
        "00": 0.1284,
        "10": 0.1288,
        "11": 0.1284,
        "01": 0.1225
    },
    "z1y0_z0u2y0": {
        "00": 0.1243,
        "10": 0.1247,
        "11": 0.1231,
        "01": 0.1276
    },
    "z1y0_z0u2y1": {
        "00": 0.1242,
        "10": 0.1243,
        "11": 0.12405,
        "01": 0.12775
    },
    "z0u1y1_z0u2y0": {
        "00": 0.1295,
        "10": 0.1298,
        "11": 0.1221,
        "01": 0.1237
    },
    "z0u3y0_z0u1y1": {
        "00": 0.1277,
        "10": 0.121,
        "11": 0.1239,
        "01": 0.1192
    },
    "z0u2y0_z1y0": {
        "00": 0.1277,
        "10": 0.1265,
        "11": 0.1226,
        "01": 0.1237
    },
    "z0u3y1_z1y1": {
        "00": 0.1256,
        "10": 0.1184,
        "11": 0.1249,
        "01": 0.1313
    },
    "z0u1y0_z0u3y1": {
        "00": 0.1236,
        "10": 0.1218,
        "11": 0.1271,
        "01": 0.1277
    },
    "z0u2y1_z0u2y0": {
        "00": 0.1198,
        "10": 0.1282,
        "11": 0.1229,
        "01": 0.1305
    },
    "z0u2y1_z0u2y1": {
        "00": 0.1221,
        "10": 0.126,
        "11": 0.128,
        "01": 0.1225
    },
    "z0u1y0_z0u1y0": {
        "00": 0.2436,
        "10": 0.2434,
        "11": 0.2618,
        "01": 0.2512
    },
    "z0u2y0_z0u2y1": {
        "00": 0.1214,
        "10": 0.1268,
        "11": 0.1308,
        "01": 0.1278
    },
    "z0u3y1_z1y0": {
        "00": 0.1299,
        "10": 0.1241,
        "11": 0.1257,
        "01": 0.1201
    },
    "z0u2y1_z1y0": {
        "00": 0.1283,
        "10": 0.1193,
        "11": 0.1242,
        "01": 0.1244
    },
    "z1y1_z0u3y0": {
        "00": 0.1269,
        "10": 0.12385,
        "11": 0.12505,
        "01": 0.12625
    },
    "z1y0_z0u3y0": {
        "00": 0.1269,
        "10": 0.12385,
        "11": 0.12505,
        "01": 0.12625
    },
    "z1y1_z0u1y0": {
        "00": 0.125,
        "10": 0.12985,
        "11": 0.12205,
        "01": 0.1231
    },
    "z0u3y0_z0u2y0": {
        "10": 0.2523,
        "01": 0.2471
    },
    "z0u1y0_z1y1": {},
    "z0u1y0_z0u3y0": {
        "00": 0.1204,
        "10": 0.1291,
        "11": 0.1252,
        "01": 0.1251
    }
}
