{
    "z0u3y1_z0u1y1": {
        "11": 0.2518,
        "01": 0.2433
    },
    "z0u2y0_z0u2y0": {
        "00": 0.1227,
        "10": 0.1209,
        "11": 0.1181,
        "01": 0.1224
    },
    "z1y1_z0u2y1": {
        "00": 0.12975,
        "10": 0.1274,
        "11": 0.12415,
        "01": 0.1237
    },
    "z0u1y0_z0u1y1": {},
    "z0u3y0_z0u3y0": {
        "00": 0.1257,
        "10": 0.1257,
        "11": 0.1259,
        "01": 0.1336
    },
    "z1y0_z0u1y0": {
        "00": 0.25225,
        "10": 0.24775
    },
    "z0u3y0_z1y0": {
        "00": 0.2515,
        "10": 0.2507
    },
    "z0u3y1_z0u3y0": {
        "00": 0.1307,
        "10": 0.1171,
        "11": 0.1266,
        "01": 0.1285
    },
    "z0u2y0_z1y1": {
        "11": 0.2445,
        "01": 0.2454
    },
    "z0u2y1_z0u3y1": {
        "00": 0.1243,
        "10": 0.128,
        "11": 0.1255,
        "01": 0.1256
    },
    "z0u3y1_z0u2y1": {
        "00": 0.1218,
        "10": 0.1242,
        "11": 0.1293,
        "01": 0.1232
    },
    "z0u2y0_z0u3y0": {
        "00": 0.12,
        "10": 0.1269,
        "11": 0.1315,
        "01": 0.1259
    },
    "z0u1y1_z0u3y0": {
        "11": 0.2488,
        "01": 0.245
    },
    "z0u1y1_z0u3y1": {
        "11": 0.2522,
        "01": 0.254
    },
    "z0u2y1_z0u3y0": {
        "00": 0.1279,
        "10": 0.1248,
        "11": 0.1255,
        "01": 0.1184
    },
    "z0u1y1_z1y1": {
        "11": 0.5008,
        "01": 0.4992
    },
    "z0u2y1_z0u1y0": {
        "00": 0.2483,
        "10": 0.2556
    },
    "z1y1_z0u3y1": {
        "00": 0.1242,
        "10": 0.1238,
        "11": 0.1257,
        "01": 0.1222
    },
    "z1y0_z0u3y1": {
        "00": 0.1242,
        "10": 0.1238,
        "11": 0.1257,
        "01": 0.1222
    },
    "z0u1y0_z1y0": {
        "00": 0.507,
        "10": 0.493
    },
    "z0u1y1_z1y0": {},
    "z0u1y1_z0u2y1": {
        "11": 0.2506,
        "01": 0.2549
    },
    "z0u2y0_z0u1y0": {
        "00": 0.2522,
        "10": 0.2434
    },
    "z0u1y0_z0u2y1": {
        "00": 0.2418,
        "10": 0.2533
    },
    "z1y1_z0u2y0": {
        "00": 0.1229,
        "10": 0.11995,
        "11": 0.1272,
        "01": 0.12495
    },
    "z0u2y0_z0u1y1": {
        "11": 0.255,
        "01": 0.2494
    },
    "z0u1y0_z0u2y0": {
        "00": 0.2551,
        "10": 0.2498
    },
    "z1y0_z0u1y1": {
        "11": 0.24995,
        "01": 0.25005
    },
    "z0u3y0_z0u2y1": {
        "00": 0.1286,
        "10": 0.1243,
        "11": 0.1236,
        "01": 0.1153
    },
    "z1y0_z1y1": {
        "11": 0.25075,
        "01": 0.24925
    },
    "z0u1y1_z0u1y0": {},
    "z0u3y1_z0u3y1": {
        "00": 0.1241,
        "10": 0.1232,
        "11": 0.1263,
        "01": 0.1235
    },
    "z1y1_z1y0": {
        "00": 0.2509,
        "10": 0.2491
    },
    "z0u3y1_z0u1y0": {
        "00": 0.2481,
        "10": 0.2568
    },
    "z1y1_z0u1y1": {
        "11": 0.24995,
        "01": 0.25005
    },
    "z1y0_z1y0": {
        "00": 0.2509,
        "10": 0.2491
    },
    "z0u2y1_z1y1": {
        "11": 0.2505,
        "01": 0.2507
    },
    "z0u1y1_z0u1y1": {
        "11": 0.4965,
        "01": 0.5035
    },
    "z0u2y1_z0u1y1": {
        "11": 0.252,
        "01": 0.2441
    },
    "z0u3y1_z0u2y0": {
        "00": 0.1266,
        "10": 0.1316,
        "11": 0.1226,
        "01": 0.1207
    },
    "z1y1_z1y1": {
        "11": 0.25075,
        "01": 0.24925
    },
    "z0u3y0_z0u1y0": {
        "00": 0.2454,
        "10": 0.2467
    },
    "z0u2y0_z0u3y1": {
        "00": 0.1243,
        "10": 0.1193,
        "11": 0.1208,
        "01": 0.1313
    },
    "z0u3y0_z0u3y1": {
        "00": 0.1221,
        "10": 0.1247,
        "11": 0.1201,
        "01": 0.1222
    },
    "z0u3y0_z1y1": {
        "11": 0.2454,
        "01": 0.2524
    },
    "z1y0_z0u2y0": {
        "00": 0.1229,
        "10": 0.11995,
        "11": 0.1272,
        "01": 0.12495
    },
    "z1y0_z0u2y1": {
        "00": 0.12975,
        "10": 0.1274,
        "11": 0.12415,
        "01": 0.1237
    },
    "z0u1y1_z0u2y0": {
        "11": 0.2435,
        "01": 0.251
    },
    "z0u3y0_z0u1y1": {
        "11": 0.2585,
        "01": 0.2494
    },
    "z0u2y0_z1y0": {
        "00": 0.2626,
        "10": 0.2475
    },
    "z0u3y1_z1y1": {
        "11": 0.2549,
        "01": 0.2545
    },
    "z0u1y0_z0u3y1": {
        "00": 0.2517,
        "10": 0.2503
    },
    "z0u2y1_z0u2y0": {
        "00": 0.1222,
        "10": 0.122,
        "11": 0.1267,
        "01": 0.1197
    },
    "z0u2y1_z0u2y1": {
        "00": 0.1278,
        "10": 0.1317,
        "11": 0.126,
        "01": 0.1239
    },
    "z0u1y0_z0u1y0": {
        "00": 0.5029,
        "10": 0.4971
    },
    "z0u2y0_z0u2y1": {
        "00": 0.1249,
        "10": 0.1311,
        "11": 0.1319,
        "01": 0.128
    },
    "z0u3y1_z1y0": {
        "00": 0.24,
        "10": 0.2506
    },
    "z0u2y1_z1y0": {
        "00": 0.2448,
        "10": 0.254
    },
    "z1y1_z0u3y0": {
        "00": 0.1282,
        "10": 0.1238,
        "11": 0.12685,
        "01": 0.12525
    },
    "z1y0_z0u3y0": {
        "00": 0.1282,
        "10": 0.1238,
        "11": 0.12685,
        "01": 0.12525
    },
    "z1y1_z0u1y0": {
        "00": 0.25225,
        "10": 0.24775
    },
    "z0u3y0_z0u2y0": {
        "00": 0.1263,
        "10": 0.1254,
        "11": 0.1302,
        "01": 0.1263
    },
    "z0u1y0_z1y1": {},
    "z0u1y0_z0u3y0": {
        "00": 0.2521,
        "10": 0.2459
    }
}
