{
    "z0u3y1_z0u1y1": {
        "00": 0.1298,
        "10": 0.1227,
        "11": 0.124,
        "01": 0.1223
    },
    "z0u2y0_z0u2y0": {
        "00": 0.1217,
        "10": 0.1274,
        "11": 0.1241,
        "01": 0.1296
    },
    "z1y1_z0u2y1": {
        "00": 0.1286,
        "10": 0.1276,
        "11": 0.12125,
        "01": 0.1251
    },
    "z0u1y0_z0u1y1": {},
    "z0u3y0_z0u3y0": {
        "00": 0.1238,
        "10": 0.1211,
        "11": 0.1287,
        "01": 0.1207
    },
    "z1y0_z0u1y0": {
        "00": 0.12655,
        "10": 0.12365,
        "11": 0.12295,
        "01": 0.12685
    },
    "z0u3y0_z1y0": {
        "00": 0.1308,
        "10": 0.1201,
        "11": 0.1242,
        "01": 0.1185
    },
    "z0u3y1_z0u3y0": {
        "00": 0.1255,
        "10": 0.1254,
        "11": 0.1257,
        "01": 0.127
    },
    "z0u2y0_z1y1": {
        "00": 0.1227,
        "10": 0.1232,
        "11": 0.1265,
        "01": 0.1291
    },
    "z0u2y1_z0u3y1": {
        "00": 0.253,
        "11": 0.2501
    },
    "z0u3y1_z0u2y1": {
        "10": 0.2456,
        "01": 0.252
    },
    "z0u2y0_z0u3y0": {
        "00": 0.2454,
        "11": 0.2491
    },
    "z0u1y1_z0u3y0": {
        "00": 0.1228,
        "10": 0.1236,
        "11": 0.1291,
        "01": 0.1289
    },
    "z0u1y1_z0u3y1": {
        "00": 0.1279,
        "10": 0.124,
        "11": 0.1194,
        "01": 0.1243
    },
    "z0u2y1_z0u3y0": {
        "10": 0.2442,
        "01": 0.2527
    },
    "z0u1y1_z1y1": {
        "00": 0.2556,
        "10": 0.2452,
        "11": 0.251,
        "01": 0.2482
    },
    "z0u2y1_z0u1y0": {
        "00": 0.1199,
        "10": 0.1324,
        "11": 0.1195,
        "01": 0.1298
    },
    "z1y1_z0u3y1": {
        "00": 0.11805,
        "10": 0.1258,
        "11": 0.12595,
        "01": 0.12475
    },
    "z1y0_z0u3y1": {
        "00": 0.11805,
        "10": 0.1258,
        "11": 0.12595,
        "01": 0.12475
    },
    "z0u1y0_z1y0": {
        "00": 0.2465,
        "10": 0.2526,
        "11": 0.2543,
        "01": 0.2466
    },
    "z0u1y1_z1y0": {},
    "z0u1y1_z0u2y1": {
        "00": 0.1258,
        "10": 0.1184,
        "11": 0.1252,
        "01": 0.1268
    },
    "z0u2y0_z0u1y0": {
        "00": 0.1213,
        "10": 0.1243,
        "11": 0.13,
        "01": 0.1225
    },
    "z0u1y0_z0u2y1": {
        "00": 0.1287,
        "10": 0.1247,
        "11": 0.126,
        "01": 0.1261
    },
    "z1y1_z0u2y0": {
        "00": 0.12335,
        "10": 0.1256,
        "11": 0.12205,
        "01": 0.12645
    },
    "z0u2y0_z0u1y1": {
        "00": 0.1273,
        "10": 0.1281,
        "11": 0.1238,
        "01": 0.1227
    },
    "z0u1y0_z0u2y0": {
        "00": 0.1248,
        "10": 0.1265,
        "11": 0.1187,
        "01": 0.1245
    },
    "z1y0_z0u1y1": {
        "00": 0.1243,
        "10": 0.1258,
        "11": 0.1275,
        "01": 0.1224
    },
    "z0u3y0_z0u2y1": {
        "00": 0.2486,
        "11": 0.2498
    },
    "z1y0_z1y1": {
        "00": 0.1238,
        "10": 0.12135,
        "11": 0.1267,
        "01": 0.12815
    },
    "z0u1y1_z0u1y0": {},
    "z0u3y1_z0u3y1": {
        "00": 0.1276,
        "10": 0.1227,
        "11": 0.1233,
        "01": 0.1228
    },
    "z1y1_z1y0": {
        "00": 0.1208,
        "10": 0.1278,
        "11": 0.12615,
        "01": 0.12525
    },
    "z0u3y1_z0u1y0": {
        "00": 0.1227,
        "10": 0.1307,
        "11": 0.1266,
        "01": 0.1212
    },
    "z1y1_z0u1y1": {
        "00": 0.1243,
        "10": 0.1258,
        "11": 0.1275,
        "01": 0.1224
    },
    "z1y0_z1y0": {
        "00": 0.1208,
        "10": 0.1278,
        "11": 0.12615,
        "01": 0.12525
    },
    "z0u2y1_z1y1": {
        "00": 0.1203,
        "10": 0.1308,
        "11": 0.1277,
        "01": 0.1209
    },
    "z0u1y1_z0u1y1": {
        "00": 0.2522,
        "10": 0.2555,
        "11": 0.2445,
        "01": 0.2478
    },
    "z0u2y1_z0u1y1": {
        "00": 0.1224,
        "10": 0.1227,
        "11": 0.1263,
        "01": 0.127
    },
    "z0u3y1_z0u2y0": {
        "00": 0.2501,
        "11": 0.2523
    },
    "z1y1_z1y1": {
        "00": 0.1238,
        "10": 0.12135,
        "11": 0.1267,
        "01": 0.12815
    },
    "z0u3y0_z0u1y0": {
        "00": 0.1239,
        "10": 0.131,
        "11": 0.1273,
        "01": 0.1208
    },
    "z0u2y0_z0u3y1": {
        "10": 0.2573,
        "01": 0.2482
    },
    "z0u3y0_z0u3y1": {
        "00": 0.128,
        "10": 0.1281,
        "11": 0.1258,
        "01": 0.1238
    },
    "z0u3y0_z1y1": {
        "00": 0.1308,
        "10": 0.1278,
        "11": 0.1234,
        "01": 0.1244
    },
    "z1y0_z0u2y0": {
        "00": 0.12335,
        "10": 0.1256,
        "11": 0.12205,
        "01": 0.12645
    },
    "z1y0_z0u2y1": {
        "00": 0.1286,
        "10": 0.1276,
        "11": 0.12125,
        "01": 0.1251
    },
    "z0u1y1_z0u2y0": {
        "00": 0.1284,
        "10": 0.1263,
        "11": 0.1263,
        "01": 0.1228
    },
    "z0u3y0_z0u1y1": {
        "00": 0.1251,
        "10": 0.1249,
        "11": 0.122,
        "01": 0.125
    },
    "z0u2y0_z1y0": {
        "00": 0.126,
        "10": 0.1207,
        "11": 0.1252,
        "01": 0.1266
    },
    "z0u3y1_z1y1": {
        "00": 0.1192,
        "10": 0.1294,
        "11": 0.1262,
        "01": 0.1205
    },
    "z0u1y0_z0u3y1": {
        "00": 0.119,
        "10": 0.1267,
        "11": 0.1316,
        "01": 0.1293
    },
    "z0u2y1_z0u2y0": {
        "00": 0.1248,
        "10": 0.1287,
        "11": 0.1254,
        "01": 0.1225
    },
    "z0u2y1_z0u2y1": {
        "00": 0.124,
        "10": 0.1299,
        "11": 0.1216,
        "01": 0.1231
    },
    "z0u1y0_z0u1y0": {
        "00": 0.2523,
        "10": 0.2438,
        "11": 0.2491,
        "01": 0.2548
    },
    "z0u2y0_z0u2y1": {
        "00": 0.1232,
        "10": 0.1264,
        "11": 0.1233,
        "01": 0.1243
    },
    "z0u3y1_z1y0": {
        "00": 0.1292,
        "10": 0.1222,
        "11": 0.1291,
        "01": 0.1242
    },
    "z0u2y1_z1y0": {
        "00": 0.128,
        "10": 0.1264,
        "11": 0.1198,
        "01": 0.1261
    },
    "z1y1_z0u3y0": {
        "00": 0.12755,
        "10": 0.126,
        "11": 0.12825,
        "01": 0.12365
    },
    "z1y0_z0u3y0": {
        "00": 0.12755,
        "10": 0.126,
        "11": 0.12825,
        "01": 0.12365
    },
    "z1y1_z0u1y0": {
        "00": 0.12655,
        "10": 0.12365,
        "11": 0.12295,
        "01": 0.12685
    },
    "z0u3y0_z0u2y0": {
        "10": 0.2476,
        "01": 0.254
    },
    "z0u1y0_z1y1": {},
    "z0u1y0_z0u3y0": {
        "00": 0.1287,
        "10": 0.1171,
        "11": 0.1235,
        "01": 0.1241
    }
}
