{
    "z0u3y1_z0u1y1": {
        "11": 0.2496,
        "01": 0.2483
    },
    "z0u2y0_z0u2y0": {
        "00": 0.1268,
        "10": 0.1272,
        "11": 0.1219,
        "01": 0.1237
    },
    "z1y1_z0u2y1": {
        "00": 0.12325,
        "10": 0.1263,
        "11": 0.12065,
        "01": 0.1271
    },
    "z0u1y0_z0u1y1": {},
    "z0u3y0_z0u3y0": {
        "00": 0.1308,
        "10": 0.1238,
        "11": 0.1248,
        "01": 0.1172
    },
    "z1y0_z0u1y0": {
        "00": 0.24885,
        "10": 0.25115
    },
    "z0u3y0_z1y0": {
        "00": 0.2516,
        "10": 0.2527
    },
    "z0u3y1_z0u3y0": {
        "00": 0.1324,
        "10": 0.1238,
        "11": 0.1261,
        "01": 0.1226
    },
    "z0u2y0_z1y1": {
        "11": 0.2512,
        "01": 0.2578
    },
    "z0u2y1_z0u3y1": {
        "00": 0.1257,
        "10": 0.1269,
        "11": 0.1282,
        "01": 0.1233
    },
    "z0u3y1_z0u2y1": {
        "00": 0.125,
        "10": 0.1257,
        "11": 0.1286,
        "01": 0.1262
    },
    "z0u2y0_z0u3y0": {
        "00": 0.1165,
        "10": 0.1242,
        "11": 0.1233,
        "01": 0.125
    },
    "z0u1y1_z0u3y0": {
        "11": 0.255,
        "01": 0.246
    },
    "z0u1y1_z0u3y1": {
        "11": 0.2513,
        "01": 0.2477
    },
    "z0u2y1_z0u3y0": {
        "00": 0.1258,
        "10": 0.1241,
        "11": 0.1253,
        "01": 0.1207
    },
    "z0u1y1_z1y1": {
        "11": 0.494,
        "01": 0.506
    },
    "z0u2y1_z0u1y0": {
        "00": 0.2488,
        "10": 0.2535
    },
    "z1y1_z0u3y1": {
        "00": 0.12335,
        "10": 0.1228,
        "11": 0.127,
        "01": 0.12375
    },
    "z1y0_z0u3y1": {
        "00": 0.12335,
        "10": 0.1228,
        "11": 0.127,
        "01": 0.12375
    },
    "z0u1y0_z1y0": {
        "00": 0.4971,
        "10": 0.5029
    },
    "z0u1y1_z1y0": {},
    "z0u1y1_z0u2y1": {
        "11": 0.2456,
        "01": 0.2489
    },
    "z0u2y0_z0u1y0": {
        "00": 0.2507,
        "10": 0.2501
    },
    "z0u1y0_z0u2y1": {
        "00": 0.2451,
        "10": 0.2466
    },
    "z1y1_z0u2y0": {
        "00": 0.1248,
        "10": 0.12565,
        "11": 0.12775,
        "01": 0.1245
    },
    "z0u2y0_z0u1y1": {
        "11": 0.2523,
        "01": 0.2469
    },
    "z0u1y0_z0u2y0": {
        "00": 0.2604,
        "10": 0.2479
    },
    "z1y0_z0u1y1": {
        "11": 0.2513,
        "01": 0.2487
    },
    "z0u3y0_z0u2y1": {
        "00": 0.1294,
        "10": 0.1266,
        "11": 0.1299,
        "01": 0.1182
    },
    "z1y0_z1y1": {
        "11": 0.2484,
        "01": 0.2516
    },
    "z0u1y1_z0u1y0": {},
    "z0u3y1_z0u3y1": {
        "00": 0.127,
        "10": 0.1192,
        "11": 0.1273,
        "01": 0.1216
    },
    "z1y1_z1y0": {
        "00": 0.25195,
        "10": 0.24805
    },
    "z0u3y1_z0u1y0": {
        "00": 0.2496,
        "10": 0.2525
    },
    "z1y1_z0u1y1": {
        "11": 0.2513,
        "01": 0.2487
    },
    "z1y0_z1y0": {
        "00": 0.25195,
        "10": 0.24805
    },
    "z0u2y1_z1y1": {
        "11": 0.247,
        "01": 0.2511
    },
    "z0u1y1_z0u1y1": {
        "11": 0.4931,
        "01": 0.5069
    },
    "z0u2y1_z0u1y1": {
        "11": 0.2498,
        "01": 0.2479
    },
    "z0u3y1_z0u2y0": {
        "00": 0.1234,
        "10": 0.1212,
        "11": 0.1248,
        "01": 0.1251
    },
    "z1y1_z1y1": {
        "11": 0.2484,
        "01": 0.2516
    },
    "z0u3y0_z0u1y0": {
        "00": 0.2536,
        "10": 0.2486
    },
    "z0u2y0_z0u3y1": {
        "00": 0.1295,
        "10": 0.1236,
        "11": 0.128,
        "01": 0.1299
    },
    "z0u3y0_z0u3y1": {
        "00": 0.1266,
        "10": 0.1276,
        "11": 0.1223,
        "01": 0.1269
    },
    "z0u3y0_z1y1": {
        "11": 0.252,
        "01": 0.2437
    },
    "z1y0_z0u2y0": {
        "00": 0.1248,
        "10": 0.12565,
        "11": 0.12775,
        "01": 0.1245
    },
    "z1y0_z0u2y1": {
        "00": 0.12325,
        "10": 0.1263,
        "11": 0.12065,
        "01": 0.1271
    },
    "z0u1y1_z0u2y0": {
        "11": 0.2557,
        "01": 0.2498
    },
    "z0u3y0_z0u1y1": {
        "11": 0.2463,
        "01": 0.2515
    },
    "z0u2y0_z1y0": {
        "00": 0.2474,
        "10": 0.2436
    },
    "z0u3y1_z1y1": {
        "11": 0.2558,
        "01": 0.2505
    },
    "z0u1y0_z0u3y1": {
        "00": 0.2482,
        "10": 0.2533
    },
    "z0u2y1_z0u2y0": {
        "00": 0.1262,
        "10": 0.1246,
        "11": 0.1239,
        "01": 0.1292
    },
    "z0u2y1_z0u2y1": {
        "00": 0.1237,
        "10": 0.1295,
        "11": 0.1241,
        "01": 0.1188
    },
    "z0u1y0_z0u1y0": {
        "00": 0.4956,
        "10": 0.5044
    },
    "z0u2y0_z0u2y1": {
        "00": 0.1266,
        "10": 0.1265,
        "11": 0.1236,
        "01": 0.1237
    },
    "z0u3y1_z1y0": {
        "00": 0.2432,
        "10": 0.2505
    },
    "z0u2y1_z1y0": {
        "00": 0.2552,
        "10": 0.2467
    },
    "z1y1_z0u3y0": {
        "00": 0.12545,
        "10": 0.1284,
        "11": 0.12385,
        "01": 0.1254
    },
    "z1y0_z0u3y0": {
        "00": 0.12545,
        "10": 0.1284,
        "11": 0.12385,
        "01": 0.1254
    },
    "z1y1_z0u1y0": {
        "00": 0.24885,
        "10": 0.25115
    },
    "z0u3y0_z0u2y0": {
        "00": 0.1228,
        "10": 0.1252,
        "11": 0.1238,
        "01": 0.1241
    },
    "z0u1y0_z1y1": {},
    "z0u1y0_z0u3y0": {
        "00": 0.2552,
        "10": 0.2433
    }
}
