{
    "z0u3y1_z0u1y1": {
        "00": 0.1178,
        "10": 0.1238,
        "11": 0.1238,
        "01": 0.1286
    },
    "z0u2y0_z0u2y0": {
        "00": 0.124,
        "10": 0.1258,
        "11": 0.1229,
        "01": 0.1244
    },
    "z1y1_z0u2y1": {
        "00": 0.1255,
        "10": 0.12635,
        "11": 0.1234,
        "01": 0.12565
    },
    "z0u1y0_z0u1y1": {},
    "z0u3y0_z0u3y0": {
        "00": 0.1267,
        "10": 0.1246,
        "11": 0.1203,
        "01": 0.1256
    },
    "z1y0_z0u1y0": {
        "00": 0.12265,
        "10": 0.12995,
        "11": 0.1237,
        "01": 0.1237
    },
    "z0u3y0_z1y0": {
        "00": 0.126,
        "10": 0.125,
        "11": 0.1233,
        "01": 0.1248
    },
    "z0u3y1_z0u3y0": {
        "00": 0.1321,
        "10": 0.1198,
        "11": 0.1292,
        "01": 0.1261
    },
    "z0u2y0_z1y1": {
        "00": 0.123,
        "10": 0.1231,
        "11": 0.1267,
        "01": 0.1272
    },
    "z0u2y1_z0u3y1": {
        "00": 0.255,
        "11": 0.253
    },
    "z0u3y1_z0u2y1": {
        "10": 0.248,
        "01": 0.2504
    },
    "z0u2y0_z0u3y0": {
        "00": 0.2457,
        "11": 0.2509
    },
    "z0u1y1_z0u3y0": {
        "00": 0.1266,
        "10": 0.1289,
        "11": 0.1319,
        "01": 0.1271
    },
    "z0u1y1_z0u3y1": {
        "00": 0.1198,
        "10": 0.1187,
        "11": 0.1255,
        "01": 0.1215
    },
    "z0u2y1_z0u3y0": {
        "10": 0.2503,
        "01": 0.2417
    },
    "z0u1y1_z1y1": {
        "00": 0.245,
        "10": 0.2484,
        "11": 0.2568,
        "01": 0.2498
    },
    "z0u2y1_z0u1y0": {
        "00": 0.1292,
        "10": 0.1266,
        "11": 0.1227,
        "01": 0.1246
    },
    "z1y1_z0u3y1": {
        "00": 0.1241,
        "10": 0.1247,
        "11": 0.124,
        "01": 0.12535
    },
    "z1y0_z0u3y1": {
        "00": 0.1241,
        "10": 0.1247,
        "11": 0.124,
        "01": 0.12535
    },
    "z0u1y0_z1y0": {
        "00": 0.2433,
        "10": 0.2549,
        "11": 0.2492,
        "01": 0.2526
    },
    "z0u1y1_z1y0": {},
    "z0u1y1_z0u2y1": {
        "00": 0.126,
        "10": 0.121,
        "11": 0.1315,
        "01": 0.1292
    },
    "z0u2y0_z0u1y0": {
        "00": 0.1258,
        "10": 0.1269,
        "11": 0.1259,
        "01": 0.1232
    },
    "z0u1y0_z0u2y1": {
        "00": 0.1215,
        "10": 0.123,
        "11": 0.1216,
        "01": 0.1278
    },
    "z1y1_z0u2y0": {
        "00": 0.12605,
        "10": 0.12685,
        "11": 0.1234,
        "01": 0.1228
    },
    "z0u2y0_z0u1y1": {
        "00": 0.1244,
        "10": 0.1213,
        "11": 0.1278,
        "01": 0.1247
    },
    "z0u1y0_z0u2y0": {
        "00": 0.125,
        "10": 0.1322,
        "11": 0.1208,
        "01": 0.1281
    },
    "z1y0_z0u1y1": {
        "00": 0.1251,
        "10": 0.1251,
        "11": 0.1223,
        "01": 0.1275
    },
    "z0u3y0_z0u2y1": {
        "00": 0.247,
        "11": 0.2476
    },
    "z1y0_z1y1": {
        "00": 0.1257,
        "10": 0.12625,
        "11": 0.1212,
        "01": 0.12685
    },
    "z0u1y1_z0u1y0": {},
    "z0u3y1_z0u3y1": {
        "00": 0.1227,
        "10": 0.1238,
        "11": 0.125,
        "01": 0.1213
    },
    "z1y1_z1y0": {
        "00": 0.12645,
        "10": 0.1246,
        "11": 0.1252,
        "01": 0.12375
    },
    "z0u3y1_z0u1y0": {
        "00": 0.1303,
        "10": 0.1244,
        "11": 0.1292,
        "01": 0.1221
    },
    "z1y1_z0u1y1": {
        "00": 0.1251,
        "10": 0.1251,
        "11": 0.1223,
        "01": 0.1275
    },
    "z1y0_z1y0": {
        "00": 0.12645,
        "10": 0.1246,
        "11": 0.1252,
        "01": 0.12375
    },
    "z0u2y1_z1y1": {
        "00": 0.1324,
        "10": 0.1327,
        "11": 0.1243,
        "01": 0.128
    },
    "z0u1y1_z0u1y1": {
        "00": 0.2468,
        "10": 0.2521,
        "11": 0.2512,
        "01": 0.2499
    },
    "z0u2y1_z0u1y1": {
        "00": 0.125,
        "10": 0.1208,
        "11": 0.1261,
        "01": 0.125
    },
    "z0u3y1_z0u2y0": {
        "00": 0.2469,
        "11": 0.2547
    },
    "z1y1_z1y1": {
        "00": 0.1257,
        "10": 0.12625,
        "11": 0.1212,
        "01": 0.12685
    },
    "z0u3y0_z0u1y0": {
        "00": 0.1259,
        "10": 0.1273,
        "11": 0.1202,
        "01": 0.1278
    },
    "z0u2y0_z0u3y1": {
        "10": 0.2541,
        "01": 0.2493
    },
    "z0u3y0_z0u3y1": {
        "00": 0.128,
        "10": 0.1282,
        "11": 0.1225,
        "01": 0.1241
    },
    "z0u3y0_z1y1": {
        "00": 0.1266,
        "10": 0.1232,
        "11": 0.1286,
        "01": 0.1225
    },
    "z1y0_z0u2y0": {
        "00": 0.12605,
        "10": 0.12685,
        "11": 0.1234,
        "01": 0.1228
    },
    "z1y0_z0u2y1": {
        "00": 0.1255,
        "10": 0.12635,
        "11": 0.1234,
        "01": 0.12565
    },
    "z0u1y1_z0u2y0": {
        "00": 0.1217,
        "10": 0.117,
        "11": 0.1233,
        "01": 0.1303
    },
    "z0u3y0_z0u1y1": {
        "00": 0.1228,
        "10": 0.1236,
        "11": 0.1238,
        "01": 0.1286
    },
    "z0u2y0_z1y0": {
        "00": 0.1256,
        "10": 0.1206,
        "11": 0.13,
        "01": 0.1238
    },
    "z0u3y1_z1y1": {
        "00": 0.1266,
        "10": 0.1179,
        "11": 0.125,
        "01": 0.1248
    },
    "z0u1y0_z0u3y1": {
        "00": 0.1261,
        "10": 0.1283,
        "11": 0.126,
        "01": 0.1255
    },
    "z0u2y1_z0u2y0": {
        "00": 0.124,
        "10": 0.1266,
        "11": 0.1189,
        "01": 0.1285
    },
    "z0u2y1_z0u2y1": {
        "00": 0.1197,
        "10": 0.1266,
        "11": 0.1334,
        "01": 0.1223
    },
    "z0u1y0_z0u1y0": {
        "00": 0.248,
        "10": 0.2562,
        "11": 0.245,
        "01": 0.2508
    },
    "z0u2y0_z0u2y1": {
        "00": 0.1208,
        "10": 0.1292,
        "11": 0.1272,
        "01": 0.1257
    },
    "z0u3y1_z1y0": {
        "00": 0.1274,
        "10": 0.1276,
        "11": 0.1249,
        "01": 0.1258
    },
    "z0u2y1_z1y0": {
        "00": 0.1183,
        "10": 0.121,
        "11": 0.1232,
        "01": 0.1201
    },
    "z1y1_z0u3y0": {
        "00": 0.1261,
        "10": 0.12475,
        "11": 0.12785,
        "01": 0.12315
    },
    "z1y0_z0u3y0": {
        "00": 0.1261,
        "10": 0.12475,
        "11": 0.12785,
        "01": 0.12315
    },
    "z1y1_z0u1y0": {
        "00": 0.12265,
        "10": 0.12995,
        "11": 0.1237,
        "01": 0.1237
    },
    "z0u3y0_z0u2y0": {
        "10": 0.2568,
        "01": 0.2486
    },
    "z0u1y0_z1y1": {},
    "z0u1y0_z0u3y0": {
        "00": 0.1201,
        "10": 0.1218,
        "11": 0.125,
        "01": 0.1272
    }
}
