{
    "z0u3y1_z0u1y1": {
        "10": 0.2544,
        "11": 0.25
    },
    "z0u2y0_z0u2y0": {
        "00": 0.1209,
        "10": 0.1253,
        "11": 0.1236,
        "01": 0.1279
    },
    "z1y1_z0u2y1": {
        "00": 0.12435,
        "10": 0.12465,
        "11": 0.1258,
        "01": 0.1239
    },
    "z0u1y0_z0u1y1": {},
    "z0u3y0_z0u3y0": {
        "00": 0.1239,
        "10": 0.1278,
        "11": 0.124,
        "01": 0.129
    },
    "z1y0_z0u1y0": {
        "00": 0.2532,
        "01": 0.2468
    },
    "z0u3y0_z1y0": {
        "00": 0.2531,
        "01": 0.245
    },
    "z0u3y1_z0u3y0": {
        "00": 0.1228,
        "10": 0.1222,
        "11": 0.1241,
        "01": 0.1252
    },
    "z0u2y0_z1y1": {
        "10": 0.248,
        "11": 0.2554
    },
    "z0u2y1_z0u3y1": {
        "00": 0.1233,
        "10": 0.1289,
        "11": 0.1231,
        "01": 0.1235
    },
    "z0u3y1_z0u2y1": {
        "00": 0.126,
        "10": 0.1226,
        "11": 0.1251,
        "01": 0.1217
    },
    "z0u2y0_z0u3y0": {
        "00": 0.1256,
        "10": 0.1245,
        "11": 0.1268,
        "01": 0.1197
    },
    "z0u1y1_z0u3y0": {
        "10": 0.2575,
        "11": 0.2467
    },
    "z0u1y1_z0u3y1": {
        "10": 0.2512,
        "11": 0.2446
    },
    "z0u2y1_z0u3y0": {
        "00": 0.1235,
        "10": 0.1219,
        "11": 0.1312,
        "01": 0.1246
    },
    "z0u1y1_z1y1": {
        "10": 0.4988,
        "11": 0.5012
    },
    "z0u2y1_z0u1y0": {
        "00": 0.2494,
        "01": 0.2545
    },
    "z1y1_z0u3y1": {
        "00": 0.12655,
        "10": 0.12465,
        "11": 0.12205,
        "01": 0.1241
    },
    "z1y0_z0u3y1": {
        "00": 0.12655,
        "10": 0.12465,
        "11": 0.12205,
        "01": 0.1241
    },
    "z0u1y0_z1y0": {
        "00": 0.5021,
        "01": 0.4979
    },
    "z0u1y1_z1y0": {},
    "z0u1y1_z0u2y1": {
        "10": 0.2552,
        "11": 0.2536
    },
    "z0u2y0_z0u1y0": {
        "00": 0.2455,
        "01": 0.2493
    },
    "z0u1y0_z0u2y1": {
        "00": 0.2564,
        "01": 0.244
    },
    "z1y1_z0u2y0": {
        "00": 0.1296,
        "10": 0.12425,
        "11": 0.1253,
        "01": 0.12215
    },
    "z0u2y0_z0u1y1": {
        "10": 0.2528,
        "11": 0.2524
    },
    "z0u1y0_z0u2y0": {
        "00": 0.2495,
        "01": 0.2501
    },
    "z1y0_z0u1y1": {
        "10": 0.2524,
        "11": 0.2476
    },
    "z0u3y0_z0u2y1": {
        "00": 0.1255,
        "10": 0.1262,
        "11": 0.1243,
        "01": 0.1256
    },
    "z1y0_z1y1": {
        "10": 0.25135,
        "11": 0.24865
    },
    "z0u1y1_z0u1y0": {},
    "z0u3y1_z0u3y1": {
        "00": 0.1254,
        "10": 0.1223,
        "11": 0.1293,
        "01": 0.1287
    },
    "z1y1_z1y0": {
        "00": 0.2482,
        "01": 0.2518
    },
    "z0u3y1_z0u1y0": {
        "00": 0.2449,
        "01": 0.2507
    },
    "z1y1_z0u1y1": {
        "10": 0.2524,
        "11": 0.2476
    },
    "z1y0_z1y0": {
        "00": 0.2482,
        "01": 0.2518
    },
    "z0u2y1_z1y1": {
        "10": 0.2544,
        "11": 0.249
    },
    "z0u1y1_z0u1y1": {
        "10": 0.4983,
        "11": 0.5017
    },
    "z0u2y1_z0u1y1": {
        "10": 0.2443,
        "11": 0.2518
    },
    "z0u3y1_z0u2y0": {
        "00": 0.126,
        "10": 0.1274,
        "11": 0.1244,
        "01": 0.1268
    },
    "z1y1_z1y1": {
        "10": 0.25135,
        "11": 0.24865
    },
    "z0u3y0_z0u1y0": {
        "00": 0.253,
        "01": 0.2426
    },
    "z0u2y0_z0u3y1": {
        "00": 0.1288,
        "10": 0.1272,
        "11": 0.1234,
        "01": 0.124
    },
    "z0u3y0_z0u3y1": {
        "00": 0.1258,
        "10": 0.1208,
        "11": 0.1259,
        "01": 0.1228
    },
    "z0u3y0_z1y1": {
        "10": 0.2507,
        "11": 0.2512
    },
    "z1y0_z0u2y0": {
        "00": 0.1296,
        "10": 0.12425,
        "11": 0.1253,
        "01": 0.12215
    },
    "z1y0_z0u2y1": {
        "00": 0.12435,
        "10": 0.12465,
        "11": 0.1258,
        "01": 0.1239
    },
    "z0u1y1_z0u2y0": {
        "10": 0.246,
        "11": 0.2452
    },
    "z0u3y0_z0u1y1": {
        "10": 0.247,
        "11": 0.2574
    },
    "z0u2y0_z1y0": {
        "00": 0.2477,
        "01": 0.2489
    },
    "z0u3y1_z1y1": {
        "10": 0.2492,
        "11": 0.2469
    },
    "z0u1y0_z0u3y1": {
        "00": 0.252,
        "01": 0.2503
    },
    "z0u2y1_z0u2y0": {
        "00": 0.1254,
        "10": 0.1218,
        "11": 0.1236,
        "01": 0.127
    },
    "z0u2y1_z0u2y1": {
        "00": 0.1261,
        "10": 0.1222,
        "11": 0.1311,
        "01": 0.1228
    },
    "z0u1y0_z0u1y0": {
        "00": 0.5033,
        "01": 0.4967
    },
    "z0u2y0_z0u2y1": {
        "00": 0.1234,
        "10": 0.1246,
        "11": 0.1276,
        "01": 0.1267
    },
    "z0u3y1_z1y0": {
        "00": 0.2539,
        "01": 0.25
    },
    "z0u2y1_z1y0": {
        "00": 0.2447,
        "01": 0.2519
    },
    "z1y1_z0u3y0": {
        "00": 0.12515,
        "10": 0.12605,
        "11": 0.12725,
        "01": 0.1242
    },
    "z1y0_z0u3y0": {
        "00": 0.12515,
        "10": 0.12605,
        "11": 0.12725,
        "01": 0.1242
    },
    "z1y1_z0u1y0": {
        "00": 0.2532,
        "01": 0.2468
    },
    "z0u3y0_z0u2y0": {
        "00": 0.1244,
        "10": 0.1266,
        "11": 0.1191,
        "01": 0.1283
    },
    "z0u1y0_z1y1": {},
    "z0u1y0_z0u3y0": {
        "00": 0.2474,
        "01": 0.2503
    }
}
