{
    "z0u3y1_z0u1y1": {
        "11": 0.2502,
        "01": 0.2565
    },
    "z0u2y0_z0u2y0": {
        "00": 0.1252,
        "10": 0.1265,
        "11": 0.1277,
        "01": 0.1244
    },
    "z1y1_z0u2y1": {
        "00": 0.1242,
        "10": 0.12385,
        "11": 0.12665,
        "01": 0.1242
    },
    "z0u1y0_z0u1y1": {},
    "z0u3y0_z0u3y0": {
        "00": 0.1219,
        "10": 0.1293,
        "11": 0.1238,
        "01": 0.1211
    },
    "z1y0_z0u1y0": {
        "00": 0.2518,
        "10": 0.2482
    },
    "z0u3y0_z1y0": {
        "00": 0.2512,
        "10": 0.2516
    },
    "z0u3y1_z0u3y0": {
        "00": 0.1272,
        "10": 0.1221,
        "11": 0.1211,
        "01": 0.129
    },
    "z0u2y0_z1y1": {
        "11": 0.2508,
        "01": 0.2528
    },
    "z0u2y1_z0u3y1": {
        "00": 0.1335,
        "10": 0.1268,
        "11": 0.1185,
        "01": 0.1317
    },
    "z0u3y1_z0u2y1": {
        "00": 0.1307,
        "10": 0.124,
        "11": 0.1238,
        "01": 0.1231
    },
    "z0u2y0_z0u3y0": {
        "00": 0.1233,
        "10": 0.1261,
        "11": 0.1253,
        "01": 0.1148
    },
    "z0u1y1_z0u3y0": {
        "11": 0.2479,
        "01": 0.2527
    },
    "z0u1y1_z0u3y1": {
        "11": 0.2499,
        "01": 0.2495
    },
    "z0u2y1_z0u3y0": {
        "00": 0.1248,
        "10": 0.1275,
        "11": 0.1205,
        "01": 0.1167
    },
    "z0u1y1_z1y1": {
        "11": 0.4945,
        "01": 0.5055
    },
    "z0u2y1_z0u1y0": {
        "00": 0.2485,
        "10": 0.2572
    },
    "z1y1_z0u3y1": {
        "00": 0.1257,
        "10": 0.1226,
        "11": 0.12625,
        "01": 0.1226
    },
    "z1y0_z0u3y1": {
        "00": 0.1257,
        "10": 0.1226,
        "11": 0.12625,
        "01": 0.1226
    },
    "z0u1y0_z1y0": {
        "00": 0.5026,
        "10": 0.4974
    },
    "z0u1y1_z1y0": {},
    "z0u1y1_z0u2y1": {
        "11": 0.2442,
        "01": 0.2501
    },
    "z0u2y0_z0u1y0": {
        "00": 0.2575,
        "10": 0.2472
    },
    "z0u1y0_z0u2y1": {
        "00": 0.2523,
        "10": 0.2484
    },
    "z1y1_z0u2y0": {
        "00": 0.127,
        "10": 0.12495,
        "11": 0.12155,
        "01": 0.1276
    },
    "z0u2y0_z0u1y1": {
        "11": 0.2463,
        "01": 0.249
    },
    "z0u1y0_z0u2y0": {
        "00": 0.2486,
        "10": 0.2507
    },
    "z1y0_z0u1y1": {
        "11": 0.2511,
        "01": 0.2489
    },
    "z0u3y0_z0u2y1": {
        "00": 0.1253,
        "10": 0.1303,
        "11": 0.1235,
        "01": 0.1231
    },
    "z1y0_z1y1": {
        "11": 0.2513,
        "01": 0.2487
    },
    "z0u1y1_z0u1y0": {},
    "z0u3y1_z0u3y1": {
        "00": 0.1231,
        "10": 0.1299,
        "11": 0.1217,
        "01": 0.1259
    },
    "z1y1_z1y0": {
        "00": 0.25175,
        "10": 0.24825
    },
    "z0u3y1_z0u1y0": {
        "00": 0.2477,
        "10": 0.2456
    },
    "z1y1_z0u1y1": {
        "11": 0.2511,
        "01": 0.2489
    },
    "z1y0_z1y0": {
        "00": 0.25175,
        "10": 0.24825
    },
    "z0u2y1_z1y1": {
        "11": 0.2529,
        "01": 0.2553
    },
    "z0u1y1_z0u1y1": {
        "11": 0.4976,
        "01": 0.5024
    },
    "z0u2y1_z0u1y1": {
        "11": 0.2482,
        "01": 0.2461
    },
    "z0u3y1_z0u2y0": {
        "00": 0.1185,
        "10": 0.1286,
        "11": 0.1282,
        "01": 0.1231
    },
    "z1y1_z1y1": {
        "11": 0.2513,
        "01": 0.2487
    },
    "z0u3y0_z0u1y0": {
        "00": 0.2531,
        "10": 0.2462
    },
    "z0u2y0_z0u3y1": {
        "00": 0.1299,
        "10": 0.1282,
        "11": 0.1212,
        "01": 0.1312
    },
    "z0u3y0_z0u3y1": {
        "00": 0.1256,
        "10": 0.1242,
        "11": 0.1224,
        "01": 0.1317
    },
    "z0u3y0_z1y1": {
        "11": 0.2472,
        "01": 0.25
    },
    "z1y0_z0u2y0": {
        "00": 0.127,
        "10": 0.12495,
        "11": 0.12155,
        "01": 0.1276
    },
    "z1y0_z0u2y1": {
        "00": 0.1242,
        "10": 0.12385,
        "11": 0.12665,
        "01": 0.1242
    },
    "z0u1y1_z0u2y0": {
        "11": 0.2527,
        "01": 0.253
    },
    "z0u3y0_z0u1y1": {
        "11": 0.248,
        "01": 0.2527
    },
    "z0u2y0_z1y0": {
        "00": 0.2518,
        "10": 0.2446
    },
    "z0u3y1_z1y1": {
        "11": 0.2476,
        "01": 0.2435
    },
    "z0u1y0_z0u3y1": {
        "00": 0.2442,
        "10": 0.2542
    },
    "z0u2y1_z0u2y0": {
        "00": 0.1258,
        "10": 0.128,
        "11": 0.1262,
        "01": 0.1235
    },
    "z0u2y1_z0u2y1": {
        "00": 0.1258,
        "10": 0.1252,
        "11": 0.1256,
        "01": 0.1199
    },
    "z0u1y0_z0u1y0": {
        "00": 0.4972,
        "10": 0.5028
    },
    "z0u2y0_z0u2y1": {
        "00": 0.1283,
        "10": 0.122,
        "11": 0.124,
        "01": 0.1219
    },
    "z0u3y1_z1y0": {
        "00": 0.2609,
        "10": 0.248
    },
    "z0u2y1_z1y0": {
        "00": 0.2464,
        "10": 0.2454
    },
    "z1y1_z0u3y0": {
        "00": 0.1252,
        "10": 0.1265,
        "11": 0.12485,
        "01": 0.1263
    },
    "z1y0_z0u3y0": {
        "00": 0.1252,
        "10": 0.1265,
        "11": 0.12485,
        "01": 0.1263
    },
    "z1y1_z0u1y0": {
        "00": 0.2518,
        "10": 0.2482
    },
    "z0u3y0_z0u2y0": {
        "00": 0.126,
        "10": 0.1251,
        "11": 0.1246,
        "01": 0.1221
    },
    "z0u1y0_z1y1": {},
    "z0u1y0_z0u3y0": {
        "00": 0.2527,
        "10": 0.2489
    }
}
