{
    "z0u3y1_z0u1y1": {
        "00": 0.1225,
        "10": 0.1228,
        "11": 0.1292,
        "01": 0.1264
    },
    "z0u2y0_z0u2y0": {
        "00": 0.2537,
        "11": 0.2458
    },
    "z1y1_z0u2y1": {
        "00": 0.12475,
        "10": 0.1239,
        "11": 0.1249,
        "01": 0.1225
    },
    "z0u1y0_z0u1y1": {},
    "z0u3y0_z0u3y0": {
        "00": 0.2512,
        "11": 0.249
    },
    "z1y0_z0u1y0": {
        "00": 0.1272,
        "10": 0.1222,
        "11": 0.1248,
        "01": 0.1258
    },
    "z0u3y0_z1y0": {
        "00": 0.1267,
        "10": 0.1256,
        "11": 0.1218,
        "01": 0.1198
    },
    "z0u3y1_z0u3y0": {
        "10": 0.2529,
        "01": 0.2491
    },
    "z0u2y0_z1y1": {
        "00": 0.1272,
        "10": 0.1238,
        "11": 0.125,
        "01": 0.131
    },
    "z0u2y1_z0u3y1": {
        "00": 0.1196,
        "10": 0.127,
        "11": 0.1241,
        "01": 0.1346
    },
    "z0u3y1_z0u2y1": {
        "00": 0.1217,
        "10": 0.1225,
        "11": 0.1279,
        "01": 0.1293
    },
    "z0u2y0_z0u3y0": {
        "00": 0.1267,
        "10": 0.1244,
        "11": 0.1256,
        "01": 0.1235
    },
    "z0u1y1_z0u3y0": {
        "00": 0.1233,
        "10": 0.1273,
        "11": 0.1251,
        "01": 0.1234
    },
    "z0u1y1_z0u3y1": {
        "00": 0.1295,
        "10": 0.1225,
        "11": 0.1227,
        "01": 0.1262
    },
    "z0u2y1_z0u3y0": {
        "00": 0.1286,
        "10": 0.1204,
        "11": 0.1245,
        "01": 0.1212
    },
    "z0u1y1_z1y1": {
        "00": 0.2473,
        "10": 0.244,
        "11": 0.2529,
        "01": 0.2558
    },
    "z0u2y1_z0u1y0": {
        "00": 0.1229,
        "10": 0.1272,
        "11": 0.1235,
        "01": 0.1301
    },
    "z1y1_z0u3y1": {
        "00": 0.1258,
        "10": 0.12405,
        "11": 0.1247,
        "01": 0.12595
    },
    "z1y0_z0u3y1": {
        "00": 0.1258,
        "10": 0.12405,
        "11": 0.1247,
        "01": 0.12595
    },
    "z0u1y0_z1y0": {
        "00": 0.2584,
        "10": 0.242,
        "11": 0.2526,
        "01": 0.247
    },
    "z0u1y1_z1y0": {},
    "z0u1y1_z0u2y1": {
        "00": 0.1209,
        "10": 0.1245,
        "11": 0.1215,
        "01": 0.1207
    },
    "z0u2y0_z0u1y0": {
        "00": 0.1268,
        "10": 0.1234,
        "11": 0.1236,
        "01": 0.1235
    },
    "z0u1y0_z0u2y1": {
        "00": 0.1203,
        "10": 0.1168,
        "11": 0.1322,
        "01": 0.1317
    },
    "z1y1_z0u2y0": {
        "00": 0.13075,
        "10": 0.12175,
        "11": 0.1275,
        "01": 0.12395
    },
    "z0u2y0_z0u1y1": {
        "00": 0.1217,
        "10": 0.1241,
        "11": 0.1251,
        "01": 0.1318
    },
    "z0u1y0_z0u2y0": {
        "00": 0.1252,
        "10": 0.1295,
        "11": 0.1239,
        "01": 0.1204
    },
    "z1y0_z0u1y1": {
        "00": 0.1223,
        "10": 0.1282,
        "11": 0.12525,
        "01": 0.12425
    },
    "z0u3y0_z0u2y1": {
        "00": 0.1238,
        "10": 0.1217,
        "11": 0.1287,
        "01": 0.1247
    },
    "z1y0_z1y1": {
        "00": 0.12435,
        "10": 0.12395,
        "11": 0.1257,
        "01": 0.126
    },
    "z0u1y1_z0u1y0": {},
    "z0u3y1_z0u3y1": {
        "00": 0.2516,
        "11": 0.2464
    },
    "z1y1_z1y0": {
        "00": 0.1251,
        "10": 0.12205,
        "11": 0.12785,
        "01": 0.125
    },
    "z0u3y1_z0u1y0": {
        "00": 0.1197,
        "10": 0.1263,
        "11": 0.1263,
        "01": 0.1268
    },
    "z1y1_z0u1y1": {
        "00": 0.1223,
        "10": 0.1282,
        "11": 0.12525,
        "01": 0.12425
    },
    "z1y0_z1y0": {
        "00": 0.1251,
        "10": 0.12205,
        "11": 0.12785,
        "01": 0.125
    },
    "z0u2y1_z1y1": {
        "00": 0.1262,
        "10": 0.1222,
        "11": 0.1273,
        "01": 0.1245
    },
    "z0u1y1_z0u1y1": {
        "00": 0.255,
        "10": 0.245,
        "11": 0.2499,
        "01": 0.2501
    },
    "z0u2y1_z0u1y1": {
        "00": 0.1267,
        "10": 0.1245,
        "11": 0.1209,
        "01": 0.1242
    },
    "z0u3y1_z0u2y0": {
        "00": 0.1314,
        "10": 0.1191,
        "11": 0.1237,
        "01": 0.1244
    },
    "z1y1_z1y1": {
        "00": 0.12435,
        "10": 0.12395,
        "11": 0.1257,
        "01": 0.126
    },
    "z0u3y0_z0u1y0": {
        "00": 0.1276,
        "10": 0.1294,
        "11": 0.1293,
        "01": 0.1221
    },
    "z0u2y0_z0u3y1": {
        "00": 0.1231,
        "10": 0.1231,
        "11": 0.1297,
        "01": 0.1239
    },
    "z0u3y0_z0u3y1": {
        "10": 0.2472,
        "01": 0.2526
    },
    "z0u3y0_z1y1": {
        "00": 0.1253,
        "10": 0.1278,
        "11": 0.1291,
        "01": 0.1239
    },
    "z1y0_z0u2y0": {
        "00": 0.13075,
        "10": 0.12175,
        "11": 0.1275,
        "01": 0.12395
    },
    "z1y0_z0u2y1": {
        "00": 0.12475,
        "10": 0.1239,
        "11": 0.1249,
        "01": 0.1225
    },
    "z0u1y1_z0u2y0": {
        "00": 0.1286,
        "10": 0.1293,
        "11": 0.1292,
        "01": 0.1253
    },
    "z0u3y0_z0u1y1": {
        "00": 0.1201,
        "10": 0.1259,
        "11": 0.1196,
        "01": 0.126
    },
    "z0u2y0_z1y0": {
        "00": 0.1244,
        "10": 0.1253,
        "11": 0.1239,
        "01": 0.1194
    },
    "z0u3y1_z1y1": {
        "00": 0.1222,
        "10": 0.1279,
        "11": 0.1239,
        "01": 0.1211
    },
    "z0u1y0_z0u3y1": {
        "00": 0.1262,
        "10": 0.1282,
        "11": 0.121,
        "01": 0.1253
    },
    "z0u2y1_z0u2y0": {
        "10": 0.2495,
        "01": 0.253
    },
    "z0u2y1_z0u2y1": {
        "00": 0.2463,
        "11": 0.2512
    },
    "z0u1y0_z0u1y0": {
        "00": 0.2492,
        "10": 0.2475,
        "11": 0.2469,
        "01": 0.2564
    },
    "z0u2y0_z0u2y1": {
        "10": 0.25,
        "01": 0.2505
    },
    "z0u3y1_z1y0": {
        "00": 0.1264,
        "10": 0.1287,
        "11": 0.1202,
        "01": 0.1296
    },
    "z0u2y1_z1y0": {
        "00": 0.1274,
        "10": 0.123,
        "11": 0.1227,
        "01": 0.1267
    },
    "z1y1_z0u3y0": {
        "00": 0.12435,
        "10": 0.1244,
        "11": 0.1268,
        "01": 0.12395
    },
    "z1y0_z0u3y0": {
        "00": 0.12435,
        "10": 0.1244,
        "11": 0.1268,
        "01": 0.12395
    },
    "z1y1_z0u1y0": {
        "00": 0.1272,
        "10": 0.1222,
        "11": 0.1248,
        "01": 0.1258
    },
    "z0u3y0_z0u2y0": {
        "00": 0.1266,
        "10": 0.1237,
        "11": 0.1287,
        "01": 0.1221
    },
    "z0u1y0_z1y1": {},
    "z0u1y0_z0u3y0": {
        "00": 0.1272,
        "10": 0.1209,
        "11": 0.1268,
        "01": 0.1244
    }
}
