{
    "z0u3y1_z0u1y1": {
        "00": 0.117,
        "10": 0.1255,
        "11": 0.1264,
        "01": 0.1298
    },
    "z0u2y0_z0u2y0": {
        "00": 0.1277,
        "10": 0.127,
        "11": 0.1255,
        "01": 0.1239
    },
    "z1y1_z0u2y1": {
        "00": 0.124,
        "10": 0.1235,
        "11": 0.1258,
        "01": 0.1243
    },
    "z0u1y0_z0u1y1": {},
    "z0u3y0_z0u3y0": {
        "00": 0.1232,
        "10": 0.1211,
        "11": 0.1264,
        "01": 0.1307
    },
    "z1y0_z0u1y0": {
        "00": 0.1276,
        "10": 0.1238,
        "11": 0.12265,
        "01": 0.12595
    },
    "z0u3y0_z1y0": {
        "00": 0.1301,
        "10": 0.1206,
        "11": 0.123,
        "01": 0.1277
    },
    "z0u3y1_z0u3y0": {
        "00": 0.1231,
        "10": 0.1257,
        "11": 0.1252,
        "01": 0.1199
    },
    "z0u2y0_z1y1": {
        "00": 0.1266,
        "10": 0.1221,
        "11": 0.1291,
        "01": 0.1232
    },
    "z0u2y1_z0u3y1": {
        "00": 0.2492,
        "11": 0.2522
    },
    "z0u3y1_z0u2y1": {
        "10": 0.2525,
        "01": 0.2564
    },
    "z0u2y0_z0u3y0": {
        "00": 0.2523,
        "11": 0.2473
    },
    "z0u1y1_z0u3y0": {
        "00": 0.1205,
        "10": 0.1276,
        "11": 0.1221,
        "01": 0.1237
    },
    "z0u1y1_z0u3y1": {
        "00": 0.1241,
        "10": 0.1234,
        "11": 0.1316,
        "01": 0.127
    },
    "z0u2y1_z0u3y0": {
        "10": 0.2411,
        "01": 0.2575
    },
    "z0u1y1_z1y1": {
        "00": 0.2499,
        "10": 0.248,
        "11": 0.248,
        "01": 0.2541
    },
    "z0u2y1_z0u1y0": {
        "00": 0.1263,
        "10": 0.1239,
        "11": 0.1218,
        "01": 0.1278
    },
    "z1y1_z0u3y1": {
        "00": 0.12805,
        "10": 0.12395,
        "11": 0.12485,
        "01": 0.1249
    },
    "z1y0_z0u3y1": {
        "00": 0.12805,
        "10": 0.12395,
        "11": 0.12485,
        "01": 0.1249
    },
    "z0u1y0_z1y0": {
        "00": 0.2438,
        "10": 0.2463,
        "11": 0.2568,
        "01": 0.2531
    },
    "z0u1y1_z1y0": {},
    "z0u1y1_z0u2y1": {
        "00": 0.1274,
        "10": 0.1306,
        "11": 0.1214,
        "01": 0.1228
    },
    "z0u2y0_z0u1y0": {
        "00": 0.1228,
        "10": 0.1228,
        "11": 0.1279,
        "01": 0.1276
    },
    "z0u1y0_z0u2y1": {
        "00": 0.1295,
        "10": 0.1198,
        "11": 0.1284,
        "01": 0.1262
    },
    "z1y1_z0u2y0": {
        "00": 0.12585,
        "10": 0.1251,
        "11": 0.1282,
        "01": 0.12325
    },
    "z0u2y0_z0u1y1": {
        "00": 0.1286,
        "10": 0.1269,
        "11": 0.124,
        "01": 0.1194
    },
    "z0u1y0_z0u2y0": {
        "00": 0.1253,
        "10": 0.1245,
        "11": 0.126,
        "01": 0.1203
    },
    "z1y0_z0u1y1": {
        "00": 0.12535,
        "10": 0.1265,
        "11": 0.12185,
        "01": 0.1263
    },
    "z0u3y0_z0u2y1": {
        "00": 0.2546,
        "11": 0.2494
    },
    "z1y0_z1y1": {
        "00": 0.1222,
        "10": 0.12085,
        "11": 0.12735,
        "01": 0.1296
    },
    "z0u1y1_z0u1y0": {},
    "z0u3y1_z0u3y1": {
        "00": 0.1259,
        "10": 0.1208,
        "11": 0.1331,
        "01": 0.1263
    },
    "z1y1_z1y0": {
        "00": 0.1252,
        "10": 0.1266,
        "11": 0.126,
        "01": 0.1222
    },
    "z0u3y1_z0u1y0": {
        "00": 0.1278,
        "10": 0.125,
        "11": 0.1216,
        "01": 0.1269
    },
    "z1y1_z0u1y1": {
        "00": 0.12535,
        "10": 0.1265,
        "11": 0.12185,
        "01": 0.1263
    },
    "z1y0_z1y0": {
        "00": 0.1252,
        "10": 0.1266,
        "11": 0.126,
        "01": 0.1222
    },
    "z0u2y1_z1y1": {
        "00": 0.1245,
        "10": 0.1268,
        "11": 0.1223,
        "01": 0.1278
    },
    "z0u1y1_z0u1y1": {
        "00": 0.2433,
        "10": 0.2533,
        "11": 0.2506,
        "01": 0.2528
    },
    "z0u2y1_z0u1y1": {
        "00": 0.1246,
        "10": 0.1245,
        "11": 0.128,
        "01": 0.1231
    },
    "z0u3y1_z0u2y0": {
        "00": 0.2503,
        "11": 0.2408
    },
    "z1y1_z1y1": {
        "00": 0.1222,
        "10": 0.12085,
        "11": 0.12735,
        "01": 0.1296
    },
    "z0u3y0_z0u1y0": {
        "00": 0.1259,
        "10": 0.1303,
        "11": 0.1253,
        "01": 0.1204
    },
    "z0u2y0_z0u3y1": {
        "10": 0.2464,
        "01": 0.254
    },
    "z0u3y0_z0u3y1": {
        "00": 0.1263,
        "10": 0.1244,
        "11": 0.1244,
        "01": 0.1235
    },
    "z0u3y0_z1y1": {
        "00": 0.1235,
        "10": 0.1241,
        "11": 0.1275,
        "01": 0.1235
    },
    "z1y0_z0u2y0": {
        "00": 0.12585,
        "10": 0.1251,
        "11": 0.1282,
        "01": 0.12325
    },
    "z1y0_z0u2y1": {
        "00": 0.124,
        "10": 0.1235,
        "11": 0.1258,
        "01": 0.1243
    },
    "z0u1y1_z0u2y0": {
        "00": 0.1232,
        "10": 0.1218,
        "11": 0.1266,
        "01": 0.1262
    },
    "z0u3y0_z0u1y1": {
        "00": 0.127,
        "10": 0.1203,
        "11": 0.1307,
        "01": 0.1201
    },
    "z0u2y0_z1y0": {
        "00": 0.1235,
        "10": 0.1219,
        "11": 0.1218,
        "01": 0.1318
    },
    "z0u3y1_z1y1": {
        "00": 0.125,
        "10": 0.1243,
        "11": 0.1294,
        "01": 0.1228
    },
    "z0u1y0_z0u3y1": {
        "00": 0.129,
        "10": 0.1263,
        "11": 0.1268,
        "01": 0.1264
    },
    "z0u2y1_z0u2y0": {
        "00": 0.1233,
        "10": 0.1223,
        "11": 0.1278,
        "01": 0.1274
    },
    "z0u2y1_z0u2y1": {
        "00": 0.1259,
        "10": 0.1324,
        "11": 0.1217,
        "01": 0.1192
    },
    "z0u1y0_z0u1y0": {
        "00": 0.2497,
        "10": 0.2463,
        "11": 0.2588,
        "01": 0.2452
    },
    "z0u2y0_z0u2y1": {
        "00": 0.1213,
        "10": 0.1222,
        "11": 0.1254,
        "01": 0.127
    },
    "z0u3y1_z1y0": {
        "00": 0.1177,
        "10": 0.1337,
        "11": 0.1206,
        "01": 0.1265
    },
    "z0u2y1_z1y0": {
        "00": 0.1197,
        "10": 0.1285,
        "11": 0.1268,
        "01": 0.1236
    },
    "z1y1_z0u3y0": {
        "00": 0.1243,
        "10": 0.1238,
        "11": 0.12545,
        "01": 0.1247
    },
    "z1y0_z0u3y0": {
        "00": 0.1243,
        "10": 0.1238,
        "11": 0.12545,
        "01": 0.1247
    },
    "z1y1_z0u1y0": {
        "00": 0.1276,
        "10": 0.1238,
        "11": 0.12265,
        "01": 0.12595
    },
    "z0u3y0_z0u2y0": {
        "10": 0.2499,
        "01": 0.2461
    },
    "z0u1y0_z1y1": {},
    "z0u1y0_z0u3y0": {
        "00": 0.1178,
        "10": 0.1213,
        "11": 0.1264,
        "01": 0.126
    }
}
