{
    "0.05": 0.07021161536604231,
    "0.1": 0.14242565481968011,
    "0.15": 0.22019261766514364,
    "0.2": 0.3070261744874988,
    "0.25": 0.40317753534917133,
    "0.3": 0.5028927478133828,
    "0.35": 0.596362724012056,
    "0.4": 0.6758394909527734,
    "0.45": 0.7390522352766937,
    "0.5": 0.7877315998093126,
    "0.55": 0.8249407032850109,
    "0.6": 0.8535646981702323,
    "0.65": 0.8758648477430748,
    "0.7": 0.8934957936187093,
    "0.75": 0.9076419992263557,
    "0.8": 0.919150672756076,
    "0.85": 0.9286331830801293,
    "0.9": 0.9365364756360586,
    "0.95": 0.9431920288695825,
    "1.0": 0.948849266432195,
    "1.05": 0.9536984970814868,
    "1.1": 0.9578868359564285,
    "1.15": 0.9615293983968725,
    "1.2": 0.9647172778530637,
    "1.25": 0.9675233093416739,
    "1.3": 0.9700062880258974,
    "1.35": 0.972214095763601,
    "1.4": 0.9741860457295254,
    "1.45": 0.9759546601896709,
    "0.0": 0.0,
    "-0.05": -0.07021161536604231,
    "-0.1": -0.14242565481968011,
    "-0.15": -0.22019261766514364,
    "-0.2": -0.3070261744874988,
    "-0.25": -0.40317753534917133,
    "-0.3": -0.5028927478133828,
    "-0.35": -0.596362724012056,
    "-0.4": -0.6758394909527734,
    "-0.45": -0.7390522352766937,
    "-0.5": -0.7877315998093126,
    "-0.55": -0.8249407032850109,
    "-0.6": -0.8535646981702323,
    "-0.65": -0.8758648477430748,
    "-0.7": -0.8934957936187093,
    "-0.75": -0.9076419992263557,
    "-0.8": -0.919150672756076,
    "-0.85": -0.9286331830801293,
    "-0.9": -0.9365364756360586,
    "-0.95": -0.9431920288695825,
    "-1.0": -0.948849266432195,
    "-1.05": -0.9536984970814868,
    "-1.1": -0.9578868359564285,
    "-1.15": -0.9615293983968725,
    "-1.2": -0.9647172778530637,
    "-1.25": -0.9675233093416739,
    "-1.3": -0.9700062880258974,
    "-1.35": -0.972214095763601,
    "-1.4": -0.9741860457295254,
    "-1.45": -0.9759546601896709
}