{
    "0.05": 0.0,
    "0.1": 0.09083235023196785,
    "0.15": 0.21401008052805953,
    "0.2": 0.24455504133487538,
    "0.25": 0.6103692879949663,
    "0.3": 0.32832837397699755,
    "0.35": 0.8066272755553217,
    "0.4": 0.782173407431998,
    "0.45": 0.7398185775279646,
    "0.5": 0.8794549263334934,
    "0.55": 0.9025731551795324,
    "0.6": 0.8977664092012054,
    "0.65": 0.9170920653478178,
    "0.7": 0.9255285009723582,
    "0.75": 0.8594496637509811,
    "0.8": 0.9541561787496193,
    "0.85": 0.9252783719408435,
    "0.9": 0.9656781900458197,
    "0.95": 0.9631486575146896,
    "1.0": 0.9447090745779145,
    "1.05": 0.9537183412315122,
    "1.1": 0.965710019507131,
    "1.15": 0.949024144330847,
    "1.2": 0.9543657011809886,
    "1.25": 0.9696627780758165,
    "1.3": 0.9734177927297923,
    "1.35": 0.9745412463525016,
    "1.4": 0.9812795664040367,
    "1.45": 0.9694979501613735,
    "0.0": 5.204170427930421e-18,
    "-0.05": -0.009930672398562216,
    "-0.1": -0.08272408589153549,
    "-0.15": -0.2038433962524452,
    "-0.2": -0.34815371284607244,
    "-0.25": -0.6053297280026742,
    "-0.3": -0.6459237658028942,
    "-0.35": -0.7686137806466462,
    "-0.4": -0.8168511453275314,
    "-0.45": -0.8415870024268184,
    "-0.5": -0.8849550606189107,
    "-0.55": -0.8609287532026046,
    "-0.6": -0.9134818702947152,
    "-0.65": -0.9138986544409565,
    "-0.7": -0.9137122764476994,
    "-0.75": -0.9121734262771461,
    "-0.8": -0.9202264613126716,
    "-0.85": -0.9368100596410011,
    "-0.9": -0.9716979446212386,
    "-0.95": -0.9396207226204205,
    "-1.0": -0.9468592592112373,
    "-1.05": -0.9538793818841983,
    "-1.1": -0.9566601953435214,
    "-1.15": -0.993045964424998,
    "-1.2": -0.9706353132910934,
    "-1.25": -0.9422820371116595,
    "-1.3": -0.9797593429086916,
    "-1.35": -0.9757025145194703,
    "-1.4": -0.9779170645919955,
    "-1.45": -0.9724774274824395
}