{
    "z0u3y1_z0u1y1": {
        "11": 0.254,
        "01": 0.2491
    },
    "z0u2y0_z0u2y0": {
        "00": 0.1235,
        "10": 0.1247,
        "11": 0.1255,
        "01": 0.1242
    },
    "z1y1_z0u2y1": {
        "00": 0.1237,
        "10": 0.1223,
        "11": 0.12205,
        "01": 0.12605
    },
    "z0u1y0_z0u1y1": {},
    "z0u3y0_z0u3y0": {
        "00": 0.1263,
        "10": 0.1251,
        "11": 0.127,
        "01": 0.1301
    },
    "z1y0_z0u1y0": {
        "00": 0.2477,
        "10": 0.2523
    },
    "z0u3y0_z1y0": {
        "00": 0.2467,
        "10": 0.2536
    },
    "z0u3y1_z0u3y0": {
        "00": 0.1266,
        "10": 0.1239,
        "11": 0.1278,
        "01": 0.1281
    },
    "z0u2y0_z1y1": {
        "11": 0.2574,
        "01": 0.2583
    },
    "z0u2y1_z0u3y1": {
        "00": 0.1306,
        "10": 0.1234,
        "11": 0.1316,
        "01": 0.1215
    },
    "z0u3y1_z0u2y1": {
        "00": 0.1271,
        "10": 0.1193,
        "11": 0.1235,
        "01": 0.1278
    },
    "z0u2y0_z0u3y0": {
        "00": 0.1232,
        "10": 0.1244,
        "11": 0.1208,
        "01": 0.1267
    },
    "z0u1y1_z0u3y0": {
        "11": 0.2519,
        "01": 0.2471
    },
    "z0u1y1_z0u3y1": {
        "11": 0.2451,
        "01": 0.2559
    },
    "z0u2y1_z0u3y0": {
        "00": 0.1221,
        "10": 0.1237,
        "11": 0.1259,
        "01": 0.1212
    },
    "z0u1y1_z1y1": {
        "11": 0.4955,
        "01": 0.5045
    },
    "z0u2y1_z0u1y0": {
        "00": 0.2491,
        "10": 0.2587
    },
    "z1y1_z0u3y1": {
        "00": 0.12425,
        "10": 0.12535,
        "11": 0.1257,
        "01": 0.1262
    },
    "z1y0_z0u3y1": {
        "00": 0.12425,
        "10": 0.12535,
        "11": 0.1257,
        "01": 0.1262
    },
    "z0u1y0_z1y0": {
        "00": 0.4961,
        "10": 0.5039
    },
    "z0u1y1_z1y0": {},
    "z0u1y1_z0u2y1": {
        "11": 0.2518,
        "01": 0.246
    },
    "z0u2y0_z0u1y0": {
        "00": 0.258,
        "10": 0.2465
    },
    "z0u1y0_z0u2y1": {
        "00": 0.249,
        "10": 0.2523
    },
    "z1y1_z0u2y0": {
        "00": 0.1281,
        "10": 0.1259,
        "11": 0.12445,
        "01": 0.12745
    },
    "z0u2y0_z0u1y1": {
        "11": 0.2477,
        "01": 0.2478
    },
    "z0u1y0_z0u2y0": {
        "00": 0.252,
        "10": 0.2467
    },
    "z1y0_z0u1y1": {
        "11": 0.2465,
        "01": 0.2535
    },
    "z0u3y0_z0u2y1": {
        "00": 0.1331,
        "10": 0.1239,
        "11": 0.1254,
        "01": 0.1187
    },
    "z1y0_z1y1": {
        "11": 0.2525,
        "01": 0.2475
    },
    "z0u1y1_z0u1y0": {},
    "z0u3y1_z0u3y1": {
        "00": 0.1224,
        "10": 0.1259,
        "11": 0.1252,
        "01": 0.1201
    },
    "z1y1_z1y0": {
        "00": 0.2528,
        "10": 0.2472
    },
    "z0u3y1_z0u1y0": {
        "00": 0.2465,
        "10": 0.2504
    },
    "z1y1_z0u1y1": {
        "11": 0.2465,
        "01": 0.2535
    },
    "z1y0_z1y0": {
        "00": 0.2528,
        "10": 0.2472
    },
    "z0u2y1_z1y1": {
        "11": 0.2571,
        "01": 0.2448
    },
    "z0u1y1_z0u1y1": {
        "11": 0.5063,
        "01": 0.4937
    },
    "z0u2y1_z0u1y1": {
        "11": 0.2456,
        "01": 0.2466
    },
    "z0u3y1_z0u2y0": {
        "00": 0.1247,
        "10": 0.1318,
        "11": 0.1233,
        "01": 0.1225
    },
    "z1y1_z1y1": {
        "11": 0.2525,
        "01": 0.2475
    },
    "z0u3y0_z0u1y0": {
        "00": 0.2504,
        "10": 0.2508
    },
    "z0u2y0_z0u3y1": {
        "00": 0.1231,
        "10": 0.1278,
        "11": 0.1249,
        "01": 0.1291
    },
    "z0u3y0_z0u3y1": {
        "00": 0.1245,
        "10": 0.1224,
        "11": 0.1231,
        "01": 0.1215
    },
    "z0u3y0_z1y1": {
        "11": 0.2545,
        "01": 0.2452
    },
    "z1y0_z0u2y0": {
        "00": 0.1281,
        "10": 0.1259,
        "11": 0.12445,
        "01": 0.12745
    },
    "z1y0_z0u2y1": {
        "00": 0.1237,
        "10": 0.1223,
        "11": 0.12205,
        "01": 0.12605
    },
    "z0u1y1_z0u2y0": {
        "11": 0.2511,
        "01": 0.2511
    },
    "z0u3y0_z0u1y1": {
        "11": 0.2526,
        "01": 0.2462
    },
    "z0u2y0_z1y0": {
        "00": 0.2373,
        "10": 0.247
    },
    "z0u3y1_z1y1": {
        "11": 0.2511,
        "01": 0.2419
    },
    "z0u1y0_z0u3y1": {
        "00": 0.2416,
        "10": 0.2569
    },
    "z0u2y1_z0u2y0": {
        "00": 0.1252,
        "10": 0.1279,
        "11": 0.1208,
        "01": 0.1287
    },
    "z0u2y1_z0u2y1": {
        "00": 0.1202,
        "10": 0.1307,
        "11": 0.1242,
        "01": 0.1223
    },
    "z0u1y0_z0u1y0": {
        "00": 0.5062,
        "10": 0.4938
    },
    "z0u2y0_z0u2y1": {
        "00": 0.1239,
        "10": 0.1219,
        "11": 0.1286,
        "01": 0.1277
    },
    "z0u3y1_z1y0": {
        "00": 0.2544,
        "10": 0.2526
    },
    "z0u2y1_z1y0": {
        "00": 0.2493,
        "10": 0.2488
    },
    "z1y1_z0u3y0": {
        "00": 0.1238,
        "10": 0.1266,
        "11": 0.12285,
        "01": 0.12525
    },
    "z1y0_z0u3y0": {
        "00": 0.1238,
        "10": 0.1266,
        "11": 0.12285,
        "01": 0.12525
    },
    "z1y1_z0u1y0": {
        "00": 0.2477,
        "10": 0.2523
    },
    "z0u3y0_z0u2y0": {
        "00": 0.1247,
        "10": 0.1289,
        "11": 0.1235,
        "01": 0.1218
    },
    "z0u1y0_z1y1": {},
    "z0u1y0_z0u3y0": {
        "00": 0.2514,
        "10": 0.2501
    }
}
