{
    "z0u3y1_z0u1y1": {
        "11": 0.2576,
        "01": 0.2486
    },
    "z0u2y0_z0u2y0": {
        "00": 0.1208,
        "10": 0.1202,
        "11": 0.1217,
        "01": 0.1316
    },
    "z1y1_z0u2y1": {
        "00": 0.12595,
        "10": 0.12245,
        "11": 0.1287,
        "01": 0.1257
    },
    "z0u1y0_z0u1y1": {},
    "z0u3y0_z0u3y0": {
        "00": 0.1178,
        "10": 0.1255,
        "11": 0.124,
        "01": 0.1322
    },
    "z1y0_z0u1y0": {
        "00": 0.24875,
        "10": 0.25125
    },
    "z0u3y0_z1y0": {
        "00": 0.2432,
        "10": 0.2543
    },
    "z0u3y1_z0u3y0": {
        "00": 0.1232,
        "10": 0.1214,
        "11": 0.1273,
        "01": 0.1305
    },
    "z0u2y0_z1y1": {
        "11": 0.2489,
        "01": 0.2471
    },
    "z0u2y1_z0u3y1": {
        "00": 0.1169,
        "10": 0.1264,
        "11": 0.1243,
        "01": 0.1273
    },
    "z0u3y1_z0u2y1": {
        "00": 0.127,
        "10": 0.1177,
        "11": 0.1258,
        "01": 0.1283
    },
    "z0u2y0_z0u3y0": {
        "00": 0.1194,
        "10": 0.1208,
        "11": 0.1308,
        "01": 0.1208
    },
    "z0u1y1_z0u3y0": {
        "11": 0.2535,
        "01": 0.249
    },
    "z0u1y1_z0u3y1": {
        "11": 0.2496,
        "01": 0.2479
    },
    "z0u2y1_z0u3y0": {
        "00": 0.1263,
        "10": 0.1233,
        "11": 0.1268,
        "01": 0.1287
    },
    "z0u1y1_z1y1": {
        "11": 0.497,
        "01": 0.503
    },
    "z0u2y1_z0u1y0": {
        "00": 0.25,
        "10": 0.2488
    },
    "z1y1_z0u3y1": {
        "00": 0.12545,
        "10": 0.1251,
        "11": 0.128,
        "01": 0.1244
    },
    "z1y0_z0u3y1": {
        "00": 0.12545,
        "10": 0.1251,
        "11": 0.128,
        "01": 0.1244
    },
    "z0u1y0_z1y0": {
        "00": 0.4939,
        "10": 0.5061
    },
    "z0u1y1_z1y0": {},
    "z0u1y1_z0u2y1": {
        "11": 0.2415,
        "01": 0.2512
    },
    "z0u2y0_z0u1y0": {
        "00": 0.2492,
        "10": 0.2477
    },
    "z0u1y0_z0u2y1": {
        "00": 0.251,
        "10": 0.2478
    },
    "z1y1_z0u2y0": {
        "00": 0.12335,
        "10": 0.12825,
        "11": 0.1237,
        "01": 0.1219
    },
    "z0u2y0_z0u1y1": {
        "11": 0.251,
        "01": 0.2521
    },
    "z0u1y0_z0u2y0": {
        "00": 0.2509,
        "10": 0.2503
    },
    "z1y0_z0u1y1": {
        "11": 0.2507,
        "01": 0.2493
    },
    "z0u3y0_z0u2y1": {
        "00": 0.1212,
        "10": 0.1254,
        "11": 0.1262,
        "01": 0.1279
    },
    "z1y0_z1y1": {
        "11": 0.2487,
        "01": 0.2513
    },
    "z0u1y1_z0u1y0": {},
    "z0u3y1_z0u3y1": {
        "00": 0.1269,
        "10": 0.1261,
        "11": 0.1215,
        "01": 0.1231
    },
    "z1y1_z1y0": {
        "00": 0.2477,
        "10": 0.2523
    },
    "z0u3y1_z0u1y0": {
        "00": 0.2458,
        "10": 0.248
    },
    "z1y1_z0u1y1": {
        "11": 0.2507,
        "01": 0.2493
    },
    "z1y0_z1y0": {
        "00": 0.2477,
        "10": 0.2523
    },
    "z0u2y1_z1y1": {
        "11": 0.2513,
        "01": 0.2512
    },
    "z0u1y1_z0u1y1": {
        "11": 0.4982,
        "01": 0.5018
    },
    "z0u2y1_z0u1y1": {
        "11": 0.2489,
        "01": 0.2523
    },
    "z0u3y1_z0u2y0": {
        "00": 0.128,
        "10": 0.1289,
        "11": 0.121,
        "01": 0.1233
    },
    "z1y1_z1y1": {
        "11": 0.2487,
        "01": 0.2513
    },
    "z0u3y0_z0u1y0": {
        "00": 0.2474,
        "10": 0.2516
    },
    "z0u2y0_z0u3y1": {
        "00": 0.1263,
        "10": 0.127,
        "11": 0.1261,
        "01": 0.1288
    },
    "z0u3y0_z0u3y1": {
        "00": 0.1225,
        "10": 0.1247,
        "11": 0.1267,
        "01": 0.1266
    },
    "z0u3y0_z1y1": {
        "11": 0.2497,
        "01": 0.2528
    },
    "z1y0_z0u2y0": {
        "00": 0.12335,
        "10": 0.12825,
        "11": 0.1237,
        "01": 0.1219
    },
    "z1y0_z0u2y1": {
        "00": 0.12595,
        "10": 0.12245,
        "11": 0.1287,
        "01": 0.1257
    },
    "z0u1y1_z0u2y0": {
        "11": 0.2516,
        "01": 0.2557
    },
    "z0u3y0_z0u1y1": {
        "11": 0.2466,
        "01": 0.2544
    },
    "z0u2y0_z1y0": {
        "00": 0.2584,
        "10": 0.2456
    },
    "z0u3y1_z1y1": {
        "11": 0.2513,
        "01": 0.2571
    },
    "z0u1y0_z0u3y1": {
        "00": 0.2547,
        "10": 0.2537
    },
    "z0u2y1_z0u2y0": {
        "00": 0.1278,
        "10": 0.1196,
        "11": 0.1263,
        "01": 0.1256
    },
    "z0u2y1_z0u2y1": {
        "00": 0.1249,
        "10": 0.1251,
        "11": 0.1232,
        "01": 0.1275
    },
    "z0u1y0_z0u1y0": {
        "00": 0.4945,
        "10": 0.5055
    },
    "z0u2y0_z0u2y1": {
        "00": 0.1252,
        "10": 0.1247,
        "11": 0.1331,
        "01": 0.1227
    },
    "z0u3y1_z1y0": {
        "00": 0.2419,
        "10": 0.2497
    },
    "z0u2y1_z1y0": {
        "00": 0.242,
        "10": 0.2555
    },
    "z1y1_z0u3y0": {
        "00": 0.12605,
        "10": 0.1234,
        "11": 0.1225,
        "01": 0.1251
    },
    "z1y0_z0u3y0": {
        "00": 0.12605,
        "10": 0.1234,
        "11": 0.1225,
        "01": 0.1251
    },
    "z1y1_z0u1y0": {
        "00": 0.24875,
        "10": 0.25125
    },
    "z0u3y0_z0u2y0": {
        "00": 0.1242,
        "10": 0.1225,
        "11": 0.1296,
        "01": 0.123
    },
    "z0u1y0_z1y1": {},
    "z0u1y0_z0u3y0": {
        "00": 0.2477,
        "10": 0.2439
    }
}
