{
    "z0u3y1_z0u1y1": {
        "00": 0.127,
        "10": 0.1277,
        "11": 0.1183,
        "01": 0.125
    },
    "z0u2y0_z0u2y0": {
        "00": 0.2519,
        "11": 0.2521
    },
    "z1y1_z0u2y1": {
        "00": 0.1246,
        "10": 0.1277,
        "11": 0.12845,
        "01": 0.1245
    },
    "z0u1y0_z0u1y1": {},
    "z0u3y0_z0u3y0": {
        "00": 0.2532,
        "11": 0.2478
    },
    "z1y0_z0u1y0": {
        "00": 0.1274,
        "10": 0.12355,
        "11": 0.126,
        "01": 0.12305
    },
    "z0u3y0_z1y0": {
        "00": 0.1231,
        "10": 0.1245,
        "11": 0.1227,
        "01": 0.121
    },
    "z0u3y1_z0u3y0": {
        "10": 0.2525,
        "01": 0.2535
    },
    "z0u2y0_z1y1": {
        "00": 0.1188,
        "10": 0.1247,
        "11": 0.1289,
        "01": 0.1238
    },
    "z0u2y1_z0u3y1": {
        "00": 0.1292,
        "10": 0.1224,
        "11": 0.1223,
        "01": 0.1274
    },
    "z0u3y1_z0u2y1": {
        "00": 0.1243,
        "10": 0.1226,
        "11": 0.1281,
        "01": 0.1317
    },
    "z0u2y0_z0u3y0": {
        "00": 0.118,
        "10": 0.1259,
        "11": 0.1269,
        "01": 0.1224
    },
    "z0u1y1_z0u3y0": {
        "00": 0.126,
        "10": 0.1262,
        "11": 0.1192,
        "01": 0.1268
    },
    "z0u1y1_z0u3y1": {
        "00": 0.1251,
        "10": 0.1299,
        "11": 0.1235,
        "01": 0.1233
    },
    "z0u2y1_z0u3y0": {
        "00": 0.124,
        "10": 0.1242,
        "11": 0.1256,
        "01": 0.1249
    },
    "z0u1y1_z1y1": {
        "00": 0.2473,
        "10": 0.2546,
        "11": 0.2487,
        "01": 0.2494
    },
    "z0u2y1_z0u1y0": {
        "00": 0.1299,
        "10": 0.1228,
        "11": 0.1167,
        "01": 0.1203
    },
    "z1y1_z0u3y1": {
        "00": 0.12305,
        "10": 0.12785,
        "11": 0.1262,
        "01": 0.12565
    },
    "z1y0_z0u3y1": {
        "00": 0.12305,
        "10": 0.12785,
        "11": 0.1262,
        "01": 0.12565
    },
    "z0u1y0_z1y0": {
        "00": 0.2369,
        "10": 0.2537,
        "11": 0.2502,
        "01": 0.2592
    },
    "z0u1y1_z1y0": {},
    "z0u1y1_z0u2y1": {
        "00": 0.1246,
        "10": 0.129,
        "11": 0.1274,
        "01": 0.1236
    },
    "z0u2y0_z0u1y0": {
        "00": 0.1332,
        "10": 0.1211,
        "11": 0.1269,
        "01": 0.1251
    },
    "z0u1y0_z0u2y1": {
        "00": 0.13,
        "10": 0.1228,
        "11": 0.1213,
        "01": 0.1266
    },
    "z1y1_z0u2y0": {
        "00": 0.1243,
        "10": 0.1232,
        "11": 0.12445,
        "01": 0.1228
    },
    "z0u2y0_z0u1y1": {
        "00": 0.1247,
        "10": 0.1299,
        "11": 0.1219,
        "01": 0.1172
    },
    "z0u1y0_z0u2y0": {
        "00": 0.122,
        "10": 0.1248,
        "11": 0.1268,
        "01": 0.1257
    },
    "z1y0_z0u1y1": {
        "00": 0.12605,
        "10": 0.12285,
        "11": 0.12495,
        "01": 0.12615
    },
    "z0u3y0_z0u2y1": {
        "00": 0.1267,
        "10": 0.1243,
        "11": 0.1248,
        "01": 0.1245
    },
    "z1y0_z1y1": {
        "00": 0.1294,
        "10": 0.12275,
        "11": 0.12505,
        "01": 0.1228
    },
    "z0u1y1_z0u1y0": {},
    "z0u3y1_z0u3y1": {
        "00": 0.243,
        "11": 0.251
    },
    "z1y1_z1y0": {
        "00": 0.1264,
        "10": 0.1234,
        "11": 0.1232,
        "01": 0.127
    },
    "z0u3y1_z0u1y0": {
        "00": 0.1244,
        "10": 0.1257,
        "11": 0.1264,
        "01": 0.1255
    },
    "z1y1_z0u1y1": {
        "00": 0.12605,
        "10": 0.12285,
        "11": 0.12495,
        "01": 0.12615
    },
    "z1y0_z1y0": {
        "00": 0.1264,
        "10": 0.1234,
        "11": 0.1232,
        "01": 0.127
    },
    "z0u2y1_z1y1": {
        "00": 0.119,
        "10": 0.1259,
        "11": 0.1302,
        "01": 0.1272
    },
    "z0u1y1_z0u1y1": {
        "00": 0.2467,
        "10": 0.2498,
        "11": 0.2543,
        "01": 0.2492
    },
    "z0u2y1_z0u1y1": {
        "00": 0.1291,
        "10": 0.1281,
        "11": 0.1276,
        "01": 0.1255
    },
    "z0u3y1_z0u2y0": {
        "00": 0.1269,
        "10": 0.1194,
        "11": 0.1261,
        "01": 0.1209
    },
    "z1y1_z1y1": {
        "00": 0.1294,
        "10": 0.12275,
        "11": 0.12505,
        "01": 0.1228
    },
    "z0u3y0_z0u1y0": {
        "00": 0.1199,
        "10": 0.1313,
        "11": 0.1278,
        "01": 0.1236
    },
    "z0u2y0_z0u3y1": {
        "00": 0.1229,
        "10": 0.1246,
        "11": 0.1281,
        "01": 0.1312
    },
    "z0u3y0_z0u3y1": {
        "10": 0.2571,
        "01": 0.2419
    },
    "z0u3y0_z1y1": {
        "00": 0.1316,
        "10": 0.1253,
        "11": 0.1276,
        "01": 0.1242
    },
    "z1y0_z0u2y0": {
        "00": 0.1243,
        "10": 0.1232,
        "11": 0.12445,
        "01": 0.1228
    },
    "z1y0_z0u2y1": {
        "00": 0.1246,
        "10": 0.1277,
        "11": 0.12845,
        "01": 0.1245
    },
    "z0u1y1_z0u2y0": {
        "00": 0.1292,
        "10": 0.1305,
        "11": 0.1171,
        "01": 0.1186
    },
    "z0u3y0_z0u1y1": {
        "00": 0.1245,
        "10": 0.1186,
        "11": 0.1245,
        "01": 0.1298
    },
    "z0u2y0_z1y0": {
        "00": 0.129,
        "10": 0.1196,
        "11": 0.1255,
        "01": 0.1297
    },
    "z0u3y1_z1y1": {
        "00": 0.1244,
        "10": 0.1272,
        "11": 0.1241,
        "01": 0.1285
    },
    "z0u1y0_z0u3y1": {
        "00": 0.1285,
        "10": 0.1298,
        "11": 0.1259,
        "01": 0.1227
    },
    "z0u2y1_z0u2y0": {
        "10": 0.2474,
        "01": 0.2526
    },
    "z0u2y1_z0u2y1": {
        "00": 0.2512,
        "11": 0.2488
    },
    "z0u1y0_z0u1y0": {
        "00": 0.2489,
        "10": 0.2469,
        "11": 0.2483,
        "01": 0.2559
    },
    "z0u2y0_z0u2y1": {
        "10": 0.2528,
        "01": 0.2432
    },
    "z0u3y1_z1y0": {
        "00": 0.1224,
        "10": 0.1221,
        "11": 0.1238,
        "01": 0.1275
    },
    "z0u2y1_z1y0": {
        "00": 0.1219,
        "10": 0.122,
        "11": 0.1273,
        "01": 0.1265
    },
    "z1y1_z0u3y0": {
        "00": 0.12525,
        "10": 0.12755,
        "11": 0.12065,
        "01": 0.1238
    },
    "z1y0_z0u3y0": {
        "00": 0.12525,
        "10": 0.12755,
        "11": 0.12065,
        "01": 0.1238
    },
    "z1y1_z0u1y0": {
        "00": 0.1274,
        "10": 0.12355,
        "11": 0.126,
        "01": 0.12305
    },
    "z0u3y0_z0u2y0": {
        "00": 0.1285,
        "10": 0.1235,
        "11": 0.1187,
        "01": 0.129
    },
    "z0u1y0_z1y1": {},
    "z0u1y0_z0u3y0": {
        "00": 0.1261,
        "10": 0.1186,
        "11": 0.1197,
        "01": 0.1287
    }
}
