{
    "z0u3y1_z0u1y1": {
        "00": 0.128,
        "10": 0.1179,
        "11": 0.127,
        "01": 0.1281
    },
    "z0u2y0_z0u2y0": {
        "00": 0.2507,
        "11": 0.2525
    },
    "z1y1_z0u2y1": {
        "00": 0.12385,
        "10": 0.12585,
        "11": 0.1245,
        "01": 0.12555
    },
    "z0u1y0_z0u1y1": {},
    "z0u3y0_z0u3y0": {
        "00": 0.2558,
        "11": 0.2511
    },
    "z1y0_z0u1y0": {
        "00": 0.12405,
        "10": 0.1265,
        "11": 0.12315,
        "01": 0.1263
    },
    "z0u3y0_z1y0": {
        "00": 0.1284,
        "10": 0.1234,
        "11": 0.1302,
        "01": 0.1254
    },
    "z0u3y1_z0u3y0": {
        "10": 0.2519,
        "01": 0.2535
    },
    "z0u2y0_z1y1": {
        "00": 0.1258,
        "10": 0.1273,
        "11": 0.1194,
        "01": 0.1284
    },
    "z0u2y1_z0u3y1": {
        "00": 0.1249,
        "10": 0.1237,
        "11": 0.1294,
        "01": 0.1243
    },
    "z0u3y1_z0u2y1": {
        "00": 0.1175,
        "10": 0.1277,
        "11": 0.1237,
        "01": 0.1235
    },
    "z0u2y0_z0u3y0": {
        "00": 0.1179,
        "10": 0.121,
        "11": 0.1232,
        "01": 0.1274
    },
    "z0u1y1_z0u3y0": {
        "00": 0.1213,
        "10": 0.1258,
        "11": 0.1233,
        "01": 0.1302
    },
    "z0u1y1_z0u3y1": {
        "00": 0.1237,
        "10": 0.1232,
        "11": 0.1253,
        "01": 0.1272
    },
    "z0u2y1_z0u3y0": {
        "00": 0.1222,
        "10": 0.127,
        "11": 0.1244,
        "01": 0.1241
    },
    "z0u1y1_z1y1": {
        "00": 0.2517,
        "10": 0.2495,
        "11": 0.2539,
        "01": 0.2449
    },
    "z0u2y1_z0u1y0": {
        "00": 0.1244,
        "10": 0.126,
        "11": 0.1291,
        "01": 0.1264
    },
    "z1y1_z0u3y1": {
        "00": 0.1221,
        "10": 0.1227,
        "11": 0.1246,
        "01": 0.12395
    },
    "z1y0_z0u3y1": {
        "00": 0.1221,
        "10": 0.1227,
        "11": 0.1246,
        "01": 0.12395
    },
    "z0u1y0_z1y0": {
        "00": 0.2534,
        "10": 0.2467,
        "11": 0.2498,
        "01": 0.2501
    },
    "z0u1y1_z1y0": {},
    "z0u1y1_z0u2y1": {
        "00": 0.1217,
        "10": 0.1204,
        "11": 0.128,
        "01": 0.1255
    },
    "z0u2y0_z0u1y0": {
        "00": 0.1217,
        "10": 0.1248,
        "11": 0.1294,
        "01": 0.1322
    },
    "z0u1y0_z0u2y1": {
        "00": 0.119,
        "10": 0.1248,
        "11": 0.1243,
        "01": 0.1309
    },
    "z1y1_z0u2y0": {
        "00": 0.1265,
        "10": 0.12845,
        "11": 0.12205,
        "01": 0.12325
    },
    "z0u2y0_z0u1y1": {
        "00": 0.1278,
        "10": 0.1207,
        "11": 0.1273,
        "01": 0.1161
    },
    "z0u1y0_z0u2y0": {
        "00": 0.122,
        "10": 0.1325,
        "11": 0.1228,
        "01": 0.1237
    },
    "z1y0_z0u1y1": {
        "00": 0.1257,
        "10": 0.1245,
        "11": 0.12625,
        "01": 0.12355
    },
    "z0u3y0_z0u2y1": {
        "00": 0.1299,
        "10": 0.1183,
        "11": 0.1261,
        "01": 0.1217
    },
    "z1y0_z1y1": {
        "00": 0.12365,
        "10": 0.12645,
        "11": 0.1255,
        "01": 0.1244
    },
    "z0u1y1_z0u1y0": {},
    "z0u3y1_z0u3y1": {
        "00": 0.2426,
        "11": 0.252
    },
    "z1y1_z1y0": {
        "00": 0.12645,
        "10": 0.1209,
        "11": 0.1258,
        "01": 0.12685
    },
    "z0u3y1_z0u1y0": {
        "00": 0.1219,
        "10": 0.126,
        "11": 0.1248,
        "01": 0.1263
    },
    "z1y1_z0u1y1": {
        "00": 0.1257,
        "10": 0.1245,
        "11": 0.12625,
        "01": 0.12355
    },
    "z1y0_z1y0": {
        "00": 0.12645,
        "10": 0.1209,
        "11": 0.1258,
        "01": 0.12685
    },
    "z0u2y1_z1y1": {
        "00": 0.1255,
        "10": 0.1285,
        "11": 0.1138,
        "01": 0.1278
    },
    "z0u1y1_z0u1y1": {
        "00": 0.2479,
        "10": 0.2437,
        "11": 0.2531,
        "01": 0.2553
    },
    "z0u2y1_z0u1y1": {
        "00": 0.1241,
        "10": 0.12,
        "11": 0.1296,
        "01": 0.1204
    },
    "z0u3y1_z0u2y0": {
        "00": 0.1256,
        "10": 0.1258,
        "11": 0.127,
        "01": 0.1292
    },
    "z1y1_z1y1": {
        "00": 0.12365,
        "10": 0.12645,
        "11": 0.1255,
        "01": 0.1244
    },
    "z0u3y0_z0u1y0": {
        "00": 0.1246,
        "10": 0.1219,
        "11": 0.1237,
        "01": 0.1222
    },
    "z0u2y0_z0u3y1": {
        "00": 0.1324,
        "10": 0.1261,
        "11": 0.1286,
        "01": 0.1234
    },
    "z0u3y0_z0u3y1": {
        "10": 0.2495,
        "01": 0.2436
    },
    "z0u3y0_z1y1": {
        "00": 0.1237,
        "10": 0.1263,
        "11": 0.1261,
        "01": 0.1165
    },
    "z1y0_z0u2y0": {
        "00": 0.1265,
        "10": 0.12845,
        "11": 0.12205,
        "01": 0.12325
    },
    "z1y0_z0u2y1": {
        "00": 0.12385,
        "10": 0.12585,
        "11": 0.1245,
        "01": 0.12555
    },
    "z0u1y1_z0u2y0": {
        "00": 0.1265,
        "10": 0.1294,
        "11": 0.1265,
        "01": 0.122
    },
    "z0u3y0_z0u1y1": {
        "00": 0.1271,
        "10": 0.1267,
        "11": 0.1288,
        "01": 0.125
    },
    "z0u2y0_z1y0": {
        "00": 0.1232,
        "10": 0.1227,
        "11": 0.126,
        "01": 0.1272
    },
    "z0u3y1_z1y1": {
        "00": 0.1307,
        "10": 0.1273,
        "11": 0.1271,
        "01": 0.1255
    },
    "z0u1y0_z0u3y1": {
        "00": 0.1209,
        "10": 0.1303,
        "11": 0.1269,
        "01": 0.12
    },
    "z0u2y1_z0u2y0": {
        "10": 0.2467,
        "01": 0.2496
    },
    "z0u2y1_z0u2y1": {
        "00": 0.2548,
        "11": 0.2489
    },
    "z0u1y0_z0u1y0": {
        "00": 0.2504,
        "10": 0.256,
        "11": 0.2448,
        "01": 0.2488
    },
    "z0u2y0_z0u2y1": {
        "10": 0.2526,
        "01": 0.2442
    },
    "z0u3y1_z1y0": {
        "00": 0.1179,
        "10": 0.1191,
        "11": 0.125,
        "01": 0.1274
    },
    "z0u2y1_z1y0": {
        "00": 0.1224,
        "10": 0.1252,
        "11": 0.1289,
        "01": 0.1279
    },
    "z1y1_z0u3y0": {
        "00": 0.1271,
        "10": 0.12685,
        "11": 0.1261,
        "01": 0.1266
    },
    "z1y0_z0u3y0": {
        "00": 0.1271,
        "10": 0.12685,
        "11": 0.1261,
        "01": 0.1266
    },
    "z1y1_z0u1y0": {
        "00": 0.12405,
        "10": 0.1265,
        "11": 0.12315,
        "01": 0.1263
    },
    "z0u3y0_z0u2y0": {
        "00": 0.1253,
        "10": 0.1259,
        "11": 0.1259,
        "01": 0.1269
    },
    "z0u1y0_z1y1": {},
    "z0u1y0_z0u3y0": {
        "00": 0.1259,
        "10": 0.1221,
        "11": 0.1279,
        "01": 0.126
    }
}
