{
    "z0u3y1_z0u1y1": {
        "11": 0.2469,
        "01": 0.2511
    },
    "z0u2y0_z0u2y0": {
        "00": 0.124,
        "10": 0.1286,
        "11": 0.1242,
        "01": 0.128
    },
    "z1y1_z0u2y1": {
        "00": 0.1234,
        "10": 0.1262,
        "11": 0.12365,
        "01": 0.1252
    },
    "z0u1y0_z0u1y1": {},
    "z0u3y0_z0u3y0": {
        "00": 0.12,
        "10": 0.1271,
        "11": 0.1249,
        "01": 0.1267
    },
    "z1y0_z0u1y0": {
        "00": 0.2477,
        "10": 0.2523
    },
    "z0u3y0_z1y0": {
        "00": 0.245,
        "10": 0.253
    },
    "z0u3y1_z0u3y0": {
        "00": 0.1238,
        "10": 0.1222,
        "11": 0.1332,
        "01": 0.1246
    },
    "z0u2y0_z1y1": {
        "11": 0.2486,
        "01": 0.2485
    },
    "z0u2y1_z0u3y1": {
        "00": 0.1211,
        "10": 0.1239,
        "11": 0.1231,
        "01": 0.1264
    },
    "z0u3y1_z0u2y1": {
        "00": 0.1241,
        "10": 0.1233,
        "11": 0.1251,
        "01": 0.1253
    },
    "z0u2y0_z0u3y0": {
        "00": 0.121,
        "10": 0.1234,
        "11": 0.1293,
        "01": 0.1267
    },
    "z0u1y1_z0u3y0": {
        "11": 0.2449,
        "01": 0.2466
    },
    "z0u1y1_z0u3y1": {
        "11": 0.2586,
        "01": 0.2499
    },
    "z0u2y1_z0u3y0": {
        "00": 0.1298,
        "10": 0.1247,
        "11": 0.1314,
        "01": 0.1196
    },
    "z0u1y1_z1y1": {
        "11": 0.4971,
        "01": 0.5029
    },
    "z0u2y1_z0u1y0": {
        "00": 0.251,
        "10": 0.2494
    },
    "z1y1_z0u3y1": {
        "00": 0.1279,
        "10": 0.12295,
        "11": 0.123,
        "01": 0.12705
    },
    "z1y0_z0u3y1": {
        "00": 0.1279,
        "10": 0.12295,
        "11": 0.123,
        "01": 0.12705
    },
    "z0u1y0_z1y0": {
        "00": 0.5034,
        "10": 0.4966
    },
    "z0u1y1_z1y0": {},
    "z0u1y1_z0u2y1": {
        "11": 0.249,
        "01": 0.2465
    },
    "z0u2y0_z0u1y0": {
        "00": 0.2459,
        "10": 0.2501
    },
    "z0u1y0_z0u2y1": {
        "00": 0.2462,
        "10": 0.2435
    },
    "z1y1_z0u2y0": {
        "00": 0.1276,
        "10": 0.1228,
        "11": 0.1232,
        "01": 0.12795
    },
    "z0u2y0_z0u1y1": {
        "11": 0.251,
        "01": 0.253
    },
    "z0u1y0_z0u2y0": {
        "00": 0.2559,
        "10": 0.2544
    },
    "z1y0_z0u1y1": {
        "11": 0.2492,
        "01": 0.2508
    },
    "z0u3y0_z0u2y1": {
        "00": 0.125,
        "10": 0.1347,
        "11": 0.1244,
        "01": 0.1225
    },
    "z1y0_z1y1": {
        "11": 0.2518,
        "01": 0.2482
    },
    "z0u1y1_z0u1y0": {},
    "z0u3y1_z0u3y1": {
        "00": 0.1221,
        "10": 0.1232,
        "11": 0.1245,
        "01": 0.1264
    },
    "z1y1_z1y0": {
        "00": 0.2487,
        "10": 0.2513
    },
    "z0u3y1_z0u1y0": {
        "00": 0.2511,
        "10": 0.2509
    },
    "z1y1_z0u1y1": {
        "11": 0.2492,
        "01": 0.2508
    },
    "z1y0_z1y0": {
        "00": 0.2487,
        "10": 0.2513
    },
    "z0u2y1_z1y1": {
        "11": 0.2469,
        "01": 0.2511
    },
    "z0u1y1_z0u1y1": {
        "11": 0.4951,
        "01": 0.5049
    },
    "z0u2y1_z0u1y1": {
        "11": 0.2533,
        "01": 0.2463
    },
    "z0u3y1_z0u2y0": {
        "00": 0.1273,
        "10": 0.1271,
        "11": 0.123,
        "01": 0.1248
    },
    "z1y1_z1y1": {
        "11": 0.2518,
        "01": 0.2482
    },
    "z0u3y0_z0u1y0": {
        "00": 0.2393,
        "10": 0.2523
    },
    "z0u2y0_z0u3y1": {
        "00": 0.1244,
        "10": 0.1243,
        "11": 0.1255,
        "01": 0.1254
    },
    "z0u3y0_z0u3y1": {
        "00": 0.1268,
        "10": 0.1259,
        "11": 0.1271,
        "01": 0.1215
    },
    "z0u3y0_z1y1": {
        "11": 0.251,
        "01": 0.251
    },
    "z1y0_z0u2y0": {
        "00": 0.1276,
        "10": 0.1228,
        "11": 0.1232,
        "01": 0.12795
    },
    "z1y0_z0u2y1": {
        "00": 0.1234,
        "10": 0.1262,
        "11": 0.12365,
        "01": 0.1252
    },
    "z0u1y1_z0u2y0": {
        "11": 0.2537,
        "01": 0.2508
    },
    "z0u3y0_z0u1y1": {
        "11": 0.2527,
        "01": 0.2557
    },
    "z0u2y0_z1y0": {
        "00": 0.2507,
        "10": 0.2522
    },
    "z0u3y1_z1y1": {
        "11": 0.2436,
        "01": 0.2472
    },
    "z0u1y0_z0u3y1": {
        "00": 0.2454,
        "10": 0.2521
    },
    "z0u2y1_z0u2y0": {
        "00": 0.126,
        "10": 0.1231,
        "11": 0.129,
        "01": 0.1226
    },
    "z0u2y1_z0u2y1": {
        "00": 0.1253,
        "10": 0.126,
        "11": 0.1236,
        "01": 0.1244
    },
    "z0u1y0_z0u1y0": {
        "00": 0.5041,
        "10": 0.4959
    },
    "z0u2y0_z0u2y1": {
        "00": 0.1231,
        "10": 0.1268,
        "11": 0.1213,
        "01": 0.124
    },
    "z0u3y1_z1y0": {
        "00": 0.2585,
        "10": 0.2507
    },
    "z0u2y1_z1y0": {
        "00": 0.2535,
        "10": 0.2485
    },
    "z1y1_z0u3y0": {
        "00": 0.12535,
        "10": 0.1238,
        "11": 0.1262,
        "01": 0.12375
    },
    "z1y0_z0u3y0": {
        "00": 0.12535,
        "10": 0.1238,
        "11": 0.1262,
        "01": 0.12375
    },
    "z1y1_z0u1y0": {
        "00": 0.2477,
        "10": 0.2523
    },
    "z0u3y0_z0u2y0": {
        "00": 0.1214,
        "10": 0.1229,
        "11": 0.1238,
        "01": 0.1253
    },
    "z0u1y0_z1y1": {},
    "z0u1y0_z0u3y0": {
        "00": 0.2475,
        "10": 0.255
    }
}
