{
    "z0u3y1_z0u1y1": {
        "11": 0.2568,
        "01": 0.2455
    },
    "z0u2y0_z0u2y0": {
        "00": 0.1231,
        "10": 0.1234,
        "11": 0.1251,
        "01": 0.1235
    },
    "z1y1_z0u2y1": {
        "00": 0.12515,
        "10": 0.12345,
        "11": 0.12255,
        "01": 0.12235
    },
    "z0u1y0_z0u1y1": {},
    "z0u3y0_z0u3y0": {
        "00": 0.131,
        "10": 0.124,
        "11": 0.1246,
        "01": 0.1218
    },
    "z1y0_z0u1y0": {
        "00": 0.2518,
        "10": 0.2482
    },
    "z0u3y0_z1y0": {
        "00": 0.2526,
        "10": 0.2513
    },
    "z0u3y1_z0u3y0": {
        "00": 0.1263,
        "10": 0.1317,
        "11": 0.1193,
        "01": 0.1249
    },
    "z0u2y0_z1y1": {
        "11": 0.2573,
        "01": 0.2484
    },
    "z0u2y1_z0u3y1": {
        "00": 0.1186,
        "10": 0.124,
        "11": 0.1266,
        "01": 0.13
    },
    "z0u3y1_z0u2y1": {
        "00": 0.1235,
        "10": 0.1257,
        "11": 0.1297,
        "01": 0.1316
    },
    "z0u2y0_z0u3y0": {
        "00": 0.1246,
        "10": 0.1237,
        "11": 0.1245,
        "01": 0.1269
    },
    "z0u1y1_z0u3y0": {
        "11": 0.2491,
        "01": 0.2529
    },
    "z0u1y1_z0u3y1": {
        "11": 0.2536,
        "01": 0.2444
    },
    "z0u2y1_z0u3y0": {
        "00": 0.12,
        "10": 0.1323,
        "11": 0.1201,
        "01": 0.1284
    },
    "z0u1y1_z1y1": {
        "11": 0.4944,
        "01": 0.5056
    },
    "z0u2y1_z0u1y0": {
        "00": 0.2451,
        "10": 0.2509
    },
    "z1y1_z0u3y1": {
        "00": 0.1261,
        "10": 0.12795,
        "11": 0.1242,
        "01": 0.1242
    },
    "z1y0_z0u3y1": {
        "00": 0.1261,
        "10": 0.12795,
        "11": 0.1242,
        "01": 0.1242
    },
    "z0u1y0_z1y0": {
        "00": 0.4983,
        "10": 0.5017
    },
    "z0u1y1_z1y0": {},
    "z0u1y1_z0u2y1": {
        "11": 0.2449,
        "01": 0.2523
    },
    "z0u2y0_z0u1y0": {
        "00": 0.2497,
        "10": 0.2469
    },
    "z0u1y0_z0u2y1": {
        "00": 0.2482,
        "10": 0.2541
    },
    "z1y1_z0u2y0": {
        "00": 0.1263,
        "10": 0.1251,
        "11": 0.12955,
        "01": 0.12555
    },
    "z0u2y0_z0u1y1": {
        "11": 0.2492,
        "01": 0.2542
    },
    "z0u1y0_z0u2y0": {
        "00": 0.2547,
        "10": 0.243
    },
    "z1y0_z0u1y1": {
        "11": 0.25095,
        "01": 0.24905
    },
    "z0u3y0_z0u2y1": {
        "00": 0.1255,
        "10": 0.1262,
        "11": 0.1212,
        "01": 0.1236
    },
    "z1y0_z1y1": {
        "11": 0.25065,
        "01": 0.24935
    },
    "z0u1y1_z0u1y0": {},
    "z0u3y1_z0u3y1": {
        "00": 0.1229,
        "10": 0.1217,
        "11": 0.1284,
        "01": 0.1248
    },
    "z1y1_z1y0": {
        "00": 0.2512,
        "10": 0.2488
    },
    "z0u3y1_z0u1y0": {
        "00": 0.2505,
        "10": 0.2472
    },
    "z1y1_z0u1y1": {
        "11": 0.25095,
        "01": 0.24905
    },
    "z1y0_z1y0": {
        "00": 0.2512,
        "10": 0.2488
    },
    "z0u2y1_z1y1": {
        "11": 0.2534,
        "01": 0.2548
    },
    "z0u1y1_z0u1y1": {
        "11": 0.4988,
        "01": 0.5012
    },
    "z0u2y1_z0u1y1": {
        "11": 0.2538,
        "01": 0.2502
    },
    "z0u3y1_z0u2y0": {
        "00": 0.126,
        "10": 0.119,
        "11": 0.1231,
        "01": 0.1214
    },
    "z1y1_z1y1": {
        "11": 0.25065,
        "01": 0.24935
    },
    "z0u3y0_z0u1y0": {
        "00": 0.2459,
        "10": 0.2573
    },
    "z0u2y0_z0u3y1": {
        "00": 0.128,
        "10": 0.1243,
        "11": 0.1257,
        "01": 0.1223
    },
    "z0u3y0_z0u3y1": {
        "00": 0.1221,
        "10": 0.1264,
        "11": 0.1259,
        "01": 0.1242
    },
    "z0u3y0_z1y1": {
        "11": 0.2442,
        "01": 0.2519
    },
    "z1y0_z0u2y0": {
        "00": 0.1263,
        "10": 0.1251,
        "11": 0.12955,
        "01": 0.12555
    },
    "z1y0_z0u2y1": {
        "00": 0.12515,
        "10": 0.12345,
        "11": 0.12255,
        "01": 0.12235
    },
    "z0u1y1_z0u2y0": {
        "11": 0.2509,
        "01": 0.2519
    },
    "z0u3y0_z0u1y1": {
        "11": 0.2454,
        "01": 0.2514
    },
    "z0u2y0_z1y0": {
        "00": 0.2485,
        "10": 0.2458
    },
    "z0u3y1_z1y1": {
        "11": 0.2535,
        "01": 0.248
    },
    "z0u1y0_z0u3y1": {
        "00": 0.249,
        "10": 0.2531
    },
    "z0u2y1_z0u2y0": {
        "00": 0.1326,
        "10": 0.1219,
        "11": 0.1242,
        "01": 0.1246
    },
    "z0u2y1_z0u2y1": {
        "00": 0.1215,
        "10": 0.1258,
        "11": 0.1207,
        "01": 0.1287
    },
    "z0u1y0_z0u1y0": {
        "00": 0.4943,
        "10": 0.5057
    },
    "z0u2y0_z0u2y1": {
        "00": 0.1317,
        "10": 0.125,
        "11": 0.1196,
        "01": 0.1286
    },
    "z0u3y1_z1y0": {
        "00": 0.2534,
        "10": 0.2451
    },
    "z0u2y1_z1y0": {
        "00": 0.2454,
        "10": 0.2464
    },
    "z1y1_z0u3y0": {
        "00": 0.12255,
        "10": 0.1234,
        "11": 0.12725,
        "01": 0.12435
    },
    "z1y0_z0u3y0": {
        "00": 0.12255,
        "10": 0.1234,
        "11": 0.12725,
        "01": 0.12435
    },
    "z1y1_z0u1y0": {
        "00": 0.2518,
        "10": 0.2482
    },
    "z0u3y0_z0u2y0": {
        "00": 0.1201,
        "10": 0.1292,
        "11": 0.1248,
        "01": 0.1294
    },
    "z0u1y0_z1y1": {},
    "z0u1y0_z0u3y0": {
        "00": 0.2495,
        "10": 0.2484
    }
}
