{
    "z0u3y1_z0u1y1": {
        "10": 0.2512,
        "11": 0.2503
    },
    "z0u2y0_z0u2y0": {
        "00": 0.1246,
        "10": 0.1219,
        "11": 0.1256,
        "01": 0.1296
    },
    "z1y1_z0u2y1": {
        "00": 0.1241,
        "10": 0.1241,
        "11": 0.1226,
        "01": 0.126
    },
    "z0u1y0_z0u1y1": {},
    "z0u3y0_z0u3y0": {
        "00": 0.122,
        "10": 0.1206,
        "11": 0.1256,
        "01": 0.1275
    },
    "z1y0_z0u1y0": {
        "00": 0.24875,
        "01": 0.25125
    },
    "z0u3y0_z1y0": {
        "00": 0.2499,
        "01": 0.2523
    },
    "z0u3y1_z0u3y0": {
        "00": 0.1133,
        "10": 0.1203,
        "11": 0.1266,
        "01": 0.1265
    },
    "z0u2y0_z1y1": {
        "10": 0.2462,
        "11": 0.2593
    },
    "z0u2y1_z0u3y1": {
        "00": 0.1263,
        "10": 0.1242,
        "11": 0.1257,
        "01": 0.1232
    },
    "z0u3y1_z0u2y1": {
        "00": 0.127,
        "10": 0.128,
        "11": 0.1235,
        "01": 0.1258
    },
    "z0u2y0_z0u3y0": {
        "00": 0.1272,
        "10": 0.1207,
        "11": 0.126,
        "01": 0.1271
    },
    "z0u1y1_z0u3y0": {
        "10": 0.2417,
        "11": 0.2475
    },
    "z0u1y1_z0u3y1": {
        "10": 0.2564,
        "11": 0.2544
    },
    "z0u2y1_z0u3y0": {
        "00": 0.1272,
        "10": 0.1228,
        "11": 0.1255,
        "01": 0.1251
    },
    "z0u1y1_z1y1": {
        "10": 0.4953,
        "11": 0.5047
    },
    "z0u2y1_z0u1y0": {
        "00": 0.2522,
        "01": 0.2517
    },
    "z1y1_z0u3y1": {
        "00": 0.12455,
        "10": 0.12185,
        "11": 0.1257,
        "01": 0.1251
    },
    "z1y0_z0u3y1": {
        "00": 0.12455,
        "10": 0.12185,
        "11": 0.1257,
        "01": 0.1251
    },
    "z0u1y0_z1y0": {
        "00": 0.4923,
        "01": 0.5077
    },
    "z0u1y1_z1y0": {},
    "z0u1y1_z0u2y1": {
        "10": 0.2443,
        "11": 0.2523
    },
    "z0u2y0_z0u1y0": {
        "00": 0.246,
        "01": 0.2523
    },
    "z0u1y0_z0u2y1": {
        "00": 0.2473,
        "01": 0.2471
    },
    "z1y1_z0u2y0": {
        "00": 0.124,
        "10": 0.12885,
        "11": 0.12445,
        "01": 0.1259
    },
    "z0u2y0_z0u1y1": {
        "10": 0.2437,
        "11": 0.258
    },
    "z0u1y0_z0u2y0": {
        "00": 0.2485,
        "01": 0.2571
    },
    "z1y0_z0u1y1": {
        "10": 0.2511,
        "11": 0.2489
    },
    "z0u3y0_z0u2y1": {
        "00": 0.1211,
        "10": 0.1262,
        "11": 0.1223,
        "01": 0.1235
    },
    "z1y0_z1y1": {
        "10": 0.2491,
        "11": 0.2509
    },
    "z0u1y1_z0u1y0": {},
    "z0u3y1_z0u3y1": {
        "00": 0.126,
        "10": 0.1287,
        "11": 0.1303,
        "01": 0.1283
    },
    "z1y1_z1y0": {
        "00": 0.25255,
        "01": 0.24745
    },
    "z0u3y1_z0u1y0": {
        "00": 0.2506,
        "01": 0.2479
    },
    "z1y1_z0u1y1": {
        "10": 0.2511,
        "11": 0.2489
    },
    "z1y0_z1y0": {
        "00": 0.25255,
        "01": 0.24745
    },
    "z0u2y1_z1y1": {
        "10": 0.2516,
        "11": 0.2544
    },
    "z0u1y1_z0u1y1": {
        "10": 0.5026,
        "11": 0.4974
    },
    "z0u2y1_z0u1y1": {
        "10": 0.253,
        "11": 0.2431
    },
    "z0u3y1_z0u2y0": {
        "00": 0.124,
        "10": 0.1196,
        "11": 0.1272,
        "01": 0.1249
    },
    "z1y1_z1y1": {
        "10": 0.2491,
        "11": 0.2509
    },
    "z0u3y0_z0u1y0": {
        "00": 0.2367,
        "01": 0.2659
    },
    "z0u2y0_z0u3y1": {
        "00": 0.1256,
        "10": 0.1202,
        "11": 0.1288,
        "01": 0.1244
    },
    "z0u3y0_z0u3y1": {
        "00": 0.1216,
        "10": 0.1287,
        "11": 0.1295,
        "01": 0.1245
    },
    "z0u3y0_z1y1": {
        "10": 0.2416,
        "11": 0.2562
    },
    "z1y0_z0u2y0": {
        "00": 0.124,
        "10": 0.12885,
        "11": 0.12445,
        "01": 0.1259
    },
    "z1y0_z0u2y1": {
        "00": 0.1241,
        "10": 0.1241,
        "11": 0.1226,
        "01": 0.126
    },
    "z0u1y1_z0u2y0": {
        "10": 0.2492,
        "11": 0.2542
    },
    "z0u3y0_z0u1y1": {
        "10": 0.2472,
        "11": 0.2502
    },
    "z0u2y0_z1y0": {
        "00": 0.2459,
        "01": 0.2486
    },
    "z0u3y1_z1y1": {
        "10": 0.2525,
        "11": 0.2505
    },
    "z0u1y0_z0u3y1": {
        "00": 0.2561,
        "01": 0.2498
    },
    "z0u2y1_z0u2y0": {
        "00": 0.124,
        "10": 0.1238,
        "11": 0.1281,
        "01": 0.1251
    },
    "z0u2y1_z0u2y1": {
        "00": 0.1246,
        "10": 0.1288,
        "11": 0.1187,
        "01": 0.1269
    },
    "z0u1y0_z0u1y0": {
        "00": 0.5005,
        "01": 0.4995
    },
    "z0u2y0_z0u2y1": {
        "00": 0.122,
        "10": 0.1249,
        "11": 0.1274,
        "01": 0.124
    },
    "z0u3y1_z1y0": {
        "00": 0.2499,
        "01": 0.2471
    },
    "z0u2y1_z1y0": {
        "00": 0.2493,
        "01": 0.2447
    },
    "z1y1_z0u3y0": {
        "00": 0.12855,
        "10": 0.128,
        "11": 0.12445,
        "01": 0.1218
    },
    "z1y0_z0u3y0": {
        "00": 0.12855,
        "10": 0.128,
        "11": 0.12445,
        "01": 0.1218
    },
    "z1y1_z0u1y0": {
        "00": 0.24875,
        "01": 0.25125
    },
    "z0u3y0_z0u2y0": {
        "00": 0.1301,
        "10": 0.1274,
        "11": 0.1268,
        "01": 0.1226
    },
    "z0u1y0_z1y1": {},
    "z0u1y0_z0u3y0": {
        "00": 0.2444,
        "01": 0.2497
    }
}
