{
    "z0u3y1_z0u1y1": {
        "11": 0.2437,
        "01": 0.2472
    },
    "z0u2y0_z0u2y0": {
        "00": 0.1261,
        "10": 0.1281,
        "11": 0.1223,
        "01": 0.1209
    },
    "z1y1_z0u2y1": {
        "00": 0.12485,
        "10": 0.12535,
        "11": 0.12405,
        "01": 0.12805
    },
    "z0u1y0_z0u1y1": {},
    "z0u3y0_z0u3y0": {
        "00": 0.1275,
        "10": 0.124,
        "11": 0.1184,
        "01": 0.1232
    },
    "z1y0_z0u1y0": {
        "00": 0.2512,
        "10": 0.2488
    },
    "z0u3y0_z1y0": {
        "00": 0.252,
        "10": 0.2503
    },
    "z0u3y1_z0u3y0": {
        "00": 0.1229,
        "10": 0.1248,
        "11": 0.1278,
        "01": 0.1222
    },
    "z0u2y0_z1y1": {
        "11": 0.2501,
        "01": 0.25
    },
    "z0u2y1_z0u3y1": {
        "00": 0.1299,
        "10": 0.1261,
        "11": 0.1266,
        "01": 0.1241
    },
    "z0u3y1_z0u2y1": {
        "00": 0.1214,
        "10": 0.1248,
        "11": 0.1287,
        "01": 0.1299
    },
    "z0u2y0_z0u3y0": {
        "00": 0.1248,
        "10": 0.1216,
        "11": 0.1263,
        "01": 0.1256
    },
    "z0u1y1_z0u3y0": {
        "11": 0.2429,
        "01": 0.25
    },
    "z0u1y1_z0u3y1": {
        "11": 0.2521,
        "01": 0.255
    },
    "z0u2y1_z0u3y0": {
        "00": 0.1263,
        "10": 0.1215,
        "11": 0.1254,
        "01": 0.1201
    },
    "z0u1y1_z1y1": {
        "11": 0.4978,
        "01": 0.5022
    },
    "z0u2y1_z0u1y0": {
        "00": 0.2493,
        "10": 0.2421
    },
    "z1y1_z0u3y1": {
        "00": 0.12375,
        "10": 0.12425,
        "11": 0.1254,
        "01": 0.12615
    },
    "z1y0_z0u3y1": {
        "00": 0.12375,
        "10": 0.12425,
        "11": 0.1254,
        "01": 0.12615
    },
    "z0u1y0_z1y0": {
        "00": 0.4952,
        "10": 0.5048
    },
    "z0u1y1_z1y0": {},
    "z0u1y1_z0u2y1": {
        "11": 0.2478,
        "01": 0.2519
    },
    "z0u2y0_z0u1y0": {
        "00": 0.2456,
        "10": 0.2488
    },
    "z0u1y0_z0u2y1": {
        "00": 0.2489,
        "10": 0.2528
    },
    "z1y1_z0u2y0": {
        "00": 0.12475,
        "10": 0.12505,
        "11": 0.1239,
        "01": 0.124
    },
    "z0u2y0_z0u1y1": {
        "11": 0.2559,
        "01": 0.2497
    },
    "z0u1y0_z0u2y0": {
        "00": 0.2521,
        "10": 0.2462
    },
    "z1y0_z0u1y1": {
        "11": 0.24795,
        "01": 0.25205
    },
    "z0u3y0_z0u2y1": {
        "00": 0.1293,
        "10": 0.1225,
        "11": 0.1259,
        "01": 0.1241
    },
    "z1y0_z1y1": {
        "11": 0.24795,
        "01": 0.25205
    },
    "z0u1y1_z0u1y0": {},
    "z0u3y1_z0u3y1": {
        "00": 0.1312,
        "10": 0.1237,
        "11": 0.1237,
        "01": 0.1237
    },
    "z1y1_z1y0": {
        "00": 0.2491,
        "10": 0.2509
    },
    "z0u3y1_z0u1y0": {
        "00": 0.2587,
        "10": 0.2504
    },
    "z1y1_z0u1y1": {
        "11": 0.24795,
        "01": 0.25205
    },
    "z1y0_z1y0": {
        "00": 0.2491,
        "10": 0.2509
    },
    "z0u2y1_z1y1": {
        "11": 0.2499,
        "01": 0.247
    },
    "z0u1y1_z0u1y1": {
        "11": 0.5041,
        "01": 0.4959
    },
    "z0u2y1_z0u1y1": {
        "11": 0.2569,
        "01": 0.2517
    },
    "z0u3y1_z0u2y0": {
        "00": 0.1239,
        "10": 0.1214,
        "11": 0.1251,
        "01": 0.1248
    },
    "z1y1_z1y1": {
        "11": 0.24795,
        "01": 0.25205
    },
    "z0u3y0_z0u1y0": {
        "00": 0.2562,
        "10": 0.2467
    },
    "z0u2y0_z0u3y1": {
        "00": 0.1138,
        "10": 0.1272,
        "11": 0.1306,
        "01": 0.1301
    },
    "z0u3y0_z0u3y1": {
        "00": 0.1184,
        "10": 0.1294,
        "11": 0.128,
        "01": 0.1311
    },
    "z0u3y0_z1y1": {
        "11": 0.2472,
        "01": 0.2505
    },
    "z1y0_z0u2y0": {
        "00": 0.12475,
        "10": 0.12505,
        "11": 0.1239,
        "01": 0.124
    },
    "z1y0_z0u2y1": {
        "00": 0.12485,
        "10": 0.12535,
        "11": 0.12405,
        "01": 0.12805
    },
    "z0u1y1_z0u2y0": {
        "11": 0.2538,
        "01": 0.2465
    },
    "z0u3y0_z0u1y1": {
        "11": 0.2454,
        "01": 0.2517
    },
    "z0u2y0_z1y0": {
        "00": 0.2493,
        "10": 0.2506
    },
    "z0u3y1_z1y1": {
        "11": 0.2488,
        "01": 0.2529
    },
    "z0u1y0_z0u3y1": {
        "00": 0.2501,
        "10": 0.2468
    },
    "z0u2y1_z0u2y0": {
        "00": 0.1266,
        "10": 0.1219,
        "11": 0.1262,
        "01": 0.1231
    },
    "z0u2y1_z0u2y1": {
        "00": 0.1296,
        "10": 0.1278,
        "11": 0.1219,
        "01": 0.1229
    },
    "z0u1y0_z0u1y0": {
        "00": 0.496,
        "10": 0.504
    },
    "z0u2y0_z0u2y1": {
        "00": 0.127,
        "10": 0.1271,
        "11": 0.1259,
        "01": 0.1226
    },
    "z0u3y1_z1y0": {
        "00": 0.2485,
        "10": 0.2498
    },
    "z0u2y1_z1y0": {
        "00": 0.2534,
        "10": 0.2497
    },
    "z1y1_z0u3y0": {
        "00": 0.12445,
        "10": 0.12755,
        "11": 0.12555,
        "01": 0.1229
    },
    "z1y0_z0u3y0": {
        "00": 0.12445,
        "10": 0.12755,
        "11": 0.12555,
        "01": 0.1229
    },
    "z1y1_z0u1y0": {
        "00": 0.2512,
        "10": 0.2488
    },
    "z0u3y0_z0u2y0": {
        "00": 0.123,
        "10": 0.1301,
        "11": 0.124,
        "01": 0.1211
    },
    "z0u1y0_z1y1": {},
    "z0u1y0_z0u3y0": {
        "00": 0.254,
        "10": 0.2491
    }
}
