{
    "z0u3y1_z0u1y1": {
        "10": 0.2491,
        "11": 0.2496
    },
    "z0u2y0_z0u2y0": {
        "00": 0.1172,
        "10": 0.1234,
        "11": 0.1279,
        "01": 0.1232
    },
    "z1y1_z0u2y1": {
        "00": 0.12555,
        "10": 0.12485,
        "11": 0.1234,
        "01": 0.1226
    },
    "z0u1y0_z0u1y1": {},
    "z0u3y0_z0u3y0": {
        "00": 0.1239,
        "10": 0.1253,
        "11": 0.1337,
        "01": 0.1217
    },
    "z1y0_z0u1y0": {
        "00": 0.2549,
        "01": 0.2451
    },
    "z0u3y0_z1y0": {
        "00": 0.2482,
        "01": 0.2486
    },
    "z0u3y1_z0u3y0": {
        "00": 0.1243,
        "10": 0.1221,
        "11": 0.1301,
        "01": 0.12
    },
    "z0u2y0_z1y1": {
        "10": 0.2501,
        "11": 0.2532
    },
    "z0u2y1_z0u3y1": {
        "00": 0.1222,
        "10": 0.1252,
        "11": 0.1275,
        "01": 0.1229
    },
    "z0u3y1_z0u2y1": {
        "00": 0.128,
        "10": 0.1268,
        "11": 0.126,
        "01": 0.122
    },
    "z0u2y0_z0u3y0": {
        "00": 0.1272,
        "10": 0.1235,
        "11": 0.1257,
        "01": 0.1266
    },
    "z0u1y1_z0u3y0": {
        "10": 0.2516,
        "11": 0.2504
    },
    "z0u1y1_z0u3y1": {
        "10": 0.247,
        "11": 0.251
    },
    "z0u2y1_z0u3y0": {
        "00": 0.1249,
        "10": 0.1262,
        "11": 0.1253,
        "01": 0.1258
    },
    "z0u1y1_z1y1": {
        "10": 0.4993,
        "11": 0.5007
    },
    "z0u2y1_z0u1y0": {
        "00": 0.2454,
        "01": 0.2485
    },
    "z1y1_z0u3y1": {
        "00": 0.1287,
        "10": 0.12305,
        "11": 0.13195,
        "01": 0.12375
    },
    "z1y0_z0u3y1": {
        "00": 0.1287,
        "10": 0.12305,
        "11": 0.13195,
        "01": 0.12375
    },
    "z0u1y0_z1y0": {
        "00": 0.4967,
        "01": 0.5033
    },
    "z0u1y1_z1y0": {},
    "z0u1y1_z0u2y1": {
        "10": 0.244,
        "11": 0.257
    },
    "z0u2y0_z0u1y0": {
        "00": 0.2532,
        "01": 0.2499
    },
    "z0u1y0_z0u2y1": {
        "00": 0.2471,
        "01": 0.2473
    },
    "z1y1_z0u2y0": {
        "00": 0.12695,
        "10": 0.1239,
        "11": 0.12785,
        "01": 0.1249
    },
    "z0u2y0_z0u1y1": {
        "10": 0.2475,
        "11": 0.2494
    },
    "z0u1y0_z0u2y0": {
        "00": 0.2469,
        "01": 0.2587
    },
    "z1y0_z0u1y1": {
        "10": 0.24825,
        "11": 0.25175
    },
    "z0u3y0_z0u2y1": {
        "00": 0.1282,
        "10": 0.1254,
        "11": 0.129,
        "01": 0.1224
    },
    "z1y0_z1y1": {
        "10": 0.2516,
        "11": 0.2484
    },
    "z0u1y1_z0u1y0": {},
    "z0u3y1_z0u3y1": {
        "00": 0.1271,
        "10": 0.1251,
        "11": 0.1238,
        "01": 0.1275
    },
    "z1y1_z1y0": {
        "00": 0.2485,
        "01": 0.2515
    },
    "z0u3y1_z0u1y0": {
        "00": 0.2494,
        "01": 0.2519
    },
    "z1y1_z0u1y1": {
        "10": 0.24825,
        "11": 0.25175
    },
    "z1y0_z1y0": {
        "00": 0.2485,
        "01": 0.2515
    },
    "z0u2y1_z1y1": {
        "10": 0.2541,
        "11": 0.2499
    },
    "z0u1y1_z0u1y1": {
        "10": 0.5092,
        "11": 0.4908
    },
    "z0u2y1_z0u1y1": {
        "10": 0.2502,
        "11": 0.2559
    },
    "z0u3y1_z0u2y0": {
        "00": 0.1216,
        "10": 0.1311,
        "11": 0.1216,
        "01": 0.1229
    },
    "z1y1_z1y1": {
        "10": 0.2516,
        "11": 0.2484
    },
    "z0u3y0_z0u1y0": {
        "00": 0.247,
        "01": 0.2526
    },
    "z0u2y0_z0u3y1": {
        "00": 0.122,
        "10": 0.1253,
        "11": 0.1244,
        "01": 0.1253
    },
    "z0u3y0_z0u3y1": {
        "00": 0.1253,
        "10": 0.1212,
        "11": 0.1244,
        "01": 0.1245
    },
    "z0u3y0_z1y1": {
        "10": 0.2521,
        "11": 0.2511
    },
    "z1y0_z0u2y0": {
        "00": 0.12695,
        "10": 0.1239,
        "11": 0.12785,
        "01": 0.1249
    },
    "z1y0_z0u2y1": {
        "00": 0.12555,
        "10": 0.12485,
        "11": 0.1234,
        "01": 0.1226
    },
    "z0u1y1_z0u2y0": {
        "10": 0.2489,
        "11": 0.2501
    },
    "z0u3y0_z0u1y1": {
        "10": 0.2491,
        "11": 0.2513
    },
    "z0u2y0_z1y0": {
        "00": 0.2475,
        "01": 0.2492
    },
    "z0u3y1_z1y1": {
        "10": 0.2469,
        "11": 0.2457
    },
    "z0u1y0_z0u3y1": {
        "00": 0.2551,
        "01": 0.2488
    },
    "z0u2y1_z0u2y0": {
        "00": 0.123,
        "10": 0.1275,
        "11": 0.1283,
        "01": 0.1253
    },
    "z0u2y1_z0u2y1": {
        "00": 0.1201,
        "10": 0.1238,
        "11": 0.1225,
        "01": 0.1295
    },
    "z0u1y0_z0u1y0": {
        "00": 0.4997,
        "01": 0.5003
    },
    "z0u2y0_z0u2y1": {
        "00": 0.1292,
        "10": 0.1312,
        "11": 0.1222,
        "01": 0.1257
    },
    "z0u3y1_z1y0": {
        "00": 0.2573,
        "01": 0.2501
    },
    "z0u2y1_z1y0": {
        "00": 0.2541,
        "01": 0.2419
    },
    "z1y1_z0u3y0": {
        "00": 0.12885,
        "10": 0.12115,
        "11": 0.12385,
        "01": 0.1187
    },
    "z1y0_z0u3y0": {
        "00": 0.12885,
        "10": 0.12115,
        "11": 0.12385,
        "01": 0.1187
    },
    "z1y1_z0u1y0": {
        "00": 0.2549,
        "01": 0.2451
    },
    "z0u3y0_z0u2y0": {
        "00": 0.1255,
        "10": 0.1273,
        "11": 0.1197,
        "01": 0.1225
    },
    "z0u1y0_z1y1": {},
    "z0u1y0_z0u3y0": {
        "00": 0.2477,
        "01": 0.2484
    }
}
