{
    "z0u3y1_z0u1y1": {
        "00": 0.1237,
        "10": 0.1286,
        "11": 0.1274,
        "01": 0.1222
    },
    "z0u2y0_z0u2y0": {
        "00": 0.1237,
        "10": 0.1223,
        "11": 0.1247,
        "01": 0.124
    },
    "z1y1_z0u2y1": {
        "00": 0.1236,
        "10": 0.12785,
        "11": 0.12155,
        "01": 0.1257
    },
    "z0u1y0_z0u1y1": {},
    "z0u3y0_z0u3y0": {
        "00": 0.1283,
        "10": 0.128,
        "11": 0.1271,
        "01": 0.1265
    },
    "z1y0_z0u1y0": {
        "00": 0.1253,
        "10": 0.1254,
        "11": 0.12615,
        "01": 0.12315
    },
    "z0u3y0_z1y0": {
        "00": 0.1206,
        "10": 0.1223,
        "11": 0.1241,
        "01": 0.1297
    },
    "z0u3y1_z0u3y0": {
        "00": 0.1244,
        "10": 0.1213,
        "11": 0.1269,
        "01": 0.1198
    },
    "z0u2y0_z1y1": {
        "00": 0.1248,
        "10": 0.1241,
        "11": 0.1224,
        "01": 0.1267
    },
    "z0u2y1_z0u3y1": {
        "00": 0.263,
        "11": 0.2462
    },
    "z0u3y1_z0u2y1": {
        "10": 0.247,
        "01": 0.2506
    },
    "z0u2y0_z0u3y0": {
        "00": 0.2597,
        "11": 0.2518
    },
    "z0u1y1_z0u3y0": {
        "00": 0.1284,
        "10": 0.1196,
        "11": 0.13,
        "01": 0.1223
    },
    "z0u1y1_z0u3y1": {
        "00": 0.1266,
        "10": 0.1263,
        "11": 0.1236,
        "01": 0.1232
    },
    "z0u2y1_z0u3y0": {
        "10": 0.2542,
        "01": 0.2366
    },
    "z0u1y1_z1y1": {
        "00": 0.2513,
        "10": 0.2502,
        "11": 0.249,
        "01": 0.2495
    },
    "z0u2y1_z0u1y0": {
        "00": 0.1259,
        "10": 0.1252,
        "11": 0.1258,
        "01": 0.1245
    },
    "z1y1_z0u3y1": {
        "00": 0.12125,
        "10": 0.1231,
        "11": 0.12855,
        "01": 0.1252
    },
    "z1y0_z0u3y1": {
        "00": 0.12125,
        "10": 0.1231,
        "11": 0.12855,
        "01": 0.1252
    },
    "z0u1y0_z1y0": {
        "00": 0.2459,
        "10": 0.2517,
        "11": 0.2478,
        "01": 0.2546
    },
    "z0u1y1_z1y0": {},
    "z0u1y1_z0u2y1": {
        "00": 0.1244,
        "10": 0.124,
        "11": 0.1262,
        "01": 0.1299
    },
    "z0u2y0_z0u1y0": {
        "00": 0.118,
        "10": 0.1213,
        "11": 0.1294,
        "01": 0.1269
    },
    "z0u1y0_z0u2y1": {
        "00": 0.1248,
        "10": 0.1198,
        "11": 0.1309,
        "01": 0.121
    },
    "z1y1_z0u2y0": {
        "00": 0.1255,
        "10": 0.1237,
        "11": 0.12505,
        "01": 0.12705
    },
    "z0u2y0_z0u1y1": {
        "00": 0.129,
        "10": 0.129,
        "11": 0.1226,
        "01": 0.1238
    },
    "z0u1y0_z0u2y0": {
        "00": 0.1248,
        "10": 0.1287,
        "11": 0.1261,
        "01": 0.1239
    },
    "z1y0_z0u1y1": {
        "00": 0.128,
        "10": 0.12835,
        "11": 0.12135,
        "01": 0.1223
    },
    "z0u3y0_z0u2y1": {
        "00": 0.2444,
        "11": 0.2557
    },
    "z1y0_z1y1": {
        "00": 0.1235,
        "10": 0.12185,
        "11": 0.1275,
        "01": 0.12715
    },
    "z0u1y1_z0u1y0": {},
    "z0u3y1_z0u3y1": {
        "00": 0.1303,
        "10": 0.1265,
        "11": 0.1224,
        "01": 0.1284
    },
    "z1y1_z1y0": {
        "00": 0.1256,
        "10": 0.1232,
        "11": 0.12495,
        "01": 0.12625
    },
    "z0u3y1_z0u1y0": {
        "00": 0.1289,
        "10": 0.1207,
        "11": 0.1251,
        "01": 0.1234
    },
    "z1y1_z0u1y1": {
        "00": 0.128,
        "10": 0.12835,
        "11": 0.12135,
        "01": 0.1223
    },
    "z1y0_z1y0": {
        "00": 0.1256,
        "10": 0.1232,
        "11": 0.12495,
        "01": 0.12625
    },
    "z0u2y1_z1y1": {
        "00": 0.1297,
        "10": 0.1286,
        "11": 0.1231,
        "01": 0.1238
    },
    "z0u1y1_z0u1y1": {
        "00": 0.2545,
        "10": 0.2434,
        "11": 0.2557,
        "01": 0.2464
    },
    "z0u2y1_z0u1y1": {
        "00": 0.1218,
        "10": 0.13,
        "11": 0.1229,
        "01": 0.1239
    },
    "z0u3y1_z0u2y0": {
        "00": 0.2526,
        "11": 0.2498
    },
    "z1y1_z1y1": {
        "00": 0.1235,
        "10": 0.12185,
        "11": 0.1275,
        "01": 0.12715
    },
    "z0u3y0_z0u1y0": {
        "00": 0.1225,
        "10": 0.1285,
        "11": 0.1212,
        "01": 0.1341
    },
    "z0u2y0_z0u3y1": {
        "10": 0.2409,
        "01": 0.2476
    },
    "z0u3y0_z0u3y1": {
        "00": 0.1219,
        "10": 0.1235,
        "11": 0.1202,
        "01": 0.1245
    },
    "z0u3y0_z1y1": {
        "00": 0.1266,
        "10": 0.1279,
        "11": 0.122,
        "01": 0.1268
    },
    "z1y0_z0u2y0": {
        "00": 0.1255,
        "10": 0.1237,
        "11": 0.12505,
        "01": 0.12705
    },
    "z1y0_z0u2y1": {
        "00": 0.1236,
        "10": 0.12785,
        "11": 0.12155,
        "01": 0.1257
    },
    "z0u1y1_z0u2y0": {
        "00": 0.1238,
        "10": 0.1213,
        "11": 0.1261,
        "01": 0.1243
    },
    "z0u3y0_z0u1y1": {
        "00": 0.1241,
        "10": 0.1248,
        "11": 0.1209,
        "01": 0.1239
    },
    "z0u2y0_z1y0": {
        "00": 0.129,
        "10": 0.1265,
        "11": 0.1243,
        "01": 0.1222
    },
    "z0u3y1_z1y1": {
        "00": 0.1239,
        "10": 0.1287,
        "11": 0.1273,
        "01": 0.1271
    },
    "z0u1y0_z0u3y1": {
        "00": 0.124,
        "10": 0.1233,
        "11": 0.1251,
        "01": 0.1255
    },
    "z0u2y1_z0u2y0": {
        "00": 0.129,
        "10": 0.1219,
        "11": 0.125,
        "01": 0.1254
    },
    "z0u2y1_z0u2y1": {
        "00": 0.1219,
        "10": 0.1235,
        "11": 0.1243,
        "01": 0.129
    },
    "z0u1y0_z0u1y0": {
        "00": 0.2548,
        "10": 0.2464,
        "11": 0.2602,
        "01": 0.2386
    },
    "z0u2y0_z0u2y1": {
        "00": 0.1283,
        "10": 0.1269,
        "11": 0.1245,
        "01": 0.1256
    },
    "z0u3y1_z1y0": {
        "00": 0.1221,
        "10": 0.12,
        "11": 0.1248,
        "01": 0.1261
    },
    "z0u2y1_z1y0": {
        "00": 0.1238,
        "10": 0.1198,
        "11": 0.1255,
        "01": 0.1257
    },
    "z1y1_z0u3y0": {
        "00": 0.1265,
        "10": 0.124,
        "11": 0.12705,
        "01": 0.12435
    },
    "z1y0_z0u3y0": {
        "00": 0.1265,
        "10": 0.124,
        "11": 0.12705,
        "01": 0.12435
    },
    "z1y1_z0u1y0": {
        "00": 0.1253,
        "10": 0.1254,
        "11": 0.12615,
        "01": 0.12315
    },
    "z0u3y0_z0u2y0": {
        "10": 0.2494,
        "01": 0.2505
    },
    "z0u1y0_z1y1": {},
    "z0u1y0_z0u3y0": {
        "00": 0.1294,
        "10": 0.1249,
        "11": 0.1242,
        "01": 0.1236
    }
}
