{
    "1": {
        "trAA": 2.972458827479299,
        "trBB": 2.972342752033415,
        "trAB": 2.9664937125735458,
        "fidelity": 0.9980126917481364
    },
    "2": {
        "trAA": 1.295019131108111,
        "trBB": 1.3007099015310162,
        "trAB": 1.2858626915851947,
        "fidelity": 0.990755017675457
    },
    "3": {
        "trAA": 0.7528711200478535,
        "trBB": 0.7534684944895664,
        "trAB": 0.7470619406512036,
        "fidelity": 0.9918905301127012
    },
    "4": {
        "trAA": 1.483192993965323,
        "trBB": 1.48376950363535,
        "trAB": 1.47809668489839,
        "fidelity": 0.9963703376752544
    },
    "5": {
        "trAA": 0.49864491787519405,
        "trBB": 0.4978180006626516,
        "trAB": 0.4940723815350235,
        "fidelity": 0.9916526595547046
    },
    "6": {
        "trAA": 0.5479220691467577,
        "trBB": 0.5481248371677854,
        "trAB": 0.5450016013357156,
        "fidelity": 0.9944859248671445
    },
    "7": {
        "trAA": 0.5170958600029264,
        "trBB": 0.5183498222370865,
        "trAB": 0.5134196752951226,
        "fidelity": 0.9916890100458616
    },
    "8": {
        "trAA": 0.5734040163259229,
        "trBB": 0.5736467714813597,
        "trAB": 0.5694713644834162,
        "fidelity": 0.9929314085997183
    },
    "9": {
        "trAA": 0.7538748683768806,
        "trBB": 0.7541093592335844,
        "trAB": 0.7477052045528887,
        "fidelity": 0.9916618488477036
    },
    "10": {
        "trAA": 1.0240148831689027,
        "trBB": 1.0255035024443409,
        "trAB": 1.0162999403053061,
        "fidelity": 0.9917453929800639
    }
}